<?xml version="1.0" encoding="UTF-8"?>
<gpx xmlns="http://www.topografix.com/GPX/1/1" xmlns:xsi="http://www.w3.org/2001/XMLSchema-instance" xsi:schemaLocation="http://www.topografix.com/GPX/1/1 http://www.topografix.com/GPX/1/1/gpx.xsd" version="1.1" creator="gpx.py -- https://github.com/tkrajina/gpxpy">
  <metadata>
    <name>Route Sculptor Demo: heart</name>
    <desc></desc>
  </metadata>
  <trk>
    <name>Route Sculptor Demo: heart</name>
    <trkseg>
      <trkpt lat="37.73744" lon="-122.450547">
      </trkpt>
      <trkpt lat="37.737406" lon="-122.450593">
      </trkpt>
      <trkpt lat="37.737322999999996" lon="-122.450729">
      </trkpt>
      <trkpt lat="37.737248" lon="-122.450873">
      </trkpt>
      <trkpt lat="37.736835" lon="-122.45167599999999">
      </trkpt>
      <trkpt lat="37.736796999999996" lon="-122.451735">
      </trkpt>
      <trkpt lat="37.736762999999996" lon="-122.451787">
      </trkpt>
      <trkpt lat="37.736716" lon="-122.451844">
      </trkpt>
      <trkpt lat="37.73674" lon="-122.451898">
      </trkpt>
      <trkpt lat="37.736778" lon="-122.451962">
      </trkpt>
      <trkpt lat="37.736824999999996" lon="-122.45201399999999">
      </trkpt>
      <trkpt lat="37.736878" lon="-122.452051">
      </trkpt>
      <trkpt lat="37.736939" lon="-122.452072">
      </trkpt>
      <trkpt lat="37.736999" lon="-122.452072">
      </trkpt>
      <trkpt lat="37.737065" lon="-122.45205">
      </trkpt>
      <trkpt lat="37.737665" lon="-122.451678">
      </trkpt>
      <trkpt lat="37.737758" lon="-122.45161999999999">
      </trkpt>
      <trkpt lat="37.73778" lon="-122.45168899999999">
      </trkpt>
      <trkpt lat="37.737784" lon="-122.451709">
      </trkpt>
      <trkpt lat="37.73779" lon="-122.451747">
      </trkpt>
      <trkpt lat="37.737797" lon="-122.45180099999999">
      </trkpt>
      <trkpt lat="37.737798" lon="-122.45192">
      </trkpt>
      <trkpt lat="37.737778" lon="-122.452029">
      </trkpt>
      <trkpt lat="37.737742" lon="-122.452154">
      </trkpt>
      <trkpt lat="37.737694" lon="-122.45227399999999">
      </trkpt>
      <trkpt lat="37.737639" lon="-122.452384">
      </trkpt>
      <trkpt lat="37.737584" lon="-122.452469">
      </trkpt>
      <trkpt lat="37.737539999999996" lon="-122.45252599999999">
      </trkpt>
      <trkpt lat="37.737518" lon="-122.452548">
      </trkpt>
      <trkpt lat="37.737494" lon="-122.45257199999999">
      </trkpt>
      <trkpt lat="37.736864" lon="-122.45321">
      </trkpt>
      <trkpt lat="37.736796999999996" lon="-122.453283">
      </trkpt>
      <trkpt lat="37.736742" lon="-122.453369">
      </trkpt>
      <trkpt lat="37.736717" lon="-122.45342">
      </trkpt>
      <trkpt lat="37.736698" lon="-122.453474">
      </trkpt>
      <trkpt lat="37.736683" lon="-122.45353399999999">
      </trkpt>
      <trkpt lat="37.736672" lon="-122.45359499999999">
      </trkpt>
      <trkpt lat="37.736667" lon="-122.453665">
      </trkpt>
      <trkpt lat="37.736668" lon="-122.453738">
      </trkpt>
      <trkpt lat="37.736677" lon="-122.453802">
      </trkpt>
      <trkpt lat="37.736764" lon="-122.453893">
      </trkpt>
      <trkpt lat="37.736858" lon="-122.45399099999999">
      </trkpt>
      <trkpt lat="37.736881" lon="-122.454016">
      </trkpt>
      <trkpt lat="37.736916" lon="-122.454055">
      </trkpt>
      <trkpt lat="37.737034" lon="-122.45418199999999">
      </trkpt>
      <trkpt lat="37.73708" lon="-122.45424">
      </trkpt>
      <trkpt lat="37.737111999999996" lon="-122.454308">
      </trkpt>
      <trkpt lat="37.737131" lon="-122.454376">
      </trkpt>
      <trkpt lat="37.73714" lon="-122.45445699999999">
      </trkpt>
      <trkpt lat="37.737142999999996" lon="-122.45476099999999">
      </trkpt>
      <trkpt lat="37.737152" lon="-122.45497499999999">
      </trkpt>
      <trkpt lat="37.73717" lon="-122.45517699999999">
      </trkpt>
      <trkpt lat="37.737207" lon="-122.45536799999999">
      </trkpt>
      <trkpt lat="37.737254" lon="-122.455528">
      </trkpt>
      <trkpt lat="37.737314" lon="-122.45569099999999">
      </trkpt>
      <trkpt lat="37.737383" lon="-122.45584699999999">
      </trkpt>
      <trkpt lat="37.737457" lon="-122.455992">
      </trkpt>
      <trkpt lat="37.737536999999996" lon="-122.45613499999999">
      </trkpt>
      <trkpt lat="37.737624" lon="-122.456267">
      </trkpt>
      <trkpt lat="37.737721" lon="-122.456392">
      </trkpt>
      <trkpt lat="37.737823" lon="-122.456502">
      </trkpt>
      <trkpt lat="37.737953" lon="-122.456631">
      </trkpt>
      <trkpt lat="37.737953" lon="-122.456631">
      </trkpt>
      <trkpt lat="37.73806" lon="-122.45674199999999">
      </trkpt>
      <trkpt lat="37.738158" lon="-122.456864">
      </trkpt>
      <trkpt lat="37.738246" lon="-122.456989">
      </trkpt>
      <trkpt lat="37.738324" lon="-122.45711299999999">
      </trkpt>
      <trkpt lat="37.738391" lon="-122.45723799999999">
      </trkpt>
      <trkpt lat="37.738434" lon="-122.45734499999999">
      </trkpt>
      <trkpt lat="37.738459" lon="-122.45746399999999">
      </trkpt>
      <trkpt lat="37.73847" lon="-122.45758699999999">
      </trkpt>
      <trkpt lat="37.738465999999995" lon="-122.45771699999999">
      </trkpt>
      <trkpt lat="37.738383" lon="-122.458596">
      </trkpt>
      <trkpt lat="37.738386999999996" lon="-122.458733">
      </trkpt>
      <trkpt lat="37.738408" lon="-122.458874">
      </trkpt>
      <trkpt lat="37.738437" lon="-122.459003">
      </trkpt>
      <trkpt lat="37.738531" lon="-122.45936499999999">
      </trkpt>
      <trkpt lat="37.738537" lon="-122.45942799999999">
      </trkpt>
      <trkpt lat="37.738541999999995" lon="-122.45947699999999">
      </trkpt>
      <trkpt lat="37.738541" lon="-122.459504">
      </trkpt>
      <trkpt lat="37.738538" lon="-122.45959599999999">
      </trkpt>
      <trkpt lat="37.738613" lon="-122.45955699999999">
      </trkpt>
      <trkpt lat="37.738946999999996" lon="-122.459384">
      </trkpt>
      <trkpt lat="37.739014999999995" lon="-122.459339">
      </trkpt>
      <trkpt lat="37.739047" lon="-122.459308">
      </trkpt>
      <trkpt lat="37.739072" lon="-122.459283">
      </trkpt>
      <trkpt lat="37.739115" lon="-122.459221">
      </trkpt>
      <trkpt lat="37.739151" lon="-122.459136">
      </trkpt>
      <trkpt lat="37.73917" lon="-122.459041">
      </trkpt>
      <trkpt lat="37.739165" lon="-122.458947">
      </trkpt>
      <trkpt lat="37.739148" lon="-122.45885899999999">
      </trkpt>
      <trkpt lat="37.739076" lon="-122.458643">
      </trkpt>
      <trkpt lat="37.739048" lon="-122.458523">
      </trkpt>
      <trkpt lat="37.739036" lon="-122.458399">
      </trkpt>
      <trkpt lat="37.739045" lon="-122.45828499999999">
      </trkpt>
      <trkpt lat="37.739072" lon="-122.45817199999999">
      </trkpt>
      <trkpt lat="37.739118999999995" lon="-122.458073">
      </trkpt>
      <trkpt lat="37.739177999999995" lon="-122.457983">
      </trkpt>
      <trkpt lat="37.739256" lon="-122.457906">
      </trkpt>
      <trkpt lat="37.739331" lon="-122.457859">
      </trkpt>
      <trkpt lat="37.739419999999996" lon="-122.457826">
      </trkpt>
      <trkpt lat="37.739509999999996" lon="-122.45781">
      </trkpt>
      <trkpt lat="37.739605" lon="-122.45781799999999">
      </trkpt>
      <trkpt lat="37.739686" lon="-122.45784599999999">
      </trkpt>
      <trkpt lat="37.739605" lon="-122.45781799999999">
      </trkpt>
      <trkpt lat="37.739509999999996" lon="-122.45781">
      </trkpt>
      <trkpt lat="37.739419999999996" lon="-122.457826">
      </trkpt>
      <trkpt lat="37.739331" lon="-122.457859">
      </trkpt>
      <trkpt lat="37.739256" lon="-122.457906">
      </trkpt>
      <trkpt lat="37.739177999999995" lon="-122.457983">
      </trkpt>
      <trkpt lat="37.739118999999995" lon="-122.458073">
      </trkpt>
      <trkpt lat="37.739072" lon="-122.45817199999999">
      </trkpt>
      <trkpt lat="37.739045" lon="-122.45828499999999">
      </trkpt>
      <trkpt lat="37.739036" lon="-122.458399">
      </trkpt>
      <trkpt lat="37.739048" lon="-122.458523">
      </trkpt>
      <trkpt lat="37.739076" lon="-122.458643">
      </trkpt>
      <trkpt lat="37.739148" lon="-122.45885899999999">
      </trkpt>
      <trkpt lat="37.739373" lon="-122.45900999999999">
      </trkpt>
      <trkpt lat="37.739469" lon="-122.45907199999999">
      </trkpt>
      <trkpt lat="37.739565" lon="-122.459121">
      </trkpt>
      <trkpt lat="37.739661999999996" lon="-122.45915799999999">
      </trkpt>
      <trkpt lat="37.739759" lon="-122.45917999999999">
      </trkpt>
      <trkpt lat="37.739865" lon="-122.459193">
      </trkpt>
      <trkpt lat="37.739975" lon="-122.4592">
      </trkpt>
      <trkpt lat="37.740091" lon="-122.45920299999999">
      </trkpt>
      <trkpt lat="37.740153" lon="-122.459205">
      </trkpt>
      <trkpt lat="37.740155" lon="-122.459088">
      </trkpt>
      <trkpt lat="37.740185" lon="-122.45897699999999">
      </trkpt>
      <trkpt lat="37.740227" lon="-122.458863">
      </trkpt>
      <trkpt lat="37.740299" lon="-122.458827">
      </trkpt>
      <trkpt lat="37.740367" lon="-122.45882399999999">
      </trkpt>
      <trkpt lat="37.740432999999996" lon="-122.458827">
      </trkpt>
      <trkpt lat="37.740488" lon="-122.458839">
      </trkpt>
      <trkpt lat="37.740516" lon="-122.458856">
      </trkpt>
      <trkpt lat="37.740542999999995" lon="-122.458877">
      </trkpt>
      <trkpt lat="37.740576" lon="-122.45893099999999">
      </trkpt>
      <trkpt lat="37.740587" lon="-122.459015">
      </trkpt>
      <trkpt lat="37.740584" lon="-122.459041">
      </trkpt>
      <trkpt lat="37.740562" lon="-122.459234">
      </trkpt>
      <trkpt lat="37.740595" lon="-122.45933799999999">
      </trkpt>
      <trkpt lat="37.740623" lon="-122.459401">
      </trkpt>
      <trkpt lat="37.740657999999996" lon="-122.45947">
      </trkpt>
      <trkpt lat="37.7407" lon="-122.45952899999999">
      </trkpt>
      <trkpt lat="37.741009" lon="-122.459806">
      </trkpt>
      <trkpt lat="37.741060999999995" lon="-122.459851">
      </trkpt>
      <trkpt lat="37.741067" lon="-122.45994499999999">
      </trkpt>
      <trkpt lat="37.741074" lon="-122.460034">
      </trkpt>
      <trkpt lat="37.741076" lon="-122.46011299999999">
      </trkpt>
      <trkpt lat="37.741077" lon="-122.46017599999999">
      </trkpt>
      <trkpt lat="37.741078" lon="-122.46030599999999">
      </trkpt>
      <trkpt lat="37.741068999999996" lon="-122.460431">
      </trkpt>
      <trkpt lat="37.741048" lon="-122.46055899999999">
      </trkpt>
      <trkpt lat="37.741017" lon="-122.460684">
      </trkpt>
      <trkpt lat="37.740916999999996" lon="-122.460999">
      </trkpt>
      <trkpt lat="37.740894999999995" lon="-122.46106999999999">
      </trkpt>
      <trkpt lat="37.740975999999996" lon="-122.46107699999999">
      </trkpt>
      <trkpt lat="37.740992" lon="-122.461078">
      </trkpt>
      <trkpt lat="37.741087" lon="-122.461102">
      </trkpt>
      <trkpt lat="37.741188" lon="-122.461136">
      </trkpt>
      <trkpt lat="37.741288999999995" lon="-122.46118">
      </trkpt>
      <trkpt lat="37.741394" lon="-122.461238">
      </trkpt>
      <trkpt lat="37.741493" lon="-122.461298">
      </trkpt>
      <trkpt lat="37.741595" lon="-122.461368">
      </trkpt>
      <trkpt lat="37.741699" lon="-122.46144899999999">
      </trkpt>
      <trkpt lat="37.741794" lon="-122.46153699999999">
      </trkpt>
      <trkpt lat="37.741893999999995" lon="-122.46163899999999">
      </trkpt>
      <trkpt lat="37.741979" lon="-122.46173999999999">
      </trkpt>
      <trkpt lat="37.742069" lon="-122.461856">
      </trkpt>
      <trkpt lat="37.742146999999996" lon="-122.461975">
      </trkpt>
      <trkpt lat="37.742224" lon="-122.462108">
      </trkpt>
      <trkpt lat="37.742295999999996" lon="-122.46225">
      </trkpt>
      <trkpt lat="37.742366" lon="-122.46240499999999">
      </trkpt>
      <trkpt lat="37.742889999999996" lon="-122.46360299999999">
      </trkpt>
      <trkpt lat="37.742908" lon="-122.463667">
      </trkpt>
      <trkpt lat="37.742917" lon="-122.463695">
      </trkpt>
      <trkpt lat="37.742925" lon="-122.463743">
      </trkpt>
      <trkpt lat="37.742933" lon="-122.463821">
      </trkpt>
      <trkpt lat="37.743035" lon="-122.46380599999999">
      </trkpt>
      <trkpt lat="37.74306" lon="-122.463802">
      </trkpt>
      <trkpt lat="37.743323" lon="-122.463764">
      </trkpt>
      <trkpt lat="37.743462" lon="-122.46370499999999">
      </trkpt>
      <trkpt lat="37.743491" lon="-122.463692">
      </trkpt>
      <trkpt lat="37.743517" lon="-122.463681">
      </trkpt>
      <trkpt lat="37.743586" lon="-122.463647">
      </trkpt>
      <trkpt lat="37.743595" lon="-122.46361499999999">
      </trkpt>
      <trkpt lat="37.743607" lon="-122.463585">
      </trkpt>
      <trkpt lat="37.743623" lon="-122.46355799999999">
      </trkpt>
      <trkpt lat="37.743604" lon="-122.46345699999999">
      </trkpt>
      <trkpt lat="37.743569" lon="-122.46328899999999">
      </trkpt>
      <trkpt lat="37.743389" lon="-122.46287799999999">
      </trkpt>
      <trkpt lat="37.743291" lon="-122.46273799999999">
      </trkpt>
      <trkpt lat="37.743248" lon="-122.462666">
      </trkpt>
      <trkpt lat="37.742975" lon="-122.46203799999999">
      </trkpt>
      <trkpt lat="37.743248" lon="-122.462666">
      </trkpt>
      <trkpt lat="37.743291" lon="-122.46273799999999">
      </trkpt>
      <trkpt lat="37.743389" lon="-122.46287799999999">
      </trkpt>
      <trkpt lat="37.743569" lon="-122.46328899999999">
      </trkpt>
      <trkpt lat="37.743657999999996" lon="-122.463403">
      </trkpt>
      <trkpt lat="37.743666999999995" lon="-122.463415">
      </trkpt>
      <trkpt lat="37.743721" lon="-122.463484">
      </trkpt>
      <trkpt lat="37.743756" lon="-122.46347899999999">
      </trkpt>
      <trkpt lat="37.743791" lon="-122.463483">
      </trkpt>
      <trkpt lat="37.743825" lon="-122.46349599999999">
      </trkpt>
      <trkpt lat="37.743857999999996" lon="-122.46351999999999">
      </trkpt>
      <trkpt lat="37.743888" lon="-122.46355199999999">
      </trkpt>
      <trkpt lat="37.743911" lon="-122.463589">
      </trkpt>
      <trkpt lat="37.743918" lon="-122.46360899999999">
      </trkpt>
      <trkpt lat="37.743925999999995" lon="-122.46363099999999">
      </trkpt>
      <trkpt lat="37.743935" lon="-122.46367699999999">
      </trkpt>
      <trkpt lat="37.743935" lon="-122.463724">
      </trkpt>
      <trkpt lat="37.743930999999996" lon="-122.46375099999999">
      </trkpt>
      <trkpt lat="37.743981" lon="-122.46380599999999">
      </trkpt>
      <trkpt lat="37.744094" lon="-122.46395">
      </trkpt>
      <trkpt lat="37.744413" lon="-122.46415999999999">
      </trkpt>
      <trkpt lat="37.744465" lon="-122.46419399999999">
      </trkpt>
      <trkpt lat="37.744519" lon="-122.46409">
      </trkpt>
      <trkpt lat="37.745155" lon="-122.463268">
      </trkpt>
      <trkpt lat="37.745763" lon="-122.46248299999999">
      </trkpt>
      <trkpt lat="37.745878999999995" lon="-122.462333">
      </trkpt>
      <trkpt lat="37.745906" lon="-122.462488">
      </trkpt>
      <trkpt lat="37.746019" lon="-122.463123">
      </trkpt>
      <trkpt lat="37.746024" lon="-122.46332">
      </trkpt>
      <trkpt lat="37.745978" lon="-122.46347999999999">
      </trkpt>
      <trkpt lat="37.745954999999995" lon="-122.46351299999999">
      </trkpt>
      <trkpt lat="37.745912" lon="-122.463572">
      </trkpt>
      <trkpt lat="37.745959" lon="-122.46363">
      </trkpt>
      <trkpt lat="37.746372" lon="-122.46413799999999">
      </trkpt>
      <trkpt lat="37.746404" lon="-122.46417699999999">
      </trkpt>
      <trkpt lat="37.746504" lon="-122.46403699999999">
      </trkpt>
      <trkpt lat="37.746534" lon="-122.463994">
      </trkpt>
      <trkpt lat="37.746556" lon="-122.46395299999999">
      </trkpt>
      <trkpt lat="37.746583" lon="-122.463894">
      </trkpt>
      <trkpt lat="37.746607" lon="-122.46383999999999">
      </trkpt>
      <trkpt lat="37.746603" lon="-122.463921">
      </trkpt>
      <trkpt lat="37.746598999999996" lon="-122.463983">
      </trkpt>
      <trkpt lat="37.746597" lon="-122.464033">
      </trkpt>
      <trkpt lat="37.746598" lon="-122.46411099999999">
      </trkpt>
      <trkpt lat="37.746604" lon="-122.46418299999999">
      </trkpt>
      <trkpt lat="37.746618" lon="-122.464286">
      </trkpt>
      <trkpt lat="37.746671" lon="-122.464428">
      </trkpt>
      <trkpt lat="37.746728999999995" lon="-122.46451099999999">
      </trkpt>
      <trkpt lat="37.746794" lon="-122.46456699999999">
      </trkpt>
      <trkpt lat="37.746866" lon="-122.46458299999999">
      </trkpt>
      <trkpt lat="37.746974" lon="-122.464502">
      </trkpt>
      <trkpt lat="37.747138" lon="-122.46444899999999">
      </trkpt>
      <trkpt lat="37.747319999999995" lon="-122.46443599999999">
      </trkpt>
      <trkpt lat="37.747513999999995" lon="-122.464411">
      </trkpt>
      <trkpt lat="37.747592" lon="-122.464401">
      </trkpt>
      <trkpt lat="37.747789999999995" lon="-122.464377">
      </trkpt>
      <trkpt lat="37.748126" lon="-122.46416699999999">
      </trkpt>
      <trkpt lat="37.748442" lon="-122.46391299999999">
      </trkpt>
      <trkpt lat="37.748607" lon="-122.46376199999999">
      </trkpt>
      <trkpt lat="37.748784" lon="-122.463819">
      </trkpt>
      <trkpt lat="37.749030999999995" lon="-122.463864">
      </trkpt>
      <trkpt lat="37.749414" lon="-122.46388499999999">
      </trkpt>
      <trkpt lat="37.749480999999996" lon="-122.463909">
      </trkpt>
      <trkpt lat="37.749522999999996" lon="-122.463933">
      </trkpt>
      <trkpt lat="37.749553" lon="-122.463954">
      </trkpt>
      <trkpt lat="37.749578" lon="-122.463979">
      </trkpt>
      <trkpt lat="37.749611" lon="-122.46401399999999">
      </trkpt>
      <trkpt lat="37.749634" lon="-122.464051">
      </trkpt>
      <trkpt lat="37.749649999999995" lon="-122.464095">
      </trkpt>
      <trkpt lat="37.749668" lon="-122.464148">
      </trkpt>
      <trkpt lat="37.749686" lon="-122.464231">
      </trkpt>
      <trkpt lat="37.749693" lon="-122.46432899999999">
      </trkpt>
      <trkpt lat="37.749668" lon="-122.46484099999999">
      </trkpt>
      <trkpt lat="37.749607999999995" lon="-122.46500499999999">
      </trkpt>
      <trkpt lat="37.749679" lon="-122.46515">
      </trkpt>
      <trkpt lat="37.749703" lon="-122.46520699999999">
      </trkpt>
      <trkpt lat="37.749728" lon="-122.46525299999999">
      </trkpt>
      <trkpt lat="37.749756999999995" lon="-122.46529199999999">
      </trkpt>
      <trkpt lat="37.749794" lon="-122.46532599999999">
      </trkpt>
      <trkpt lat="37.749835" lon="-122.46535">
      </trkpt>
      <trkpt lat="37.749877999999995" lon="-122.465364">
      </trkpt>
      <trkpt lat="37.749919" lon="-122.465369">
      </trkpt>
      <trkpt lat="37.750229" lon="-122.46538899999999">
      </trkpt>
      <trkpt lat="37.750284" lon="-122.46538699999999">
      </trkpt>
      <trkpt lat="37.750335" lon="-122.46538199999999">
      </trkpt>
      <trkpt lat="37.750372" lon="-122.464507">
      </trkpt>
      <trkpt lat="37.750335" lon="-122.46538199999999">
      </trkpt>
      <trkpt lat="37.750403" lon="-122.465381">
      </trkpt>
      <trkpt lat="37.750881" lon="-122.46540999999999">
      </trkpt>
      <trkpt lat="37.7509" lon="-122.465412">
      </trkpt>
      <trkpt lat="37.750991" lon="-122.465423">
      </trkpt>
      <trkpt lat="37.751076999999995" lon="-122.46543199999999">
      </trkpt>
      <trkpt lat="37.7511" lon="-122.46543399999999">
      </trkpt>
      <trkpt lat="37.751180999999995" lon="-122.465431">
      </trkpt>
      <trkpt lat="37.751441" lon="-122.465447">
      </trkpt>
      <trkpt lat="37.752265" lon="-122.465504">
      </trkpt>
      <trkpt lat="37.752764" lon="-122.465543">
      </trkpt>
      <trkpt lat="37.752856" lon="-122.46555">
      </trkpt>
      <trkpt lat="37.752860999999996" lon="-122.465447">
      </trkpt>
      <trkpt lat="37.752902999999996" lon="-122.46448099999999">
      </trkpt>
      <trkpt lat="37.752618999999996" lon="-122.464462">
      </trkpt>
      <trkpt lat="37.752902999999996" lon="-122.46448099999999">
      </trkpt>
      <trkpt lat="37.754771" lon="-122.46461">
      </trkpt>
      <trkpt lat="37.755353" lon="-122.464649">
      </trkpt>
      <trkpt lat="37.755845" lon="-122.464683">
      </trkpt>
      <trkpt lat="37.756634" lon="-122.46473999999999">
      </trkpt>
      <trkpt lat="37.757261" lon="-122.464787">
      </trkpt>
      <trkpt lat="37.757764" lon="-122.46481999999999">
      </trkpt>
      <trkpt lat="37.758404" lon="-122.464863">
      </trkpt>
      <trkpt lat="37.758499" lon="-122.46486999999999">
      </trkpt>
      <trkpt lat="37.758503" lon="-122.464767">
      </trkpt>
      <trkpt lat="37.758505" lon="-122.464728">
      </trkpt>
      <trkpt lat="37.75852" lon="-122.464383">
      </trkpt>
      <trkpt lat="37.75853" lon="-122.464174">
      </trkpt>
      <trkpt lat="37.758539999999996" lon="-122.46394099999999">
      </trkpt>
      <trkpt lat="37.758541" lon="-122.463915">
      </trkpt>
      <trkpt lat="37.758545999999996" lon="-122.463797">
      </trkpt>
      <trkpt lat="37.758457" lon="-122.46378999999999">
      </trkpt>
      <trkpt lat="37.758255" lon="-122.463777">
      </trkpt>
      <trkpt lat="37.756766" lon="-122.46367099999999">
      </trkpt>
      <trkpt lat="37.756744" lon="-122.46367">
      </trkpt>
      <trkpt lat="37.756597" lon="-122.46365899999999">
      </trkpt>
      <trkpt lat="37.755466999999996" lon="-122.46358">
      </trkpt>
      <trkpt lat="37.755356" lon="-122.463573">
      </trkpt>
      <trkpt lat="37.755238" lon="-122.463572">
      </trkpt>
      <trkpt lat="37.755131" lon="-122.463577">
      </trkpt>
      <trkpt lat="37.755033999999995" lon="-122.463588">
      </trkpt>
      <trkpt lat="37.75503" lon="-122.463589">
      </trkpt>
      <trkpt lat="37.755033999999995" lon="-122.463588">
      </trkpt>
      <trkpt lat="37.755131" lon="-122.463577">
      </trkpt>
      <trkpt lat="37.755238" lon="-122.463572">
      </trkpt>
      <trkpt lat="37.755356" lon="-122.463573">
      </trkpt>
      <trkpt lat="37.755466999999996" lon="-122.46358">
      </trkpt>
      <trkpt lat="37.756597" lon="-122.46365899999999">
      </trkpt>
      <trkpt lat="37.756744" lon="-122.46367">
      </trkpt>
      <trkpt lat="37.756766" lon="-122.46367099999999">
      </trkpt>
      <trkpt lat="37.758255" lon="-122.463777">
      </trkpt>
      <trkpt lat="37.758457" lon="-122.46378999999999">
      </trkpt>
      <trkpt lat="37.758545999999996" lon="-122.463797">
      </trkpt>
      <trkpt lat="37.758551" lon="-122.463697">
      </trkpt>
      <trkpt lat="37.758562999999995" lon="-122.463409">
      </trkpt>
      <trkpt lat="37.758567" lon="-122.46336699999999">
      </trkpt>
      <trkpt lat="37.758578" lon="-122.46330499999999">
      </trkpt>
      <trkpt lat="37.758589" lon="-122.463273">
      </trkpt>
      <trkpt lat="37.758607999999995" lon="-122.463229">
      </trkpt>
      <trkpt lat="37.758643" lon="-122.463157">
      </trkpt>
      <trkpt lat="37.758657" lon="-122.463124">
      </trkpt>
      <trkpt lat="37.758665" lon="-122.463106">
      </trkpt>
      <trkpt lat="37.758682" lon="-122.46305799999999">
      </trkpt>
      <trkpt lat="37.758691999999996" lon="-122.463006">
      </trkpt>
      <trkpt lat="37.758694" lon="-122.462955">
      </trkpt>
      <trkpt lat="37.75868" lon="-122.462903">
      </trkpt>
      <trkpt lat="37.75866" lon="-122.462859">
      </trkpt>
      <trkpt lat="37.758635" lon="-122.46281599999999">
      </trkpt>
      <trkpt lat="37.758462" lon="-122.462606">
      </trkpt>
      <trkpt lat="37.758410999999995" lon="-122.462611">
      </trkpt>
      <trkpt lat="37.758364" lon="-122.462612">
      </trkpt>
      <trkpt lat="37.758309" lon="-122.46260699999999">
      </trkpt>
      <trkpt lat="37.758247" lon="-122.46259699999999">
      </trkpt>
      <trkpt lat="37.758176" lon="-122.46257899999999">
      </trkpt>
      <trkpt lat="37.758106999999995" lon="-122.462554">
      </trkpt>
      <trkpt lat="37.758051" lon="-122.46252799999999">
      </trkpt>
      <trkpt lat="37.757982999999996" lon="-122.46248399999999">
      </trkpt>
      <trkpt lat="37.757920999999996" lon="-122.46244399999999">
      </trkpt>
      <trkpt lat="37.757854" lon="-122.462407">
      </trkpt>
      <trkpt lat="37.757764" lon="-122.462369">
      </trkpt>
      <trkpt lat="37.757636999999995" lon="-122.462318">
      </trkpt>
      <trkpt lat="37.757491" lon="-122.46225799999999">
      </trkpt>
      <trkpt lat="37.757289" lon="-122.462184">
      </trkpt>
      <trkpt lat="37.757191" lon="-122.462143">
      </trkpt>
      <trkpt lat="37.757109" lon="-122.46210199999999">
      </trkpt>
      <trkpt lat="37.757191" lon="-122.462143">
      </trkpt>
      <trkpt lat="37.757289" lon="-122.462184">
      </trkpt>
      <trkpt lat="37.757491" lon="-122.46225799999999">
      </trkpt>
      <trkpt lat="37.757636999999995" lon="-122.462318">
      </trkpt>
      <trkpt lat="37.757764" lon="-122.462369">
      </trkpt>
      <trkpt lat="37.757854" lon="-122.462407">
      </trkpt>
      <trkpt lat="37.757920999999996" lon="-122.46244399999999">
      </trkpt>
      <trkpt lat="37.757982999999996" lon="-122.46248399999999">
      </trkpt>
      <trkpt lat="37.758051" lon="-122.46252799999999">
      </trkpt>
      <trkpt lat="37.758106999999995" lon="-122.462554">
      </trkpt>
      <trkpt lat="37.758176" lon="-122.46257899999999">
      </trkpt>
      <trkpt lat="37.758247" lon="-122.46259699999999">
      </trkpt>
      <trkpt lat="37.758309" lon="-122.46260699999999">
      </trkpt>
      <trkpt lat="37.758364" lon="-122.462612">
      </trkpt>
      <trkpt lat="37.758410999999995" lon="-122.462611">
      </trkpt>
      <trkpt lat="37.758462" lon="-122.462606">
      </trkpt>
      <trkpt lat="37.758635" lon="-122.46281599999999">
      </trkpt>
      <trkpt lat="37.75866" lon="-122.462859">
      </trkpt>
      <trkpt lat="37.75868" lon="-122.462903">
      </trkpt>
      <trkpt lat="37.758694" lon="-122.462955">
      </trkpt>
      <trkpt lat="37.758691999999996" lon="-122.463006">
      </trkpt>
      <trkpt lat="37.758682" lon="-122.46305799999999">
      </trkpt>
      <trkpt lat="37.758665" lon="-122.463106">
      </trkpt>
      <trkpt lat="37.758657" lon="-122.463124">
      </trkpt>
      <trkpt lat="37.758643" lon="-122.463157">
      </trkpt>
      <trkpt lat="37.758607999999995" lon="-122.463229">
      </trkpt>
      <trkpt lat="37.758654" lon="-122.46326499999999">
      </trkpt>
      <trkpt lat="37.7587" lon="-122.46329399999999">
      </trkpt>
      <trkpt lat="37.758734" lon="-122.46331099999999">
      </trkpt>
      <trkpt lat="37.758856" lon="-122.463366">
      </trkpt>
      <trkpt lat="37.758939999999996" lon="-122.463391">
      </trkpt>
      <trkpt lat="37.759026999999996" lon="-122.463403">
      </trkpt>
      <trkpt lat="37.75911" lon="-122.463399">
      </trkpt>
      <trkpt lat="37.759197" lon="-122.463388">
      </trkpt>
      <trkpt lat="37.759294" lon="-122.463364">
      </trkpt>
      <trkpt lat="37.759384" lon="-122.463325">
      </trkpt>
      <trkpt lat="37.759462" lon="-122.463264">
      </trkpt>
      <trkpt lat="37.759529" lon="-122.46317599999999">
      </trkpt>
      <trkpt lat="37.759647" lon="-122.462977">
      </trkpt>
      <trkpt lat="37.759738999999996" lon="-122.46282699999999">
      </trkpt>
      <trkpt lat="37.759755999999996" lon="-122.462823">
      </trkpt>
      <trkpt lat="37.759789" lon="-122.462813">
      </trkpt>
      <trkpt lat="37.760377999999996" lon="-122.462853">
      </trkpt>
      <trkpt lat="37.760459999999995" lon="-122.46285999999999">
      </trkpt>
      <trkpt lat="37.760464999999996" lon="-122.462756">
      </trkpt>
      <trkpt lat="37.760507" lon="-122.461894">
      </trkpt>
      <trkpt lat="37.760512" lon="-122.461794">
      </trkpt>
      <trkpt lat="37.760414" lon="-122.461787">
      </trkpt>
      <trkpt lat="37.760157" lon="-122.46176899999999">
      </trkpt>
      <trkpt lat="37.760054" lon="-122.461748">
      </trkpt>
      <trkpt lat="37.760019" lon="-122.461733">
      </trkpt>
      <trkpt lat="37.759974" lon="-122.461699">
      </trkpt>
      <trkpt lat="37.759899" lon="-122.461632">
      </trkpt>
      <trkpt lat="37.759845999999996" lon="-122.461552">
      </trkpt>
      <trkpt lat="37.759799" lon="-122.46145">
      </trkpt>
      <trkpt lat="37.75978" lon="-122.46133599999999">
      </trkpt>
      <trkpt lat="37.759772" lon="-122.461219">
      </trkpt>
      <trkpt lat="37.759811" lon="-122.461119">
      </trkpt>
      <trkpt lat="37.759853" lon="-122.46103">
      </trkpt>
      <trkpt lat="37.759896" lon="-122.460973">
      </trkpt>
      <trkpt lat="37.760103" lon="-122.46083899999999">
      </trkpt>
      <trkpt lat="37.760116" lon="-122.460799">
      </trkpt>
      <trkpt lat="37.760118" lon="-122.460764">
      </trkpt>
      <trkpt lat="37.760107999999995" lon="-122.46068799999999">
      </trkpt>
      <trkpt lat="37.760064" lon="-122.460635">
      </trkpt>
      <trkpt lat="37.760013" lon="-122.460618">
      </trkpt>
      <trkpt lat="37.759966" lon="-122.46061599999999">
      </trkpt>
      <trkpt lat="37.759865" lon="-122.460628">
      </trkpt>
      <trkpt lat="37.759648" lon="-122.460584">
      </trkpt>
      <trkpt lat="37.759586999999996" lon="-122.460544">
      </trkpt>
      <trkpt lat="37.759487" lon="-122.46054799999999">
      </trkpt>
      <trkpt lat="37.759434" lon="-122.46054">
      </trkpt>
      <trkpt lat="37.759385" lon="-122.46053099999999">
      </trkpt>
      <trkpt lat="37.759302999999996" lon="-122.460505">
      </trkpt>
      <trkpt lat="37.759263" lon="-122.46046199999999">
      </trkpt>
      <trkpt lat="37.759248" lon="-122.46041799999999">
      </trkpt>
      <trkpt lat="37.759242" lon="-122.46040199999999">
      </trkpt>
      <trkpt lat="37.759249" lon="-122.460325">
      </trkpt>
      <trkpt lat="37.75929" lon="-122.460273">
      </trkpt>
      <trkpt lat="37.759336999999995" lon="-122.46024799999999">
      </trkpt>
      <trkpt lat="37.759392" lon="-122.46026499999999">
      </trkpt>
      <trkpt lat="37.759417" lon="-122.46029">
      </trkpt>
      <trkpt lat="37.759453" lon="-122.460325">
      </trkpt>
      <trkpt lat="37.759586999999996" lon="-122.460544">
      </trkpt>
      <trkpt lat="37.759648" lon="-122.460584">
      </trkpt>
      <trkpt lat="37.759865" lon="-122.460628">
      </trkpt>
      <trkpt lat="37.759966" lon="-122.46061599999999">
      </trkpt>
      <trkpt lat="37.760013" lon="-122.460618">
      </trkpt>
      <trkpt lat="37.760064" lon="-122.460635">
      </trkpt>
      <trkpt lat="37.760107999999995" lon="-122.46068799999999">
      </trkpt>
      <trkpt lat="37.760118" lon="-122.460764">
      </trkpt>
      <trkpt lat="37.760116" lon="-122.460799">
      </trkpt>
      <trkpt lat="37.760103" lon="-122.46083899999999">
      </trkpt>
      <trkpt lat="37.759896" lon="-122.460973">
      </trkpt>
      <trkpt lat="37.759853" lon="-122.46103">
      </trkpt>
      <trkpt lat="37.759811" lon="-122.461119">
      </trkpt>
      <trkpt lat="37.759772" lon="-122.461219">
      </trkpt>
      <trkpt lat="37.75978" lon="-122.46133599999999">
      </trkpt>
      <trkpt lat="37.759799" lon="-122.46145">
      </trkpt>
      <trkpt lat="37.759845999999996" lon="-122.461552">
      </trkpt>
      <trkpt lat="37.759899" lon="-122.461632">
      </trkpt>
      <trkpt lat="37.759974" lon="-122.461699">
      </trkpt>
      <trkpt lat="37.760019" lon="-122.461733">
      </trkpt>
      <trkpt lat="37.760054" lon="-122.461748">
      </trkpt>
      <trkpt lat="37.760157" lon="-122.46176899999999">
      </trkpt>
      <trkpt lat="37.760414" lon="-122.461787">
      </trkpt>
      <trkpt lat="37.760512" lon="-122.461794">
      </trkpt>
      <trkpt lat="37.760601" lon="-122.4618">
      </trkpt>
      <trkpt lat="37.761462" lon="-122.46186">
      </trkpt>
      <trkpt lat="37.762271" lon="-122.46191499999999">
      </trkpt>
      <trkpt lat="37.762373" lon="-122.461922">
      </trkpt>
      <trkpt lat="37.762377" lon="-122.461872">
      </trkpt>
      <trkpt lat="37.762383" lon="-122.461822">
      </trkpt>
      <trkpt lat="37.762394" lon="-122.46176399999999">
      </trkpt>
      <trkpt lat="37.762589" lon="-122.461069">
      </trkpt>
      <trkpt lat="37.762617" lon="-122.46096999999999">
      </trkpt>
      <trkpt lat="37.762648" lon="-122.46086199999999">
      </trkpt>
      <trkpt lat="37.762673" lon="-122.460771">
      </trkpt>
      <trkpt lat="37.762713" lon="-122.46063">
      </trkpt>
      <trkpt lat="37.762924999999996" lon="-122.459879">
      </trkpt>
      <trkpt lat="37.762957" lon="-122.45976999999999">
      </trkpt>
      <trkpt lat="37.762983999999996" lon="-122.459673">
      </trkpt>
      <trkpt lat="37.763247" lon="-122.458743">
      </trkpt>
      <trkpt lat="37.763312" lon="-122.45851499999999">
      </trkpt>
      <trkpt lat="37.763394" lon="-122.45822899999999">
      </trkpt>
      <trkpt lat="37.763425" lon="-122.458123">
      </trkpt>
      <trkpt lat="37.763459" lon="-122.458005">
      </trkpt>
      <trkpt lat="37.763515" lon="-122.457808">
      </trkpt>
      <trkpt lat="37.763556" lon="-122.457662">
      </trkpt>
      <trkpt lat="37.763582" lon="-122.457571">
      </trkpt>
      <trkpt lat="37.763658" lon="-122.457303">
      </trkpt>
      <trkpt lat="37.763698" lon="-122.457152">
      </trkpt>
      <trkpt lat="37.763760999999995" lon="-122.456931">
      </trkpt>
      <trkpt lat="37.763801" lon="-122.45679299999999">
      </trkpt>
      <trkpt lat="37.763825" lon="-122.45670399999999">
      </trkpt>
      <trkpt lat="37.763919" lon="-122.456374">
      </trkpt>
      <trkpt lat="37.764004" lon="-122.45607299999999">
      </trkpt>
      <trkpt lat="37.763923999999996" lon="-122.456037">
      </trkpt>
      <trkpt lat="37.763883" lon="-122.45602">
      </trkpt>
      <trkpt lat="37.763852" lon="-122.45601099999999">
      </trkpt>
      <trkpt lat="37.763819999999996" lon="-122.456009">
      </trkpt>
      <trkpt lat="37.763791" lon="-122.456015">
      </trkpt>
      <trkpt lat="37.763726" lon="-122.456046">
      </trkpt>
      <trkpt lat="37.763667" lon="-122.45607">
      </trkpt>
      <trkpt lat="37.763605" lon="-122.456087">
      </trkpt>
      <trkpt lat="37.763318" lon="-122.45612">
      </trkpt>
      <trkpt lat="37.763249" lon="-122.456131">
      </trkpt>
      <trkpt lat="37.763183" lon="-122.456148">
      </trkpt>
      <trkpt lat="37.763118999999996" lon="-122.456167">
      </trkpt>
      <trkpt lat="37.763059999999996" lon="-122.45619099999999">
      </trkpt>
      <trkpt lat="37.763000999999996" lon="-122.45621899999999">
      </trkpt>
      <trkpt lat="37.762791" lon="-122.45633699999999">
      </trkpt>
      <trkpt lat="37.762661" lon="-122.45633">
      </trkpt>
      <trkpt lat="37.762615" lon="-122.456334">
      </trkpt>
      <trkpt lat="37.762572" lon="-122.456351">
      </trkpt>
      <trkpt lat="37.762443" lon="-122.456431">
      </trkpt>
      <trkpt lat="37.762367999999995" lon="-122.45648899999999">
      </trkpt>
      <trkpt lat="37.762335" lon="-122.456516">
      </trkpt>
      <trkpt lat="37.762285" lon="-122.45655599999999">
      </trkpt>
      <trkpt lat="37.762201" lon="-122.45663599999999">
      </trkpt>
      <trkpt lat="37.762121" lon="-122.456717">
      </trkpt>
      <trkpt lat="37.761914" lon="-122.45693299999999">
      </trkpt>
      <trkpt lat="37.761856" lon="-122.457021">
      </trkpt>
      <trkpt lat="37.761807999999995" lon="-122.45711299999999">
      </trkpt>
      <trkpt lat="37.761764" lon="-122.45723199999999">
      </trkpt>
      <trkpt lat="37.761708" lon="-122.457476">
      </trkpt>
      <trkpt lat="37.761693" lon="-122.457605">
      </trkpt>
      <trkpt lat="37.761686" lon="-122.457736">
      </trkpt>
      <trkpt lat="37.761689" lon="-122.45788499999999">
      </trkpt>
      <trkpt lat="37.761691" lon="-122.45800899999999">
      </trkpt>
      <trkpt lat="37.76172" lon="-122.45832899999999">
      </trkpt>
      <trkpt lat="37.761742999999996" lon="-122.458474">
      </trkpt>
      <trkpt lat="37.761762" lon="-122.458559">
      </trkpt>
      <trkpt lat="37.761817" lon="-122.458744">
      </trkpt>
      <trkpt lat="37.76184" lon="-122.458822">
      </trkpt>
      <trkpt lat="37.761871" lon="-122.458907">
      </trkpt>
      <trkpt lat="37.7619" lon="-122.458996">
      </trkpt>
      <trkpt lat="37.761925999999995" lon="-122.45907899999999">
      </trkpt>
      <trkpt lat="37.761928999999995" lon="-122.45911">
      </trkpt>
      <trkpt lat="37.761928999999995" lon="-122.45915">
      </trkpt>
      <trkpt lat="37.761925" lon="-122.45918999999999">
      </trkpt>
      <trkpt lat="37.761911999999995" lon="-122.45922999999999">
      </trkpt>
      <trkpt lat="37.761893" lon="-122.459266">
      </trkpt>
      <trkpt lat="37.761873" lon="-122.459291">
      </trkpt>
      <trkpt lat="37.761852999999995" lon="-122.459306">
      </trkpt>
      <trkpt lat="37.76184" lon="-122.459311">
      </trkpt>
      <trkpt lat="37.761824" lon="-122.459318">
      </trkpt>
      <trkpt lat="37.761783" lon="-122.45932699999999">
      </trkpt>
      <trkpt lat="37.761748" lon="-122.45932699999999">
      </trkpt>
      <trkpt lat="37.761717" lon="-122.45932099999999">
      </trkpt>
      <trkpt lat="37.761689" lon="-122.45930999999999">
      </trkpt>
      <trkpt lat="37.761666999999996" lon="-122.45928699999999">
      </trkpt>
      <trkpt lat="37.761643" lon="-122.45924799999999">
      </trkpt>
      <trkpt lat="37.761626" lon="-122.459201">
      </trkpt>
      <trkpt lat="37.761610999999995" lon="-122.45913399999999">
      </trkpt>
      <trkpt lat="37.76159" lon="-122.458984">
      </trkpt>
      <trkpt lat="37.761568" lon="-122.458849">
      </trkpt>
      <trkpt lat="37.761511999999996" lon="-122.458604">
      </trkpt>
      <trkpt lat="37.761472" lon="-122.458478">
      </trkpt>
      <trkpt lat="37.761427" lon="-122.45835299999999">
      </trkpt>
      <trkpt lat="37.761317999999996" lon="-122.458102">
      </trkpt>
      <trkpt lat="37.761165999999996" lon="-122.457787">
      </trkpt>
      <trkpt lat="37.761131" lon="-122.457696">
      </trkpt>
      <trkpt lat="37.761117" lon="-122.457588">
      </trkpt>
      <trkpt lat="37.761078" lon="-122.457697">
      </trkpt>
      <trkpt lat="37.761072999999996" lon="-122.45775599999999">
      </trkpt>
      <trkpt lat="37.761083" lon="-122.458006">
      </trkpt>
      <trkpt lat="37.761083" lon="-122.45808299999999">
      </trkpt>
      <trkpt lat="37.761041999999996" lon="-122.45828399999999">
      </trkpt>
      <trkpt lat="37.76103" lon="-122.458382">
      </trkpt>
      <trkpt lat="37.761064" lon="-122.45844699999999">
      </trkpt>
      <trkpt lat="37.761112" lon="-122.458518">
      </trkpt>
      <trkpt lat="37.761123" lon="-122.45859499999999">
      </trkpt>
      <trkpt lat="37.761086" lon="-122.458642">
      </trkpt>
      <trkpt lat="37.761123" lon="-122.45859499999999">
      </trkpt>
      <trkpt lat="37.761112" lon="-122.458518">
      </trkpt>
      <trkpt lat="37.761064" lon="-122.45844699999999">
      </trkpt>
      <trkpt lat="37.76103" lon="-122.458382">
      </trkpt>
      <trkpt lat="37.761041999999996" lon="-122.45828399999999">
      </trkpt>
      <trkpt lat="37.761083" lon="-122.45808299999999">
      </trkpt>
      <trkpt lat="37.761083" lon="-122.458006">
      </trkpt>
      <trkpt lat="37.761072999999996" lon="-122.45775599999999">
      </trkpt>
      <trkpt lat="37.761078" lon="-122.457697">
      </trkpt>
      <trkpt lat="37.761117" lon="-122.457588">
      </trkpt>
      <trkpt lat="37.761131" lon="-122.457696">
      </trkpt>
      <trkpt lat="37.761165999999996" lon="-122.457787">
      </trkpt>
      <trkpt lat="37.761317999999996" lon="-122.458102">
      </trkpt>
      <trkpt lat="37.761427" lon="-122.45835299999999">
      </trkpt>
      <trkpt lat="37.761472" lon="-122.458478">
      </trkpt>
      <trkpt lat="37.761511999999996" lon="-122.458604">
      </trkpt>
      <trkpt lat="37.761568" lon="-122.458849">
      </trkpt>
      <trkpt lat="37.76159" lon="-122.458984">
      </trkpt>
      <trkpt lat="37.761610999999995" lon="-122.45913399999999">
      </trkpt>
      <trkpt lat="37.761626" lon="-122.459201">
      </trkpt>
      <trkpt lat="37.761643" lon="-122.45924799999999">
      </trkpt>
      <trkpt lat="37.761666999999996" lon="-122.45928699999999">
      </trkpt>
      <trkpt lat="37.761689" lon="-122.45930999999999">
      </trkpt>
      <trkpt lat="37.761717" lon="-122.45932099999999">
      </trkpt>
      <trkpt lat="37.761748" lon="-122.45932699999999">
      </trkpt>
      <trkpt lat="37.761783" lon="-122.45932699999999">
      </trkpt>
      <trkpt lat="37.761824" lon="-122.459318">
      </trkpt>
      <trkpt lat="37.76184" lon="-122.459311">
      </trkpt>
      <trkpt lat="37.761852999999995" lon="-122.459306">
      </trkpt>
      <trkpt lat="37.761873" lon="-122.459291">
      </trkpt>
      <trkpt lat="37.761893" lon="-122.459266">
      </trkpt>
      <trkpt lat="37.761911999999995" lon="-122.45922999999999">
      </trkpt>
      <trkpt lat="37.761925" lon="-122.45918999999999">
      </trkpt>
      <trkpt lat="37.761928999999995" lon="-122.45915">
      </trkpt>
      <trkpt lat="37.761928999999995" lon="-122.45911">
      </trkpt>
      <trkpt lat="37.761925999999995" lon="-122.45907899999999">
      </trkpt>
      <trkpt lat="37.7619" lon="-122.458996">
      </trkpt>
      <trkpt lat="37.761871" lon="-122.458907">
      </trkpt>
      <trkpt lat="37.76184" lon="-122.458822">
      </trkpt>
      <trkpt lat="37.761817" lon="-122.458744">
      </trkpt>
      <trkpt lat="37.761762" lon="-122.458559">
      </trkpt>
      <trkpt lat="37.761742999999996" lon="-122.458474">
      </trkpt>
      <trkpt lat="37.76172" lon="-122.45832899999999">
      </trkpt>
      <trkpt lat="37.761691" lon="-122.45800899999999">
      </trkpt>
      <trkpt lat="37.761689" lon="-122.45788499999999">
      </trkpt>
      <trkpt lat="37.761686" lon="-122.457736">
      </trkpt>
      <trkpt lat="37.761693" lon="-122.457605">
      </trkpt>
      <trkpt lat="37.761708" lon="-122.457476">
      </trkpt>
      <trkpt lat="37.761764" lon="-122.45723199999999">
      </trkpt>
      <trkpt lat="37.761807999999995" lon="-122.45711299999999">
      </trkpt>
      <trkpt lat="37.761856" lon="-122.457021">
      </trkpt>
      <trkpt lat="37.761914" lon="-122.45693299999999">
      </trkpt>
      <trkpt lat="37.762121" lon="-122.456717">
      </trkpt>
      <trkpt lat="37.762201" lon="-122.45663599999999">
      </trkpt>
      <trkpt lat="37.762285" lon="-122.45655599999999">
      </trkpt>
      <trkpt lat="37.762335" lon="-122.456516">
      </trkpt>
      <trkpt lat="37.762367999999995" lon="-122.45648899999999">
      </trkpt>
      <trkpt lat="37.762443" lon="-122.456431">
      </trkpt>
      <trkpt lat="37.762572" lon="-122.456351">
      </trkpt>
      <trkpt lat="37.762615" lon="-122.456334">
      </trkpt>
      <trkpt lat="37.762661" lon="-122.45633">
      </trkpt>
      <trkpt lat="37.762791" lon="-122.45633699999999">
      </trkpt>
      <trkpt lat="37.762794" lon="-122.45639399999999">
      </trkpt>
      <trkpt lat="37.762791" lon="-122.45646699999999">
      </trkpt>
      <trkpt lat="37.762783999999996" lon="-122.45653399999999">
      </trkpt>
      <trkpt lat="37.762772" lon="-122.456595">
      </trkpt>
      <trkpt lat="37.762761" lon="-122.456633">
      </trkpt>
      <trkpt lat="37.762772" lon="-122.456595">
      </trkpt>
      <trkpt lat="37.762783999999996" lon="-122.45653399999999">
      </trkpt>
      <trkpt lat="37.762791" lon="-122.45646699999999">
      </trkpt>
      <trkpt lat="37.762794" lon="-122.45639399999999">
      </trkpt>
      <trkpt lat="37.762791" lon="-122.45633699999999">
      </trkpt>
      <trkpt lat="37.763000999999996" lon="-122.45621899999999">
      </trkpt>
      <trkpt lat="37.763059999999996" lon="-122.45619099999999">
      </trkpt>
      <trkpt lat="37.763118999999996" lon="-122.456167">
      </trkpt>
      <trkpt lat="37.763183" lon="-122.456148">
      </trkpt>
      <trkpt lat="37.763249" lon="-122.456131">
      </trkpt>
      <trkpt lat="37.763318" lon="-122.45612">
      </trkpt>
      <trkpt lat="37.763605" lon="-122.456087">
      </trkpt>
      <trkpt lat="37.763667" lon="-122.45607">
      </trkpt>
      <trkpt lat="37.763726" lon="-122.456046">
      </trkpt>
      <trkpt lat="37.763791" lon="-122.456015">
      </trkpt>
      <trkpt lat="37.763819999999996" lon="-122.456009">
      </trkpt>
      <trkpt lat="37.763852" lon="-122.45601099999999">
      </trkpt>
      <trkpt lat="37.763883" lon="-122.45602">
      </trkpt>
      <trkpt lat="37.763923999999996" lon="-122.456037">
      </trkpt>
      <trkpt lat="37.764004" lon="-122.45607299999999">
      </trkpt>
      <trkpt lat="37.76408" lon="-122.455804">
      </trkpt>
      <trkpt lat="37.764112" lon="-122.455693">
      </trkpt>
      <trkpt lat="37.764137" lon="-122.455604">
      </trkpt>
      <trkpt lat="37.764148" lon="-122.45556599999999">
      </trkpt>
      <trkpt lat="37.764157" lon="-122.455528">
      </trkpt>
      <trkpt lat="37.764165" lon="-122.455483">
      </trkpt>
      <trkpt lat="37.764171" lon="-122.45543699999999">
      </trkpt>
      <trkpt lat="37.764238" lon="-122.45492">
      </trkpt>
      <trkpt lat="37.76428" lon="-122.454505">
      </trkpt>
      <trkpt lat="37.764281" lon="-122.454498">
      </trkpt>
      <trkpt lat="37.764294" lon="-122.454375">
      </trkpt>
      <trkpt lat="37.764297" lon="-122.45434399999999">
      </trkpt>
      <trkpt lat="37.764309" lon="-122.45424">
      </trkpt>
      <trkpt lat="37.764407" lon="-122.45425499999999">
      </trkpt>
      <trkpt lat="37.764421999999996" lon="-122.454257">
      </trkpt>
      <trkpt lat="37.764593999999995" lon="-122.454292">
      </trkpt>
      <trkpt lat="37.76516" lon="-122.454405">
      </trkpt>
      <trkpt lat="37.765223999999996" lon="-122.45441699999999">
      </trkpt>
      <trkpt lat="37.765240999999996" lon="-122.454421">
      </trkpt>
      <trkpt lat="37.765254999999996" lon="-122.45442399999999">
      </trkpt>
      <trkpt lat="37.765318" lon="-122.454436">
      </trkpt>
      <trkpt lat="37.766093" lon="-122.45459">
      </trkpt>
      <trkpt lat="37.766172" lon="-122.454607">
      </trkpt>
      <trkpt lat="37.766183" lon="-122.454516">
      </trkpt>
      <trkpt lat="37.766296" lon="-122.453628">
      </trkpt>
      <trkpt lat="37.766321999999995" lon="-122.453425">
      </trkpt>
      <trkpt lat="37.766363" lon="-122.45310699999999">
      </trkpt>
      <trkpt lat="37.76638" lon="-122.452975">
      </trkpt>
      <trkpt lat="37.766393" lon="-122.452868">
      </trkpt>
      <trkpt lat="37.766422999999996" lon="-122.452635">
      </trkpt>
      <trkpt lat="37.766576" lon="-122.451431">
      </trkpt>
      <trkpt lat="37.76659" lon="-122.451319">
      </trkpt>
      <trkpt lat="37.766601" lon="-122.45123">
      </trkpt>
      <trkpt lat="37.766723999999996" lon="-122.45026899999999">
      </trkpt>
      <trkpt lat="37.766737" lon="-122.450164">
      </trkpt>
      <trkpt lat="37.766816999999996" lon="-122.45017999999999">
      </trkpt>
      <trkpt lat="37.766843" lon="-122.45018599999999">
      </trkpt>
      <trkpt lat="37.767669999999995" lon="-122.45035299999999">
      </trkpt>
      <trkpt lat="37.767734" lon="-122.45036599999999">
      </trkpt>
      <trkpt lat="37.768508" lon="-122.45052299999999">
      </trkpt>
      <trkpt lat="37.768524" lon="-122.450525">
      </trkpt>
      <trkpt lat="37.768602" lon="-122.450541">
      </trkpt>
      <trkpt lat="37.768614" lon="-122.45044899999999">
      </trkpt>
      <trkpt lat="37.768724999999996" lon="-122.449576">
      </trkpt>
      <trkpt lat="37.768727" lon="-122.44956499999999">
      </trkpt>
      <trkpt lat="37.768738" lon="-122.44947599999999">
      </trkpt>
      <trkpt lat="37.76875" lon="-122.44938499999999">
      </trkpt>
      <trkpt lat="37.768861" lon="-122.44851">
      </trkpt>
      <trkpt lat="37.768874" lon="-122.448408">
      </trkpt>
      <trkpt lat="37.768958" lon="-122.44842399999999">
      </trkpt>
      <trkpt lat="37.769314" lon="-122.44849599999999">
      </trkpt>
      <trkpt lat="37.769734" lon="-122.44857999999999">
      </trkpt>
      <trkpt lat="37.769804" lon="-122.448594">
      </trkpt>
      <trkpt lat="37.769886" lon="-122.448611">
      </trkpt>
      <trkpt lat="37.770672" lon="-122.448769">
      </trkpt>
      <trkpt lat="37.770739" lon="-122.44878299999999">
      </trkpt>
      <trkpt lat="37.77075" lon="-122.448698">
      </trkpt>
      <trkpt lat="37.77089" lon="-122.447594">
      </trkpt>
      <trkpt lat="37.770935" lon="-122.44724599999999">
      </trkpt>
      <trkpt lat="37.770948" lon="-122.44713999999999">
      </trkpt>
      <trkpt lat="37.770959999999995" lon="-122.447046">
      </trkpt>
      <trkpt lat="37.77097" lon="-122.44696499999999">
      </trkpt>
      <trkpt lat="37.771037" lon="-122.446438">
      </trkpt>
      <trkpt lat="37.771057" lon="-122.44628">
      </trkpt>
      <trkpt lat="37.771131" lon="-122.445706">
      </trkpt>
      <trkpt lat="37.771132" lon="-122.445692">
      </trkpt>
      <trkpt lat="37.771150999999996" lon="-122.44555">
      </trkpt>
      <trkpt lat="37.771236" lon="-122.445567">
      </trkpt>
      <trkpt lat="37.771836" lon="-122.44569">
      </trkpt>
      <trkpt lat="37.771971" lon="-122.44571699999999">
      </trkpt>
      <trkpt lat="37.771994" lon="-122.44572099999999">
      </trkpt>
      <trkpt lat="37.772093999999996" lon="-122.445742">
      </trkpt>
      <trkpt lat="37.772112" lon="-122.445594">
      </trkpt>
      <trkpt lat="37.772286" lon="-122.44422999999999">
      </trkpt>
      <trkpt lat="37.772310999999995" lon="-122.44403799999999">
      </trkpt>
      <trkpt lat="37.772317" lon="-122.44398699999999">
      </trkpt>
      <trkpt lat="37.772518999999996" lon="-122.442404">
      </trkpt>
      <trkpt lat="37.772529999999996" lon="-122.44230999999999">
      </trkpt>
      <trkpt lat="37.772631" lon="-122.441527">
      </trkpt>
      <trkpt lat="37.772712" lon="-122.440868">
      </trkpt>
      <trkpt lat="37.772724" lon="-122.44075099999999">
      </trkpt>
      <trkpt lat="37.772825999999995" lon="-122.44077">
      </trkpt>
      <trkpt lat="37.772853999999995" lon="-122.440777">
      </trkpt>
      <trkpt lat="37.773024" lon="-122.440811">
      </trkpt>
      <trkpt lat="37.773543" lon="-122.44091499999999">
      </trkpt>
      <trkpt lat="37.773641999999995" lon="-122.440935">
      </trkpt>
      <trkpt lat="37.77374" lon="-122.440956">
      </trkpt>
      <trkpt lat="37.774502999999996" lon="-122.44111">
      </trkpt>
      <trkpt lat="37.774581999999995" lon="-122.441126">
      </trkpt>
      <trkpt lat="37.774564" lon="-122.441273">
      </trkpt>
      <trkpt lat="37.77456" lon="-122.44130299999999">
      </trkpt>
      <trkpt lat="37.774533999999996" lon="-122.44150599999999">
      </trkpt>
      <trkpt lat="37.774519999999995" lon="-122.44161799999999">
      </trkpt>
      <trkpt lat="37.774449" lon="-122.441598">
      </trkpt>
      <trkpt lat="37.774423999999996" lon="-122.441593">
      </trkpt>
      <trkpt lat="37.774238" lon="-122.441553">
      </trkpt>
      <trkpt lat="37.7742" lon="-122.441572">
      </trkpt>
      <trkpt lat="37.774181999999996" lon="-122.44162">
      </trkpt>
      <trkpt lat="37.774107" lon="-122.442234">
      </trkpt>
      <trkpt lat="37.774181999999996" lon="-122.44162">
      </trkpt>
      <trkpt lat="37.7742" lon="-122.441572">
      </trkpt>
      <trkpt lat="37.774238" lon="-122.441553">
      </trkpt>
      <trkpt lat="37.774423999999996" lon="-122.441593">
      </trkpt>
      <trkpt lat="37.774449" lon="-122.441598">
      </trkpt>
      <trkpt lat="37.774519999999995" lon="-122.44161799999999">
      </trkpt>
      <trkpt lat="37.774533999999996" lon="-122.44150599999999">
      </trkpt>
      <trkpt lat="37.77456" lon="-122.44130299999999">
      </trkpt>
      <trkpt lat="37.774564" lon="-122.441273">
      </trkpt>
      <trkpt lat="37.774581999999995" lon="-122.441126">
      </trkpt>
      <trkpt lat="37.774671" lon="-122.441144">
      </trkpt>
      <trkpt lat="37.775439999999996" lon="-122.441302">
      </trkpt>
      <trkpt lat="37.775515" lon="-122.441318">
      </trkpt>
      <trkpt lat="37.775531" lon="-122.44119099999999">
      </trkpt>
      <trkpt lat="37.775619" lon="-122.44050499999999">
      </trkpt>
      <trkpt lat="37.775625" lon="-122.44045399999999">
      </trkpt>
      <trkpt lat="37.775655" lon="-122.440213">
      </trkpt>
      <trkpt lat="37.775625" lon="-122.44045399999999">
      </trkpt>
      <trkpt lat="37.775619" lon="-122.44050499999999">
      </trkpt>
      <trkpt lat="37.775531" lon="-122.44119099999999">
      </trkpt>
      <trkpt lat="37.775515" lon="-122.441318">
      </trkpt>
      <trkpt lat="37.7756" lon="-122.441334">
      </trkpt>
      <trkpt lat="37.77637" lon="-122.441492">
      </trkpt>
      <trkpt lat="37.776444999999995" lon="-122.441507">
      </trkpt>
      <trkpt lat="37.776531" lon="-122.441525">
      </trkpt>
      <trkpt lat="37.777315" lon="-122.44168499999999">
      </trkpt>
      <trkpt lat="37.777378" lon="-122.44169699999999">
      </trkpt>
      <trkpt lat="37.777394" lon="-122.441571">
      </trkpt>
      <trkpt lat="37.777412999999996" lon="-122.441425">
      </trkpt>
      <trkpt lat="37.777459" lon="-122.441065">
      </trkpt>
      <trkpt lat="37.777575999999996" lon="-122.44014299999999">
      </trkpt>
      <trkpt lat="37.777588" lon="-122.44004899999999">
      </trkpt>
      <trkpt lat="37.77767" lon="-122.44006599999999">
      </trkpt>
      <trkpt lat="37.778444" lon="-122.440225">
      </trkpt>
      <trkpt lat="37.778515999999996" lon="-122.44023999999999">
      </trkpt>
      <trkpt lat="37.778528" lon="-122.440153">
      </trkpt>
      <trkpt lat="37.778591999999996" lon="-122.43964799999999">
      </trkpt>
      <trkpt lat="37.778683" lon="-122.43910699999999">
      </trkpt>
      <trkpt lat="37.778729999999996" lon="-122.43870199999999">
      </trkpt>
      <trkpt lat="37.778724" lon="-122.43861799999999">
      </trkpt>
      <trkpt lat="37.778644" lon="-122.43860199999999">
      </trkpt>
      <trkpt lat="37.777913999999996" lon="-122.438454">
      </trkpt>
      <trkpt lat="37.777868999999995" lon="-122.438445">
      </trkpt>
      <trkpt lat="37.777795" lon="-122.438429">
      </trkpt>
      <trkpt lat="37.777806" lon="-122.43833599999999">
      </trkpt>
      <trkpt lat="37.777816" lon="-122.438257">
      </trkpt>
      <trkpt lat="37.777822" lon="-122.438212">
      </trkpt>
      <trkpt lat="37.777865999999996" lon="-122.437861">
      </trkpt>
      <trkpt lat="37.778000999999996" lon="-122.43680599999999">
      </trkpt>
      <trkpt lat="37.778013" lon="-122.436714">
      </trkpt>
      <trkpt lat="37.778082999999995" lon="-122.43672799999999">
      </trkpt>
      <trkpt lat="37.778866" lon="-122.436886">
      </trkpt>
      <trkpt lat="37.778942" lon="-122.43690099999999">
      </trkpt>
      <trkpt lat="37.779033999999996" lon="-122.43692">
      </trkpt>
      <trkpt lat="37.779410999999996" lon="-122.436996">
      </trkpt>
      <trkpt lat="37.7798" lon="-122.437075">
      </trkpt>
      <trkpt lat="37.779874" lon="-122.437089">
      </trkpt>
      <trkpt lat="37.779948999999995" lon="-122.43710499999999">
      </trkpt>
      <trkpt lat="37.77999" lon="-122.437113">
      </trkpt>
      <trkpt lat="37.780346" lon="-122.437185">
      </trkpt>
      <trkpt lat="37.780716999999996" lon="-122.43726">
      </trkpt>
      <trkpt lat="37.780736999999995" lon="-122.437264">
      </trkpt>
      <trkpt lat="37.780809" lon="-122.43727799999999">
      </trkpt>
      <trkpt lat="37.780888" lon="-122.437294">
      </trkpt>
      <trkpt lat="37.780905" lon="-122.437298">
      </trkpt>
      <trkpt lat="37.781334" lon="-122.43738499999999">
      </trkpt>
      <trkpt lat="37.781625999999996" lon="-122.437444">
      </trkpt>
      <trkpt lat="37.781667999999996" lon="-122.437452">
      </trkpt>
      <trkpt lat="37.781737" lon="-122.437466">
      </trkpt>
      <trkpt lat="37.781852" lon="-122.437489">
      </trkpt>
      <trkpt lat="37.782157999999995" lon="-122.437551">
      </trkpt>
      <trkpt lat="37.782233" lon="-122.436984">
      </trkpt>
      <trkpt lat="37.782261999999996" lon="-122.43676099999999">
      </trkpt>
      <trkpt lat="37.782289999999996" lon="-122.436555">
      </trkpt>
      <trkpt lat="37.782187" lon="-122.436537">
      </trkpt>
      <trkpt lat="37.782221" lon="-122.43625899999999">
      </trkpt>
      <trkpt lat="37.782187" lon="-122.436537">
      </trkpt>
      <trkpt lat="37.782289999999996" lon="-122.436555">
      </trkpt>
      <trkpt lat="37.782261999999996" lon="-122.43676099999999">
      </trkpt>
      <trkpt lat="37.782233" lon="-122.436984">
      </trkpt>
      <trkpt lat="37.782157999999995" lon="-122.437551">
      </trkpt>
      <trkpt lat="37.781852" lon="-122.437489">
      </trkpt>
      <trkpt lat="37.781737" lon="-122.437466">
      </trkpt>
      <trkpt lat="37.781763999999995" lon="-122.437252">
      </trkpt>
      <trkpt lat="37.781780999999995" lon="-122.43712">
      </trkpt>
      <trkpt lat="37.781863" lon="-122.436478">
      </trkpt>
      <trkpt lat="37.781881999999996" lon="-122.43632299999999">
      </trkpt>
      <trkpt lat="37.781926" lon="-122.435976">
      </trkpt>
      <trkpt lat="37.781932999999995" lon="-122.435925">
      </trkpt>
      <trkpt lat="37.781946" lon="-122.43581999999999">
      </trkpt>
      <trkpt lat="37.781957" lon="-122.435733">
      </trkpt>
      <trkpt lat="37.781965" lon="-122.435673">
      </trkpt>
      <trkpt lat="37.782045" lon="-122.435043">
      </trkpt>
      <trkpt lat="37.782137999999996" lon="-122.434314">
      </trkpt>
      <trkpt lat="37.782142" lon="-122.43427799999999">
      </trkpt>
      <trkpt lat="37.782154999999996" lon="-122.434179">
      </trkpt>
      <trkpt lat="37.782086" lon="-122.434164">
      </trkpt>
      <trkpt lat="37.782058" lon="-122.434158">
      </trkpt>
      <trkpt lat="37.781333" lon="-122.434012">
      </trkpt>
      <trkpt lat="37.781304999999996" lon="-122.434006">
      </trkpt>
      <trkpt lat="37.781226" lon="-122.43399">
      </trkpt>
      <trkpt lat="37.781152" lon="-122.43397499999999">
      </trkpt>
      <trkpt lat="37.781126" lon="-122.43396999999999">
      </trkpt>
      <trkpt lat="37.780367999999996" lon="-122.43381699999999">
      </trkpt>
      <trkpt lat="37.780291999999996" lon="-122.433802">
      </trkpt>
      <trkpt lat="37.780280999999995" lon="-122.433893">
      </trkpt>
      <trkpt lat="37.780232" lon="-122.43427899999999">
      </trkpt>
      <trkpt lat="37.780229" lon="-122.434298">
      </trkpt>
      <trkpt lat="37.780111" lon="-122.435223">
      </trkpt>
      <trkpt lat="37.780227" lon="-122.43524">
      </trkpt>
      <trkpt lat="37.78065" lon="-122.43532099999999">
      </trkpt>
      <trkpt lat="37.780227" lon="-122.43524">
      </trkpt>
      <trkpt lat="37.780111" lon="-122.435223">
      </trkpt>
      <trkpt lat="37.780094999999996" lon="-122.43535299999999">
      </trkpt>
      <trkpt lat="37.780083" lon="-122.43544399999999">
      </trkpt>
      <trkpt lat="37.780004999999996" lon="-122.43542799999999">
      </trkpt>
      <trkpt lat="37.779654" lon="-122.435358">
      </trkpt>
      <trkpt lat="37.779633" lon="-122.43535299999999">
      </trkpt>
      <trkpt lat="37.779236" lon="-122.435273">
      </trkpt>
      <trkpt lat="37.779151" lon="-122.435256">
      </trkpt>
      <trkpt lat="37.779088" lon="-122.435243">
      </trkpt>
      <trkpt lat="37.778295" lon="-122.43508299999999">
      </trkpt>
      <trkpt lat="37.77822" lon="-122.435068">
      </trkpt>
      <trkpt lat="37.778231" lon="-122.43498199999999">
      </trkpt>
      <trkpt lat="37.778242" lon="-122.43489799999999">
      </trkpt>
      <trkpt lat="37.778273" lon="-122.43465499999999">
      </trkpt>
      <trkpt lat="37.778376" lon="-122.43383399999999">
      </trkpt>
      <trkpt lat="37.77838" lon="-122.433803">
      </trkpt>
      <trkpt lat="37.778414" lon="-122.43353599999999">
      </trkpt>
      <trkpt lat="37.778428" lon="-122.433425">
      </trkpt>
      <trkpt lat="37.778354" lon="-122.433408">
      </trkpt>
      <trkpt lat="37.777589" lon="-122.433257">
      </trkpt>
      <trkpt lat="37.777497" lon="-122.433239">
      </trkpt>
      <trkpt lat="37.777414" lon="-122.433222">
      </trkpt>
      <trkpt lat="37.776647" lon="-122.433067">
      </trkpt>
      <trkpt lat="37.776567" lon="-122.43305099999999">
      </trkpt>
      <trkpt lat="37.776579999999996" lon="-122.432952">
      </trkpt>
      <trkpt lat="37.77668" lon="-122.43216799999999">
      </trkpt>
      <trkpt lat="37.776762999999995" lon="-122.43150999999999">
      </trkpt>
      <trkpt lat="37.776776" lon="-122.431404">
      </trkpt>
      <trkpt lat="37.776787" lon="-122.43131">
      </trkpt>
      <trkpt lat="37.776970999999996" lon="-122.42987">
      </trkpt>
      <trkpt lat="37.776984999999996" lon="-122.42975999999999">
      </trkpt>
      <trkpt lat="37.776922" lon="-122.42974699999999">
      </trkpt>
      <trkpt lat="37.776776" lon="-122.429717">
      </trkpt>
      <trkpt lat="37.776669" lon="-122.42969699999999">
      </trkpt>
      <trkpt lat="37.77652" lon="-122.429656">
      </trkpt>
      <trkpt lat="37.776140999999996" lon="-122.42958999999999">
      </trkpt>
      <trkpt lat="37.776052" lon="-122.429572">
      </trkpt>
      <trkpt lat="37.775974" lon="-122.42955699999999">
      </trkpt>
      <trkpt lat="37.775586" lon="-122.42947699999999">
      </trkpt>
      <trkpt lat="37.77521" lon="-122.429401">
      </trkpt>
      <trkpt lat="37.775121" lon="-122.429383">
      </trkpt>
      <trkpt lat="37.775109" lon="-122.429487">
      </trkpt>
      <trkpt lat="37.775000999999996" lon="-122.43033799999999">
      </trkpt>
      <trkpt lat="37.774926" lon="-122.430931">
      </trkpt>
      <trkpt lat="37.774912" lon="-122.431028">
      </trkpt>
      <trkpt lat="37.774999" lon="-122.431046">
      </trkpt>
      <trkpt lat="37.775585" lon="-122.431164">
      </trkpt>
      <trkpt lat="37.77576" lon="-122.431198">
      </trkpt>
      <trkpt lat="37.775843" lon="-122.43121599999999">
      </trkpt>
      <trkpt lat="37.775855" lon="-122.43111999999999">
      </trkpt>
      <trkpt lat="37.77588" lon="-122.43092499999999">
      </trkpt>
      <trkpt lat="37.775905" lon="-122.43072599999999">
      </trkpt>
      <trkpt lat="37.776007" lon="-122.429925">
      </trkpt>
      <trkpt lat="37.776039" lon="-122.429678">
      </trkpt>
      <trkpt lat="37.776052" lon="-122.429572">
      </trkpt>
      <trkpt lat="37.776064" lon="-122.42947699999999">
      </trkpt>
      <trkpt lat="37.776098999999995" lon="-122.42920799999999">
      </trkpt>
      <trkpt lat="37.776227" lon="-122.42819899999999">
      </trkpt>
      <trkpt lat="37.776252" lon="-122.42802999999999">
      </trkpt>
      <trkpt lat="37.776261999999996" lon="-122.427928">
      </trkpt>
      <trkpt lat="37.77618" lon="-122.42791199999999">
      </trkpt>
      <trkpt lat="37.775844" lon="-122.427844">
      </trkpt>
      <trkpt lat="37.775797" lon="-122.42783399999999">
      </trkpt>
      <trkpt lat="37.775763" lon="-122.427827">
      </trkpt>
      <trkpt lat="37.775405" lon="-122.427757">
      </trkpt>
      <trkpt lat="37.77533" lon="-122.42774">
      </trkpt>
      <trkpt lat="37.775245999999996" lon="-122.427725">
      </trkpt>
      <trkpt lat="37.774862999999996" lon="-122.427646">
      </trkpt>
      <trkpt lat="37.774483" lon="-122.42756899999999">
      </trkpt>
      <trkpt lat="37.774395999999996" lon="-122.427551">
      </trkpt>
      <trkpt lat="37.774332" lon="-122.427539">
      </trkpt>
      <trkpt lat="37.773986" lon="-122.42746899999999">
      </trkpt>
      <trkpt lat="37.773931999999995" lon="-122.427458">
      </trkpt>
      <trkpt lat="37.773908" lon="-122.427453">
      </trkpt>
      <trkpt lat="37.773467" lon="-122.427364">
      </trkpt>
      <trkpt lat="37.773007" lon="-122.42727099999999">
      </trkpt>
      <trkpt lat="37.772971999999996" lon="-122.42755299999999">
      </trkpt>
      <trkpt lat="37.772945" lon="-122.42777299999999">
      </trkpt>
      <trkpt lat="37.772929999999995" lon="-122.42790099999999">
      </trkpt>
      <trkpt lat="37.772891" lon="-122.428215">
      </trkpt>
      <trkpt lat="37.772805" lon="-122.42891499999999">
      </trkpt>
      <trkpt lat="37.772404" lon="-122.428834">
      </trkpt>
      <trkpt lat="37.772326" lon="-122.42881799999999">
      </trkpt>
      <trkpt lat="37.772242" lon="-122.4288">
      </trkpt>
      <trkpt lat="37.771848999999996" lon="-122.428722">
      </trkpt>
      <trkpt lat="37.771474" lon="-122.42864499999999">
      </trkpt>
      <trkpt lat="37.77139" lon="-122.428629">
      </trkpt>
      <trkpt lat="37.771401" lon="-122.42854799999999">
      </trkpt>
      <trkpt lat="37.7716" lon="-122.426986">
      </trkpt>
      <trkpt lat="37.771688999999995" lon="-122.426266">
      </trkpt>
      <trkpt lat="37.771431" lon="-122.426216">
      </trkpt>
      <trkpt lat="37.770947" lon="-122.42612199999999">
      </trkpt>
      <trkpt lat="37.770838999999995" lon="-122.426099">
      </trkpt>
      <trkpt lat="37.770759" lon="-122.42608299999999">
      </trkpt>
      <trkpt lat="37.770863999999996" lon="-122.42526199999999">
      </trkpt>
      <trkpt lat="37.770875" lon="-122.425147">
      </trkpt>
      <trkpt lat="37.770781" lon="-122.42508099999999">
      </trkpt>
      <trkpt lat="37.770738" lon="-122.425">
      </trkpt>
      <trkpt lat="37.770717" lon="-122.424956">
      </trkpt>
      <trkpt lat="37.770714999999996" lon="-122.42495199999999">
      </trkpt>
      <trkpt lat="37.770685" lon="-122.424893">
      </trkpt>
      <trkpt lat="37.77068" lon="-122.424881">
      </trkpt>
      <trkpt lat="37.770655" lon="-122.424832">
      </trkpt>
      <trkpt lat="37.770616" lon="-122.42477299999999">
      </trkpt>
      <trkpt lat="37.770587" lon="-122.42474299999999">
      </trkpt>
      <trkpt lat="37.770556" lon="-122.42472699999999">
      </trkpt>
      <trkpt lat="37.770210999999996" lon="-122.42468799999999">
      </trkpt>
      <trkpt lat="37.770088" lon="-122.424675">
      </trkpt>
      <trkpt lat="37.770016" lon="-122.424667">
      </trkpt>
      <trkpt lat="37.769838" lon="-122.424647">
      </trkpt>
      <trkpt lat="37.769739" lon="-122.42463699999999">
      </trkpt>
      <trkpt lat="37.769745" lon="-122.42454199999999">
      </trkpt>
      <trkpt lat="37.769748" lon="-122.424481">
      </trkpt>
      <trkpt lat="37.769763" lon="-122.42424199999999">
      </trkpt>
      <trkpt lat="37.76978" lon="-122.42395499999999">
      </trkpt>
      <trkpt lat="37.769783" lon="-122.42389899999999">
      </trkpt>
      <trkpt lat="37.769788" lon="-122.42382099999999">
      </trkpt>
      <trkpt lat="37.769830999999996" lon="-122.42316">
      </trkpt>
      <trkpt lat="37.769870999999995" lon="-122.422507">
      </trkpt>
      <trkpt lat="37.769878" lon="-122.422387">
      </trkpt>
      <trkpt lat="37.769785" lon="-122.42237499999999">
      </trkpt>
      <trkpt lat="37.769296" lon="-122.422332">
      </trkpt>
      <trkpt lat="37.768771" lon="-122.422282">
      </trkpt>
      <trkpt lat="37.768502" lon="-122.42225699999999">
      </trkpt>
      <trkpt lat="37.768408" lon="-122.422247">
      </trkpt>
      <trkpt lat="37.768415" lon="-122.422123">
      </trkpt>
      <trkpt lat="37.768415999999995" lon="-122.42210999999999">
      </trkpt>
      <trkpt lat="37.768415" lon="-122.422123">
      </trkpt>
      <trkpt lat="37.768408" lon="-122.422247">
      </trkpt>
      <trkpt lat="37.768222" lon="-122.422229">
      </trkpt>
      <trkpt lat="37.768145" lon="-122.42222199999999">
      </trkpt>
      <trkpt lat="37.768153" lon="-122.422089">
      </trkpt>
      <trkpt lat="37.768156999999995" lon="-122.422021">
      </trkpt>
      <trkpt lat="37.768195" lon="-122.42138399999999">
      </trkpt>
      <trkpt lat="37.768205" lon="-122.42120999999999">
      </trkpt>
      <trkpt lat="37.768229999999996" lon="-122.420797">
      </trkpt>
      <trkpt lat="37.768254999999996" lon="-122.42036999999999">
      </trkpt>
      <trkpt lat="37.768263999999995" lon="-122.420214">
      </trkpt>
      <trkpt lat="37.768269" lon="-122.420136">
      </trkpt>
      <trkpt lat="37.768277" lon="-122.42000499999999">
      </trkpt>
      <trkpt lat="37.768284" lon="-122.419878">
      </trkpt>
      <trkpt lat="37.768321" lon="-122.419247">
      </trkpt>
      <trkpt lat="37.768254999999996" lon="-122.419241">
      </trkpt>
      <trkpt lat="37.767747" lon="-122.41919499999999">
      </trkpt>
      <trkpt lat="37.767607" lon="-122.41918199999999">
      </trkpt>
      <trkpt lat="37.767392" lon="-122.419162">
      </trkpt>
      <trkpt lat="37.767032" lon="-122.419129">
      </trkpt>
      <trkpt lat="37.766717" lon="-122.4191">
      </trkpt>
      <trkpt lat="37.766689" lon="-122.419737">
      </trkpt>
      <trkpt lat="37.766677" lon="-122.419844">
      </trkpt>
      <trkpt lat="37.76667" lon="-122.419969">
      </trkpt>
      <trkpt lat="37.766633" lon="-122.420654">
      </trkpt>
      <trkpt lat="37.766613" lon="-122.421008">
      </trkpt>
      <trkpt lat="37.76661" lon="-122.42105699999999">
      </trkpt>
      <trkpt lat="37.766543999999996" lon="-122.42105199999999">
      </trkpt>
      <trkpt lat="37.765420999999996" lon="-122.42094399999999">
      </trkpt>
      <trkpt lat="37.765080999999995" lon="-122.420914">
      </trkpt>
      <trkpt lat="37.764977" lon="-122.420901">
      </trkpt>
      <trkpt lat="37.764995" lon="-122.420597">
      </trkpt>
      <trkpt lat="37.765001999999996" lon="-122.42048899999999">
      </trkpt>
      <trkpt lat="37.765004" lon="-122.42044299999999">
      </trkpt>
      <trkpt lat="37.765021999999995" lon="-122.42016299999999">
      </trkpt>
      <trkpt lat="37.765039" lon="-122.419882">
      </trkpt>
      <trkpt lat="37.765043" lon="-122.41981799999999">
      </trkpt>
      <trkpt lat="37.765052" lon="-122.41968899999999">
      </trkpt>
      <trkpt lat="37.76506" lon="-122.41957099999999">
      </trkpt>
      <trkpt lat="37.765065" lon="-122.419484">
      </trkpt>
      <trkpt lat="37.765074" lon="-122.419348">
      </trkpt>
      <trkpt lat="37.765079" lon="-122.41926199999999">
      </trkpt>
      <trkpt lat="37.765108" lon="-122.418814">
      </trkpt>
      <trkpt lat="37.765117" lon="-122.418669">
      </trkpt>
      <trkpt lat="37.765129" lon="-122.418516">
      </trkpt>
      <trkpt lat="37.765162" lon="-122.417975">
      </trkpt>
      <trkpt lat="37.76517" lon="-122.417857">
      </trkpt>
      <trkpt lat="37.765184" lon="-122.41764099999999">
      </trkpt>
      <trkpt lat="37.765193" lon="-122.417504">
      </trkpt>
      <trkpt lat="37.765096" lon="-122.41749399999999">
      </trkpt>
      <trkpt lat="37.765034" lon="-122.41748899999999">
      </trkpt>
      <trkpt lat="37.764944" lon="-122.41748">
      </trkpt>
      <trkpt lat="37.764869" lon="-122.417473">
      </trkpt>
      <trkpt lat="37.764804" lon="-122.41746699999999">
      </trkpt>
      <trkpt lat="37.764571" lon="-122.41744399999999">
      </trkpt>
      <trkpt lat="37.764434" lon="-122.417431">
      </trkpt>
      <trkpt lat="37.763905" lon="-122.41738099999999">
      </trkpt>
      <trkpt lat="37.763655" lon="-122.417356">
      </trkpt>
      <trkpt lat="37.763571999999996" lon="-122.417349">
      </trkpt>
      <trkpt lat="37.763579" lon="-122.417228">
      </trkpt>
      <trkpt lat="37.763591999999996" lon="-122.41699">
      </trkpt>
      <trkpt lat="37.763629" lon="-122.416344">
      </trkpt>
      <trkpt lat="37.763633999999996" lon="-122.416249">
      </trkpt>
      <trkpt lat="37.763639" lon="-122.416176">
      </trkpt>
      <trkpt lat="37.763647" lon="-122.41604">
      </trkpt>
      <trkpt lat="37.76366" lon="-122.41583999999999">
      </trkpt>
      <trkpt lat="37.763681" lon="-122.41550199999999">
      </trkpt>
      <trkpt lat="37.763695" lon="-122.41529899999999">
      </trkpt>
      <trkpt lat="37.763698" lon="-122.415245">
      </trkpt>
      <trkpt lat="37.763701999999995" lon="-122.415174">
      </trkpt>
      <trkpt lat="37.76363" lon="-122.415166">
      </trkpt>
      <trkpt lat="37.763478" lon="-122.41515299999999">
      </trkpt>
      <trkpt lat="37.762933" lon="-122.41510299999999">
      </trkpt>
      <trkpt lat="37.762664" lon="-122.41507899999999">
      </trkpt>
      <trkpt lat="37.762398999999995" lon="-122.415054">
      </trkpt>
      <trkpt lat="37.762336999999995" lon="-122.415047">
      </trkpt>
      <trkpt lat="37.762184" lon="-122.415032">
      </trkpt>
      <trkpt lat="37.762107" lon="-122.41502399999999">
      </trkpt>
      <trkpt lat="37.762032999999995" lon="-122.415016">
      </trkpt>
      <trkpt lat="37.761905" lon="-122.415003">
      </trkpt>
      <trkpt lat="37.761879" lon="-122.41500099999999">
      </trkpt>
      <trkpt lat="37.761646" lon="-122.414977">
      </trkpt>
      <trkpt lat="37.761235" lon="-122.41493399999999">
      </trkpt>
      <trkpt lat="37.761243" lon="-122.41482599999999">
      </trkpt>
      <trkpt lat="37.761247" lon="-122.41476999999999">
      </trkpt>
      <trkpt lat="37.761251" lon="-122.41465799999999">
      </trkpt>
      <trkpt lat="37.761267" lon="-122.41437699999999">
      </trkpt>
      <trkpt lat="37.76128" lon="-122.414115">
      </trkpt>
      <trkpt lat="37.761294" lon="-122.413849">
      </trkpt>
      <trkpt lat="37.761387" lon="-122.413861">
      </trkpt>
      <trkpt lat="37.761542" lon="-122.41387599999999">
      </trkpt>
      <trkpt lat="37.761683999999995" lon="-122.41389">
      </trkpt>
      <trkpt lat="37.761542" lon="-122.41387599999999">
      </trkpt>
      <trkpt lat="37.761559" lon="-122.413607">
      </trkpt>
      <trkpt lat="37.761576" lon="-122.41334699999999">
      </trkpt>
      <trkpt lat="37.761590999999996" lon="-122.413108">
      </trkpt>
      <trkpt lat="37.761598" lon="-122.413">
      </trkpt>
      <trkpt lat="37.761601999999996" lon="-122.412932">
      </trkpt>
      <trkpt lat="37.761604" lon="-122.412903">
      </trkpt>
      <trkpt lat="37.761606" lon="-122.412877">
      </trkpt>
      <trkpt lat="37.761612" lon="-122.41278799999999">
      </trkpt>
      <trkpt lat="37.761615" lon="-122.412724">
      </trkpt>
      <trkpt lat="37.761618999999996" lon="-122.412662">
      </trkpt>
      <trkpt lat="37.76162" lon="-122.412645">
      </trkpt>
      <trkpt lat="37.761646999999996" lon="-122.41218699999999">
      </trkpt>
      <trkpt lat="37.761654" lon="-122.412078">
      </trkpt>
      <trkpt lat="37.761575" lon="-122.41207">
      </trkpt>
      <trkpt lat="37.760447" lon="-122.411942">
      </trkpt>
      <trkpt lat="37.760372" lon="-122.41193399999999">
      </trkpt>
      <trkpt lat="37.760377999999996" lon="-122.411839">
      </trkpt>
      <trkpt lat="37.760385" lon="-122.411721">
      </trkpt>
      <trkpt lat="37.759668999999995" lon="-122.411653">
      </trkpt>
      <trkpt lat="37.759172" lon="-122.41160599999999">
      </trkpt>
      <trkpt lat="37.759093" lon="-122.411598">
      </trkpt>
      <trkpt lat="37.759088999999996" lon="-122.411677">
      </trkpt>
      <trkpt lat="37.759080999999995" lon="-122.4118">
      </trkpt>
      <trkpt lat="37.759159" lon="-122.411806">
      </trkpt>
      <trkpt lat="37.759268" lon="-122.41181599999999">
      </trkpt>
      <trkpt lat="37.759442" lon="-122.411828">
      </trkpt>
      <trkpt lat="37.759614" lon="-122.411841">
      </trkpt>
      <trkpt lat="37.759609999999995" lon="-122.411936">
      </trkpt>
      <trkpt lat="37.759614" lon="-122.411841">
      </trkpt>
      <trkpt lat="37.759442" lon="-122.411828">
      </trkpt>
      <trkpt lat="37.759268" lon="-122.41181599999999">
      </trkpt>
      <trkpt lat="37.759159" lon="-122.411806">
      </trkpt>
      <trkpt lat="37.759080999999995" lon="-122.4118">
      </trkpt>
      <trkpt lat="37.759088999999996" lon="-122.411677">
      </trkpt>
      <trkpt lat="37.759093" lon="-122.411598">
      </trkpt>
      <trkpt lat="37.759098" lon="-122.411519">
      </trkpt>
      <trkpt lat="37.759139" lon="-122.410906">
      </trkpt>
      <trkpt lat="37.759139" lon="-122.41086">
      </trkpt>
      <trkpt lat="37.759144" lon="-122.41077999999999">
      </trkpt>
      <trkpt lat="37.75908" lon="-122.41069999999999">
      </trkpt>
      <trkpt lat="37.759062" lon="-122.41069399999999">
      </trkpt>
      <trkpt lat="37.758761" lon="-122.410663">
      </trkpt>
      <trkpt lat="37.757796" lon="-122.41057199999999">
      </trkpt>
      <trkpt lat="37.757616999999996" lon="-122.41055499999999">
      </trkpt>
      <trkpt lat="37.757546999999995" lon="-122.41054899999999">
      </trkpt>
      <trkpt lat="37.75748" lon="-122.41054199999999">
      </trkpt>
      <trkpt lat="37.755950999999996" lon="-122.410394">
      </trkpt>
      <trkpt lat="37.755998" lon="-122.409571">
      </trkpt>
      <trkpt lat="37.756004" lon="-122.40946199999999">
      </trkpt>
      <trkpt lat="37.755942" lon="-122.40945699999999">
      </trkpt>
      <trkpt lat="37.755775" lon="-122.409441">
      </trkpt>
      <trkpt lat="37.75566" lon="-122.409431">
      </trkpt>
      <trkpt lat="37.755199" lon="-122.40938899999999">
      </trkpt>
      <trkpt lat="37.754687" lon="-122.409306">
      </trkpt>
      <trkpt lat="37.754481999999996" lon="-122.40928">
      </trkpt>
      <trkpt lat="37.75441" lon="-122.40927599999999">
      </trkpt>
      <trkpt lat="37.754414" lon="-122.40918599999999">
      </trkpt>
      <trkpt lat="37.754456999999995" lon="-122.408445">
      </trkpt>
      <trkpt lat="37.754463" lon="-122.408361">
      </trkpt>
      <trkpt lat="37.754397999999995" lon="-122.40835399999999">
      </trkpt>
      <trkpt lat="37.753381999999995" lon="-122.408261">
      </trkpt>
      <trkpt lat="37.752939999999995" lon="-122.40822">
      </trkpt>
      <trkpt lat="37.75286" lon="-122.408214">
      </trkpt>
      <trkpt lat="37.752783" lon="-122.40820599999999">
      </trkpt>
      <trkpt lat="37.751267" lon="-122.40806099999999">
      </trkpt>
      <trkpt lat="37.751321" lon="-122.40717">
      </trkpt>
      <trkpt lat="37.750941999999995" lon="-122.407134">
      </trkpt>
      <trkpt lat="37.749992" lon="-122.40704299999999">
      </trkpt>
      <trkpt lat="37.749953" lon="-122.40703599999999">
      </trkpt>
      <trkpt lat="37.749919" lon="-122.40701999999999">
      </trkpt>
      <trkpt lat="37.749818" lon="-122.40696899999999">
      </trkpt>
      <trkpt lat="37.749745" lon="-122.406932">
      </trkpt>
      <trkpt lat="37.749677999999996" lon="-122.406897">
      </trkpt>
      <trkpt lat="37.749319" lon="-122.406708">
      </trkpt>
      <trkpt lat="37.749232" lon="-122.406678">
      </trkpt>
      <trkpt lat="37.749041999999996" lon="-122.406561">
      </trkpt>
      <trkpt lat="37.748957" lon="-122.40650799999999">
      </trkpt>
      <trkpt lat="37.7489" lon="-122.406623">
      </trkpt>
      <trkpt lat="37.748833" lon="-122.40672199999999">
      </trkpt>
      <trkpt lat="37.748757999999995" lon="-122.406953">
      </trkpt>
      <trkpt lat="37.748486" lon="-122.407794">
      </trkpt>
      <trkpt lat="37.748436999999996" lon="-122.40803199999999">
      </trkpt>
      <trkpt lat="37.748422" lon="-122.408164">
      </trkpt>
      <trkpt lat="37.748411999999995" lon="-122.408334">
      </trkpt>
      <trkpt lat="37.748411" lon="-122.408604">
      </trkpt>
      <trkpt lat="37.748411" lon="-122.408733">
      </trkpt>
      <trkpt lat="37.748306" lon="-122.408715">
      </trkpt>
      <trkpt lat="37.748235" lon="-122.40870299999999">
      </trkpt>
      <trkpt lat="37.748045999999995" lon="-122.408687">
      </trkpt>
      <trkpt lat="37.747968" lon="-122.40867999999999">
      </trkpt>
      <trkpt lat="37.748014999999995" lon="-122.408569">
      </trkpt>
      <trkpt lat="37.748115" lon="-122.408332">
      </trkpt>
      <trkpt lat="37.748127" lon="-122.40826899999999">
      </trkpt>
      <trkpt lat="37.748148" lon="-122.40821799999999">
      </trkpt>
      <trkpt lat="37.748162" lon="-122.40818399999999">
      </trkpt>
      <trkpt lat="37.748197" lon="-122.40809899999999">
      </trkpt>
      <trkpt lat="37.748233" lon="-122.40802099999999">
      </trkpt>
      <trkpt lat="37.748329999999996" lon="-122.40790399999999">
      </trkpt>
      <trkpt lat="37.748256999999995" lon="-122.407849">
      </trkpt>
      <trkpt lat="37.748094" lon="-122.407736">
      </trkpt>
      <trkpt lat="37.748256999999995" lon="-122.407849">
      </trkpt>
      <trkpt lat="37.748329999999996" lon="-122.40790399999999">
      </trkpt>
      <trkpt lat="37.748374" lon="-122.407755">
      </trkpt>
      <trkpt lat="37.748431" lon="-122.407602">
      </trkpt>
      <trkpt lat="37.748719" lon="-122.406751">
      </trkpt>
      <trkpt lat="37.748658" lon="-122.406718">
      </trkpt>
      <trkpt lat="37.748563" lon="-122.40666499999999">
      </trkpt>
      <trkpt lat="37.747886" lon="-122.406318">
      </trkpt>
      <trkpt lat="37.747882" lon="-122.40619699999999">
      </trkpt>
      <trkpt lat="37.747883" lon="-122.40610199999999">
      </trkpt>
      <trkpt lat="37.747878" lon="-122.406059">
      </trkpt>
      <trkpt lat="37.747845999999996" lon="-122.406072">
      </trkpt>
      <trkpt lat="37.74772" lon="-122.40644999999999">
      </trkpt>
      <trkpt lat="37.74772" lon="-122.406531">
      </trkpt>
      <trkpt lat="37.747636" lon="-122.40681599999999">
      </trkpt>
      <trkpt lat="37.747645" lon="-122.406916">
      </trkpt>
      <trkpt lat="37.74753" lon="-122.407198">
      </trkpt>
      <trkpt lat="37.747462999999996" lon="-122.407225">
      </trkpt>
      <trkpt lat="37.747440999999995" lon="-122.40728">
      </trkpt>
      <trkpt lat="37.746925999999995" lon="-122.40844399999999">
      </trkpt>
      <trkpt lat="37.74686" lon="-122.408609">
      </trkpt>
      <trkpt lat="37.746871999999996" lon="-122.40864599999999">
      </trkpt>
      <trkpt lat="37.746776" lon="-122.408887">
      </trkpt>
      <trkpt lat="37.746722" lon="-122.409014">
      </trkpt>
      <trkpt lat="37.7467" lon="-122.409055">
      </trkpt>
      <trkpt lat="37.74667" lon="-122.409072">
      </trkpt>
      <trkpt lat="37.746615" lon="-122.409071">
      </trkpt>
      <trkpt lat="37.746562" lon="-122.409038">
      </trkpt>
      <trkpt lat="37.746423" lon="-122.409053">
      </trkpt>
      <trkpt lat="37.746431" lon="-122.40892099999999">
      </trkpt>
      <trkpt lat="37.746415999999996" lon="-122.408878">
      </trkpt>
      <trkpt lat="37.746344" lon="-122.40876">
      </trkpt>
      <trkpt lat="37.746317999999995" lon="-122.408671">
      </trkpt>
      <trkpt lat="37.746307" lon="-122.408543">
      </trkpt>
      <trkpt lat="37.746345" lon="-122.408402">
      </trkpt>
      <trkpt lat="37.746465" lon="-122.408125">
      </trkpt>
      <trkpt lat="37.746932" lon="-122.40705">
      </trkpt>
      <trkpt lat="37.746595" lon="-122.40649599999999">
      </trkpt>
      <trkpt lat="37.746570999999996" lon="-122.406594">
      </trkpt>
      <trkpt lat="37.746269" lon="-122.40732">
      </trkpt>
      <trkpt lat="37.746176" lon="-122.40753">
      </trkpt>
      <trkpt lat="37.746156" lon="-122.407562">
      </trkpt>
      <trkpt lat="37.746116" lon="-122.40760999999999">
      </trkpt>
      <trkpt lat="37.746086" lon="-122.407657">
      </trkpt>
      <trkpt lat="37.746061999999995" lon="-122.407708">
      </trkpt>
      <trkpt lat="37.746041" lon="-122.407764">
      </trkpt>
      <trkpt lat="37.746024" lon="-122.40781899999999">
      </trkpt>
      <trkpt lat="37.746009" lon="-122.407893">
      </trkpt>
      <trkpt lat="37.745995" lon="-122.40793599999999">
      </trkpt>
      <trkpt lat="37.745855999999996" lon="-122.40825799999999">
      </trkpt>
      <trkpt lat="37.745601" lon="-122.40885">
      </trkpt>
      <trkpt lat="37.745619999999995" lon="-122.408913">
      </trkpt>
      <trkpt lat="37.745636" lon="-122.408968">
      </trkpt>
      <trkpt lat="37.745576" lon="-122.410389">
      </trkpt>
      <trkpt lat="37.745571" lon="-122.41049799999999">
      </trkpt>
      <trkpt lat="37.745298" lon="-122.410474">
      </trkpt>
      <trkpt lat="37.744918" lon="-122.41044099999999">
      </trkpt>
      <trkpt lat="37.744324999999996" lon="-122.410389">
      </trkpt>
      <trkpt lat="37.744427" lon="-122.40868999999999">
      </trkpt>
      <trkpt lat="37.743382" lon="-122.40859999999999">
      </trkpt>
      <trkpt lat="37.743314999999996" lon="-122.408839">
      </trkpt>
      <trkpt lat="37.74329" lon="-122.40905599999999">
      </trkpt>
      <trkpt lat="37.743258" lon="-122.409171">
      </trkpt>
      <trkpt lat="37.743249999999996" lon="-122.40928699999999">
      </trkpt>
      <trkpt lat="37.743246" lon="-122.409319">
      </trkpt>
      <trkpt lat="37.74323" lon="-122.409398">
      </trkpt>
      <trkpt lat="37.743252999999996" lon="-122.409437">
      </trkpt>
      <trkpt lat="37.743268" lon="-122.409482">
      </trkpt>
      <trkpt lat="37.743275" lon="-122.409531">
      </trkpt>
      <trkpt lat="37.743276" lon="-122.40954199999999">
      </trkpt>
      <trkpt lat="37.743275" lon="-122.409531">
      </trkpt>
      <trkpt lat="37.743268" lon="-122.409482">
      </trkpt>
      <trkpt lat="37.743252999999996" lon="-122.409437">
      </trkpt>
      <trkpt lat="37.74323" lon="-122.409398">
      </trkpt>
      <trkpt lat="37.7432" lon="-122.40937799999999">
      </trkpt>
      <trkpt lat="37.743168" lon="-122.40937199999999">
      </trkpt>
      <trkpt lat="37.743044999999995" lon="-122.409379">
      </trkpt>
      <trkpt lat="37.743021999999996" lon="-122.409381">
      </trkpt>
      <trkpt lat="37.743024999999996" lon="-122.409449">
      </trkpt>
      <trkpt lat="37.743054" lon="-122.409809">
      </trkpt>
      <trkpt lat="37.743057" lon="-122.409898">
      </trkpt>
      <trkpt lat="37.743044999999995" lon="-122.40997899999999">
      </trkpt>
      <trkpt lat="37.74302" lon="-122.410072">
      </trkpt>
      <trkpt lat="37.74296" lon="-122.410051">
      </trkpt>
      <trkpt lat="37.742903999999996" lon="-122.410057">
      </trkpt>
      <trkpt lat="37.74282" lon="-122.410067">
      </trkpt>
      <trkpt lat="37.742740999999995" lon="-122.410096">
      </trkpt>
      <trkpt lat="37.742618" lon="-122.410015">
      </trkpt>
      <trkpt lat="37.742422999999995" lon="-122.410027">
      </trkpt>
      <trkpt lat="37.742424" lon="-122.410179">
      </trkpt>
      <trkpt lat="37.742424" lon="-122.41022299999999">
      </trkpt>
      <trkpt lat="37.742416999999996" lon="-122.410263">
      </trkpt>
      <trkpt lat="37.742335" lon="-122.410472">
      </trkpt>
      <trkpt lat="37.742318" lon="-122.410524">
      </trkpt>
      <trkpt lat="37.742308" lon="-122.41057699999999">
      </trkpt>
      <trkpt lat="37.742273" lon="-122.41069399999999">
      </trkpt>
      <trkpt lat="37.742262" lon="-122.411058">
      </trkpt>
      <trkpt lat="37.742256999999995" lon="-122.411231">
      </trkpt>
      <trkpt lat="37.742233" lon="-122.411329">
      </trkpt>
      <trkpt lat="37.742218" lon="-122.411351">
      </trkpt>
      <trkpt lat="37.742194" lon="-122.411357">
      </trkpt>
      <trkpt lat="37.741959" lon="-122.411318">
      </trkpt>
      <trkpt lat="37.741848999999995" lon="-122.41132499999999">
      </trkpt>
      <trkpt lat="37.741800999999995" lon="-122.411328">
      </trkpt>
      <trkpt lat="37.741776" lon="-122.411335">
      </trkpt>
      <trkpt lat="37.741752" lon="-122.411349">
      </trkpt>
      <trkpt lat="37.741735999999996" lon="-122.411379">
      </trkpt>
      <trkpt lat="37.741732999999996" lon="-122.411423">
      </trkpt>
      <trkpt lat="37.741754" lon="-122.41194899999999">
      </trkpt>
      <trkpt lat="37.741776" lon="-122.412567">
      </trkpt>
      <trkpt lat="37.741777" lon="-122.412618">
      </trkpt>
      <trkpt lat="37.741794" lon="-122.413007">
      </trkpt>
      <trkpt lat="37.741761" lon="-122.41319">
      </trkpt>
      <trkpt lat="37.741474" lon="-122.413213">
      </trkpt>
      <trkpt lat="37.740292" lon="-122.413316">
      </trkpt>
      <trkpt lat="37.740068" lon="-122.41333399999999">
      </trkpt>
      <trkpt lat="37.739286" lon="-122.41339699999999">
      </trkpt>
      <trkpt lat="37.739059" lon="-122.413417">
      </trkpt>
      <trkpt lat="37.738985" lon="-122.41337299999999">
      </trkpt>
      <trkpt lat="37.738977" lon="-122.413467">
      </trkpt>
      <trkpt lat="37.73896" lon="-122.413668">
      </trkpt>
      <trkpt lat="37.738932999999996" lon="-122.413995">
      </trkpt>
      <trkpt lat="37.738924" lon="-122.414121">
      </trkpt>
      <trkpt lat="37.738892" lon="-122.414554">
      </trkpt>
      <trkpt lat="37.738890999999995" lon="-122.41457">
      </trkpt>
      <trkpt lat="37.738886" lon="-122.414628">
      </trkpt>
      <trkpt lat="37.738893" lon="-122.41469599999999">
      </trkpt>
      <trkpt lat="37.738895" lon="-122.414717">
      </trkpt>
      <trkpt lat="37.738938999999995" lon="-122.415162">
      </trkpt>
      <trkpt lat="37.738946" lon="-122.415256">
      </trkpt>
      <trkpt lat="37.738949999999996" lon="-122.41529999999999">
      </trkpt>
      <trkpt lat="37.738974999999996" lon="-122.415588">
      </trkpt>
      <trkpt lat="37.738993" lon="-122.415803">
      </trkpt>
      <trkpt lat="37.739" lon="-122.415876">
      </trkpt>
      <trkpt lat="37.739002" lon="-122.415899">
      </trkpt>
      <trkpt lat="37.73905" lon="-122.41640299999999">
      </trkpt>
      <trkpt lat="37.739052" lon="-122.416422">
      </trkpt>
      <trkpt lat="37.739059999999995" lon="-122.4165">
      </trkpt>
      <trkpt lat="37.739067999999996" lon="-122.416584">
      </trkpt>
      <trkpt lat="37.73907" lon="-122.41660499999999">
      </trkpt>
      <trkpt lat="37.739122" lon="-122.41713899999999">
      </trkpt>
      <trkpt lat="37.739129" lon="-122.41722">
      </trkpt>
      <trkpt lat="37.739186" lon="-122.41777499999999">
      </trkpt>
      <trkpt lat="37.738983999999995" lon="-122.41780999999999">
      </trkpt>
      <trkpt lat="37.738817999999995" lon="-122.417836">
      </trkpt>
      <trkpt lat="37.738428" lon="-122.417896">
      </trkpt>
      <trkpt lat="37.738029" lon="-122.417958">
      </trkpt>
      <trkpt lat="37.737812999999996" lon="-122.417991">
      </trkpt>
      <trkpt lat="37.737125999999996" lon="-122.41809699999999">
      </trkpt>
      <trkpt lat="37.737162999999995" lon="-122.418824">
      </trkpt>
      <trkpt lat="37.737275" lon="-122.41879999999999">
      </trkpt>
      <trkpt lat="37.737389" lon="-122.41878899999999">
      </trkpt>
      <trkpt lat="37.737485" lon="-122.41878899999999">
      </trkpt>
      <trkpt lat="37.737587999999995" lon="-122.41880599999999">
      </trkpt>
      <trkpt lat="37.737691" lon="-122.418832">
      </trkpt>
      <trkpt lat="37.7378" lon="-122.41887899999999">
      </trkpt>
      <trkpt lat="37.737904" lon="-122.418942">
      </trkpt>
      <trkpt lat="37.737992" lon="-122.41901999999999">
      </trkpt>
      <trkpt lat="37.738068" lon="-122.419107">
      </trkpt>
      <trkpt lat="37.738132" lon="-122.419208">
      </trkpt>
      <trkpt lat="37.738188" lon="-122.419321">
      </trkpt>
      <trkpt lat="37.738236" lon="-122.41947599999999">
      </trkpt>
      <trkpt lat="37.73826" lon="-122.41962799999999">
      </trkpt>
      <trkpt lat="37.738264" lon="-122.419793">
      </trkpt>
      <trkpt lat="37.738247" lon="-122.419945">
      </trkpt>
      <trkpt lat="37.738214" lon="-122.42008799999999">
      </trkpt>
      <trkpt lat="37.73817" lon="-122.420223">
      </trkpt>
      <trkpt lat="37.738113999999996" lon="-122.42034899999999">
      </trkpt>
      <trkpt lat="37.738048" lon="-122.420485">
      </trkpt>
      <trkpt lat="37.738040999999996" lon="-122.4206">
      </trkpt>
      <trkpt lat="37.737958" lon="-122.420706">
      </trkpt>
      <trkpt lat="37.737848" lon="-122.42074799999999">
      </trkpt>
      <trkpt lat="37.737742" lon="-122.42083299999999">
      </trkpt>
      <trkpt lat="37.737727" lon="-122.42084299999999">
      </trkpt>
      <trkpt lat="37.737618" lon="-122.42092199999999">
      </trkpt>
      <trkpt lat="37.737503" lon="-122.42098899999999">
      </trkpt>
      <trkpt lat="37.737381" lon="-122.421044">
      </trkpt>
      <trkpt lat="37.737262" lon="-122.42108499999999">
      </trkpt>
      <trkpt lat="37.737356999999996" lon="-122.42311699999999">
      </trkpt>
      <trkpt lat="37.737595" lon="-122.423102">
      </trkpt>
      <trkpt lat="37.737995999999995" lon="-122.42307699999999">
      </trkpt>
      <trkpt lat="37.738102999999995" lon="-122.423052">
      </trkpt>
      <trkpt lat="37.738399" lon="-122.42285299999999">
      </trkpt>
      <trkpt lat="37.738602" lon="-122.42335299999999">
      </trkpt>
      <trkpt lat="37.738803" lon="-122.42383299999999">
      </trkpt>
      <trkpt lat="37.738856999999996" lon="-122.42396699999999">
      </trkpt>
      <trkpt lat="37.738741" lon="-122.423974">
      </trkpt>
      <trkpt lat="37.737632" lon="-122.42404099999999">
      </trkpt>
      <trkpt lat="37.737441" lon="-122.42405199999999">
      </trkpt>
      <trkpt lat="37.737368" lon="-122.42405699999999">
      </trkpt>
      <trkpt lat="37.737341" lon="-122.42418699999999">
      </trkpt>
      <trkpt lat="37.737381" lon="-122.42470999999999">
      </trkpt>
      <trkpt lat="37.737386" lon="-122.42474999999999">
      </trkpt>
      <trkpt lat="37.737396" lon="-122.424791">
      </trkpt>
      <trkpt lat="37.737407" lon="-122.42482799999999">
      </trkpt>
      <trkpt lat="37.737434" lon="-122.42488499999999">
      </trkpt>
      <trkpt lat="37.737441" lon="-122.424903">
      </trkpt>
      <trkpt lat="37.737719" lon="-122.42546">
      </trkpt>
      <trkpt lat="37.737742" lon="-122.42549799999999">
      </trkpt>
      <trkpt lat="37.737764999999996" lon="-122.425536">
      </trkpt>
      <trkpt lat="37.737826" lon="-122.42549">
      </trkpt>
      <trkpt lat="37.73789" lon="-122.42544199999999">
      </trkpt>
      <trkpt lat="37.738223" lon="-122.42527399999999">
      </trkpt>
      <trkpt lat="37.738358" lon="-122.426076">
      </trkpt>
      <trkpt lat="37.738047" lon="-122.42642599999999">
      </trkpt>
      <trkpt lat="37.737269" lon="-122.427624">
      </trkpt>
      <trkpt lat="37.737214" lon="-122.427707">
      </trkpt>
      <trkpt lat="37.737732" lon="-122.428247">
      </trkpt>
      <trkpt lat="37.737752" lon="-122.42826799999999">
      </trkpt>
      <trkpt lat="37.737763" lon="-122.428231">
      </trkpt>
      <trkpt lat="37.737781" lon="-122.428198">
      </trkpt>
      <trkpt lat="37.737807" lon="-122.42817199999999">
      </trkpt>
      <trkpt lat="37.737835" lon="-122.42815399999999">
      </trkpt>
      <trkpt lat="37.738321" lon="-122.427972">
      </trkpt>
      <trkpt lat="37.73836" lon="-122.427965">
      </trkpt>
      <trkpt lat="37.738400999999996" lon="-122.427967">
      </trkpt>
      <trkpt lat="37.738439" lon="-122.427979">
      </trkpt>
      <trkpt lat="37.738628999999996" lon="-122.428061">
      </trkpt>
      <trkpt lat="37.738647" lon="-122.42807499999999">
      </trkpt>
      <trkpt lat="37.738659" lon="-122.42809299999999">
      </trkpt>
      <trkpt lat="37.738669" lon="-122.428111">
      </trkpt>
      <trkpt lat="37.738817" lon="-122.42817799999999">
      </trkpt>
      <trkpt lat="37.738943" lon="-122.428236">
      </trkpt>
      <trkpt lat="37.738973" lon="-122.428253">
      </trkpt>
      <trkpt lat="37.739" lon="-122.428282">
      </trkpt>
      <trkpt lat="37.739024" lon="-122.42831299999999">
      </trkpt>
      <trkpt lat="37.740186" lon="-122.430323">
      </trkpt>
      <trkpt lat="37.740204" lon="-122.43035499999999">
      </trkpt>
      <trkpt lat="37.740463999999996" lon="-122.43080499999999">
      </trkpt>
      <trkpt lat="37.740539" lon="-122.43091">
      </trkpt>
      <trkpt lat="37.740643" lon="-122.43108">
      </trkpt>
      <trkpt lat="37.740829" lon="-122.4313">
      </trkpt>
      <trkpt lat="37.741022" lon="-122.43153099999999">
      </trkpt>
      <trkpt lat="37.741361" lon="-122.43179699999999">
      </trkpt>
      <trkpt lat="37.741687" lon="-122.43204899999999">
      </trkpt>
      <trkpt lat="37.741755999999995" lon="-122.43203299999999">
      </trkpt>
      <trkpt lat="37.741811" lon="-122.432081">
      </trkpt>
      <trkpt lat="37.741799" lon="-122.43224199999999">
      </trkpt>
      <trkpt lat="37.741779" lon="-122.43242699999999">
      </trkpt>
      <trkpt lat="37.741775" lon="-122.432469">
      </trkpt>
      <trkpt lat="37.741783999999996" lon="-122.43251599999999">
      </trkpt>
      <trkpt lat="37.7418" lon="-122.432597">
      </trkpt>
      <trkpt lat="37.741899" lon="-122.43278099999999">
      </trkpt>
      <trkpt lat="37.741929999999996" lon="-122.432969">
      </trkpt>
      <trkpt lat="37.741903" lon="-122.43325899999999">
      </trkpt>
      <trkpt lat="37.741962" lon="-122.43326499999999">
      </trkpt>
      <trkpt lat="37.742428" lon="-122.433309">
      </trkpt>
      <trkpt lat="37.742495" lon="-122.433315">
      </trkpt>
      <trkpt lat="37.743175" lon="-122.43338">
      </trkpt>
      <trkpt lat="37.743302" lon="-122.43332099999999">
      </trkpt>
      <trkpt lat="37.744081" lon="-122.433397">
      </trkpt>
      <trkpt lat="37.744028" lon="-122.43417199999999">
      </trkpt>
      <trkpt lat="37.744081" lon="-122.433397">
      </trkpt>
      <trkpt lat="37.744881" lon="-122.433466">
      </trkpt>
      <trkpt lat="37.74476" lon="-122.435704">
      </trkpt>
      <trkpt lat="37.745486" lon="-122.435769">
      </trkpt>
      <trkpt lat="37.745556" lon="-122.43577599999999">
      </trkpt>
      <trkpt lat="37.745582999999996" lon="-122.43527399999999">
      </trkpt>
      <trkpt lat="37.745556" lon="-122.43577599999999">
      </trkpt>
      <trkpt lat="37.745669" lon="-122.43578699999999">
      </trkpt>
      <trkpt lat="37.746265" lon="-122.43584899999999">
      </trkpt>
      <trkpt lat="37.746319" lon="-122.43585399999999">
      </trkpt>
      <trkpt lat="37.746379999999995" lon="-122.43585999999999">
      </trkpt>
      <trkpt lat="37.746733" lon="-122.435893">
      </trkpt>
      <trkpt lat="37.746379999999995" lon="-122.43585999999999">
      </trkpt>
      <trkpt lat="37.746319" lon="-122.43585399999999">
      </trkpt>
      <trkpt lat="37.746265" lon="-122.43584899999999">
      </trkpt>
      <trkpt lat="37.745669" lon="-122.43578699999999">
      </trkpt>
      <trkpt lat="37.745556" lon="-122.43577599999999">
      </trkpt>
      <trkpt lat="37.745565" lon="-122.435891">
      </trkpt>
      <trkpt lat="37.745443" lon="-122.437956">
      </trkpt>
      <trkpt lat="37.744634999999995" lon="-122.437879">
      </trkpt>
      <trkpt lat="37.744648999999995" lon="-122.437618">
      </trkpt>
      <trkpt lat="37.744665" lon="-122.437338">
      </trkpt>
      <trkpt lat="37.744648999999995" lon="-122.437618">
      </trkpt>
      <trkpt lat="37.744634999999995" lon="-122.437879">
      </trkpt>
      <trkpt lat="37.745443" lon="-122.437956">
      </trkpt>
      <trkpt lat="37.745318" lon="-122.440068">
      </trkpt>
      <trkpt lat="37.745311" lon="-122.440168">
      </trkpt>
      <trkpt lat="37.745233" lon="-122.440142">
      </trkpt>
      <trkpt lat="37.745205999999996" lon="-122.44012599999999">
      </trkpt>
      <trkpt lat="37.745177" lon="-122.44010899999999">
      </trkpt>
      <trkpt lat="37.745146" lon="-122.440089">
      </trkpt>
      <trkpt lat="37.745117" lon="-122.44007099999999">
      </trkpt>
      <trkpt lat="37.745086" lon="-122.44005">
      </trkpt>
      <trkpt lat="37.745061" lon="-122.44003199999999">
      </trkpt>
      <trkpt lat="37.745033" lon="-122.440011">
      </trkpt>
      <trkpt lat="37.745006" lon="-122.439989">
      </trkpt>
      <trkpt lat="37.744974" lon="-122.439962">
      </trkpt>
      <trkpt lat="37.744949" lon="-122.439939">
      </trkpt>
      <trkpt lat="37.744921999999995" lon="-122.43991299999999">
      </trkpt>
      <trkpt lat="37.744896" lon="-122.439887">
      </trkpt>
      <trkpt lat="37.744868" lon="-122.43986">
      </trkpt>
      <trkpt lat="37.744842" lon="-122.43983">
      </trkpt>
      <trkpt lat="37.744817" lon="-122.439802">
      </trkpt>
      <trkpt lat="37.744793" lon="-122.43977299999999">
      </trkpt>
      <trkpt lat="37.744768" lon="-122.439741">
      </trkpt>
      <trkpt lat="37.744746" lon="-122.439713">
      </trkpt>
      <trkpt lat="37.744723" lon="-122.43968">
      </trkpt>
      <trkpt lat="37.7447" lon="-122.43964799999999">
      </trkpt>
      <trkpt lat="37.744679" lon="-122.43961499999999">
      </trkpt>
      <trkpt lat="37.744659" lon="-122.439583">
      </trkpt>
      <trkpt lat="37.744637999999995" lon="-122.439549">
      </trkpt>
      <trkpt lat="37.744456" lon="-122.43924299999999">
      </trkpt>
      <trkpt lat="37.744206" lon="-122.438828">
      </trkpt>
      <trkpt lat="37.743818" lon="-122.438182">
      </trkpt>
      <trkpt lat="37.743674" lon="-122.43794199999999">
      </trkpt>
      <trkpt lat="37.743564" lon="-122.43775799999999">
      </trkpt>
      <trkpt lat="37.743508" lon="-122.437812">
      </trkpt>
      <trkpt lat="37.743435" lon="-122.43786999999999">
      </trkpt>
      <trkpt lat="37.743376" lon="-122.43789199999999">
      </trkpt>
      <trkpt lat="37.743303" lon="-122.437908">
      </trkpt>
      <trkpt lat="37.743199" lon="-122.437922">
      </trkpt>
      <trkpt lat="37.743088" lon="-122.437953">
      </trkpt>
      <trkpt lat="37.742998" lon="-122.437996">
      </trkpt>
      <trkpt lat="37.742917999999996" lon="-122.43804399999999">
      </trkpt>
      <trkpt lat="37.742841999999996" lon="-122.438108">
      </trkpt>
      <trkpt lat="37.742759" lon="-122.438198">
      </trkpt>
      <trkpt lat="37.742699" lon="-122.43828699999999">
      </trkpt>
      <trkpt lat="37.742639" lon="-122.438396">
      </trkpt>
      <trkpt lat="37.742596999999996" lon="-122.43851">
      </trkpt>
      <trkpt lat="37.742577" lon="-122.438609">
      </trkpt>
      <trkpt lat="37.742566" lon="-122.4387">
      </trkpt>
      <trkpt lat="37.742564" lon="-122.43879799999999">
      </trkpt>
      <trkpt lat="37.7425" lon="-122.43879299999999">
      </trkpt>
      <trkpt lat="37.742439" lon="-122.438778">
      </trkpt>
      <trkpt lat="37.742382" lon="-122.438744">
      </trkpt>
      <trkpt lat="37.742374" lon="-122.438734">
      </trkpt>
      <trkpt lat="37.742382" lon="-122.438744">
      </trkpt>
      <trkpt lat="37.742439" lon="-122.438778">
      </trkpt>
      <trkpt lat="37.7425" lon="-122.43879299999999">
      </trkpt>
      <trkpt lat="37.742564" lon="-122.43879799999999">
      </trkpt>
      <trkpt lat="37.742566" lon="-122.4387">
      </trkpt>
      <trkpt lat="37.742577" lon="-122.438609">
      </trkpt>
      <trkpt lat="37.742596999999996" lon="-122.43851">
      </trkpt>
      <trkpt lat="37.742639" lon="-122.438396">
      </trkpt>
      <trkpt lat="37.742699" lon="-122.43828699999999">
      </trkpt>
      <trkpt lat="37.742759" lon="-122.438198">
      </trkpt>
      <trkpt lat="37.742841999999996" lon="-122.438108">
      </trkpt>
      <trkpt lat="37.742917999999996" lon="-122.43804399999999">
      </trkpt>
      <trkpt lat="37.742998" lon="-122.437996">
      </trkpt>
      <trkpt lat="37.743088" lon="-122.437953">
      </trkpt>
      <trkpt lat="37.743199" lon="-122.437922">
      </trkpt>
      <trkpt lat="37.743303" lon="-122.437908">
      </trkpt>
      <trkpt lat="37.743376" lon="-122.43789199999999">
      </trkpt>
      <trkpt lat="37.743435" lon="-122.43786999999999">
      </trkpt>
      <trkpt lat="37.743508" lon="-122.437812">
      </trkpt>
      <trkpt lat="37.743564" lon="-122.43775799999999">
      </trkpt>
      <trkpt lat="37.743503" lon="-122.437658">
      </trkpt>
      <trkpt lat="37.743415999999996" lon="-122.437518">
      </trkpt>
      <trkpt lat="37.743263999999996" lon="-122.437281">
      </trkpt>
      <trkpt lat="37.743116" lon="-122.437057">
      </trkpt>
      <trkpt lat="37.742954" lon="-122.436821">
      </trkpt>
      <trkpt lat="37.742844" lon="-122.436663">
      </trkpt>
      <trkpt lat="37.742745" lon="-122.436534">
      </trkpt>
      <trkpt lat="37.742649" lon="-122.436425">
      </trkpt>
      <trkpt lat="37.742554" lon="-122.43632199999999">
      </trkpt>
      <trkpt lat="37.742458" lon="-122.436229">
      </trkpt>
      <trkpt lat="37.74235" lon="-122.43614099999999">
      </trkpt>
      <trkpt lat="37.742245" lon="-122.43605799999999">
      </trkpt>
      <trkpt lat="37.742141" lon="-122.43598499999999">
      </trkpt>
      <trkpt lat="37.742041" lon="-122.435921">
      </trkpt>
      <trkpt lat="37.741941" lon="-122.43586599999999">
      </trkpt>
      <trkpt lat="37.741827" lon="-122.43580899999999">
      </trkpt>
      <trkpt lat="37.741794999999996" lon="-122.435794">
      </trkpt>
      <trkpt lat="37.741679999999995" lon="-122.435745">
      </trkpt>
      <trkpt lat="37.741558999999995" lon="-122.435696">
      </trkpt>
      <trkpt lat="37.741535999999996" lon="-122.43568599999999">
      </trkpt>
      <trkpt lat="37.741417999999996" lon="-122.435638">
      </trkpt>
      <trkpt lat="37.741358" lon="-122.43561799999999">
      </trkpt>
      <trkpt lat="37.741265" lon="-122.43559099999999">
      </trkpt>
      <trkpt lat="37.741186" lon="-122.435575">
      </trkpt>
      <trkpt lat="37.741113" lon="-122.435566">
      </trkpt>
      <trkpt lat="37.741020999999996" lon="-122.43556199999999">
      </trkpt>
      <trkpt lat="37.740938" lon="-122.43556699999999">
      </trkpt>
      <trkpt lat="37.74086" lon="-122.43557899999999">
      </trkpt>
      <trkpt lat="37.740778999999996" lon="-122.435598">
      </trkpt>
      <trkpt lat="37.740685" lon="-122.435631">
      </trkpt>
      <trkpt lat="37.740589" lon="-122.43567999999999">
      </trkpt>
      <trkpt lat="37.740413" lon="-122.435779">
      </trkpt>
      <trkpt lat="37.740292" lon="-122.43584899999999">
      </trkpt>
      <trkpt lat="37.740252999999996" lon="-122.43587099999999">
      </trkpt>
      <trkpt lat="37.740181" lon="-122.435914">
      </trkpt>
      <trkpt lat="37.740094" lon="-122.43596199999999">
      </trkpt>
      <trkpt lat="37.739868" lon="-122.436088">
      </trkpt>
      <trkpt lat="37.73935" lon="-122.43637899999999">
      </trkpt>
      <trkpt lat="37.739318" lon="-122.436391">
      </trkpt>
      <trkpt lat="37.739262" lon="-122.436385">
      </trkpt>
      <trkpt lat="37.73905" lon="-122.436505">
      </trkpt>
      <trkpt lat="37.738945" lon="-122.436573">
      </trkpt>
      <trkpt lat="37.738858" lon="-122.43663199999999">
      </trkpt>
      <trkpt lat="37.738842" lon="-122.436644">
      </trkpt>
      <trkpt lat="37.738765" lon="-122.43669899999999">
      </trkpt>
      <trkpt lat="37.738724999999995" lon="-122.43673">
      </trkpt>
      <trkpt lat="37.738706" lon="-122.43674399999999">
      </trkpt>
      <trkpt lat="37.738673999999996" lon="-122.436769">
      </trkpt>
      <trkpt lat="37.738588" lon="-122.436844">
      </trkpt>
      <trkpt lat="37.738544999999995" lon="-122.436887">
      </trkpt>
      <trkpt lat="37.738502" lon="-122.43692999999999">
      </trkpt>
      <trkpt lat="37.738468" lon="-122.43698599999999">
      </trkpt>
      <trkpt lat="37.73845" lon="-122.437018">
      </trkpt>
      <trkpt lat="37.738417" lon="-122.43707599999999">
      </trkpt>
      <trkpt lat="37.738377" lon="-122.43717199999999">
      </trkpt>
      <trkpt lat="37.738347999999995" lon="-122.437269">
      </trkpt>
      <trkpt lat="37.73833" lon="-122.437367">
      </trkpt>
      <trkpt lat="37.73832" lon="-122.437512">
      </trkpt>
      <trkpt lat="37.738322" lon="-122.437618">
      </trkpt>
      <trkpt lat="37.738330999999995" lon="-122.43771799999999">
      </trkpt>
      <trkpt lat="37.738347999999995" lon="-122.437827">
      </trkpt>
      <trkpt lat="37.738422" lon="-122.43818499999999">
      </trkpt>
      <trkpt lat="37.738599" lon="-122.439036">
      </trkpt>
      <trkpt lat="37.738648999999995" lon="-122.439275">
      </trkpt>
      <trkpt lat="37.738672" lon="-122.439385">
      </trkpt>
      <trkpt lat="37.738687" lon="-122.439492">
      </trkpt>
      <trkpt lat="37.738695" lon="-122.439585">
      </trkpt>
      <trkpt lat="37.738687999999996" lon="-122.43966599999999">
      </trkpt>
      <trkpt lat="37.738673" lon="-122.43974899999999">
      </trkpt>
      <trkpt lat="37.738647" lon="-122.439821">
      </trkpt>
      <trkpt lat="37.738611" lon="-122.43988999999999">
      </trkpt>
      <trkpt lat="37.738568" lon="-122.43995299999999">
      </trkpt>
      <trkpt lat="37.738516" lon="-122.44000799999999">
      </trkpt>
      <trkpt lat="37.738395" lon="-122.440086">
      </trkpt>
      <trkpt lat="37.73822" lon="-122.440153">
      </trkpt>
      <trkpt lat="37.738161999999996" lon="-122.44015999999999">
      </trkpt>
      <trkpt lat="37.738082" lon="-122.44015599999999">
      </trkpt>
      <trkpt lat="37.738009" lon="-122.44013299999999">
      </trkpt>
      <trkpt lat="37.737941" lon="-122.44009899999999">
      </trkpt>
      <trkpt lat="37.737781" lon="-122.43994099999999">
      </trkpt>
      <trkpt lat="37.73773" lon="-122.43989099999999">
      </trkpt>
      <trkpt lat="37.737680999999995" lon="-122.43984599999999">
      </trkpt>
      <trkpt lat="37.737621" lon="-122.43980499999999">
      </trkpt>
      <trkpt lat="37.737559999999995" lon="-122.439774">
      </trkpt>
      <trkpt lat="37.737497999999995" lon="-122.439752">
      </trkpt>
      <trkpt lat="37.737423" lon="-122.43973899999999">
      </trkpt>
      <trkpt lat="37.73737" lon="-122.43973299999999">
      </trkpt>
      <trkpt lat="37.737263" lon="-122.43972">
      </trkpt>
      <trkpt lat="37.737196999999995" lon="-122.439714">
      </trkpt>
      <trkpt lat="37.737009" lon="-122.439724">
      </trkpt>
      <trkpt lat="37.736508" lon="-122.439752">
      </trkpt>
      <trkpt lat="37.73637" lon="-122.439759">
      </trkpt>
      <trkpt lat="37.736273" lon="-122.43982899999999">
      </trkpt>
      <trkpt lat="37.736214" lon="-122.43982899999999">
      </trkpt>
      <trkpt lat="37.736216" lon="-122.439875">
      </trkpt>
      <trkpt lat="37.736236999999996" lon="-122.43991199999999">
      </trkpt>
      <trkpt lat="37.736255" lon="-122.439962">
      </trkpt>
      <trkpt lat="37.736264999999996" lon="-122.44001899999999">
      </trkpt>
      <trkpt lat="37.736284" lon="-122.440123">
      </trkpt>
      <trkpt lat="37.736306" lon="-122.440185">
      </trkpt>
      <trkpt lat="37.736351" lon="-122.44027399999999">
      </trkpt>
      <trkpt lat="37.736396" lon="-122.440334">
      </trkpt>
      <trkpt lat="37.736419" lon="-122.44037499999999">
      </trkpt>
      <trkpt lat="37.736436" lon="-122.44040199999999">
      </trkpt>
      <trkpt lat="37.736452" lon="-122.44044099999999">
      </trkpt>
      <trkpt lat="37.736483" lon="-122.440518">
      </trkpt>
      <trkpt lat="37.736529" lon="-122.44062199999999">
      </trkpt>
      <trkpt lat="37.736585999999996" lon="-122.440714">
      </trkpt>
      <trkpt lat="37.736602" lon="-122.44073999999999">
      </trkpt>
      <trkpt lat="37.736661" lon="-122.440844">
      </trkpt>
      <trkpt lat="37.736753" lon="-122.44096599999999">
      </trkpt>
      <trkpt lat="37.73683" lon="-122.441015">
      </trkpt>
      <trkpt lat="37.736934999999995" lon="-122.44109599999999">
      </trkpt>
      <trkpt lat="37.736959999999996" lon="-122.441114">
      </trkpt>
      <trkpt lat="37.737153" lon="-122.441256">
      </trkpt>
      <trkpt lat="37.737214" lon="-122.441268">
      </trkpt>
      <trkpt lat="37.737511999999995" lon="-122.441198">
      </trkpt>
      <trkpt lat="37.737608" lon="-122.441133">
      </trkpt>
      <trkpt lat="37.737639" lon="-122.44109399999999">
      </trkpt>
      <trkpt lat="37.737728" lon="-122.440984">
      </trkpt>
      <trkpt lat="37.738054999999996" lon="-122.44086399999999">
      </trkpt>
      <trkpt lat="37.738192" lon="-122.440896">
      </trkpt>
      <trkpt lat="37.738332" lon="-122.440918">
      </trkpt>
      <trkpt lat="37.738499999999995" lon="-122.440941">
      </trkpt>
      <trkpt lat="37.738628" lon="-122.44094899999999">
      </trkpt>
      <trkpt lat="37.738746" lon="-122.440969">
      </trkpt>
      <trkpt lat="37.738935" lon="-122.441007">
      </trkpt>
      <trkpt lat="37.738994999999996" lon="-122.441015">
      </trkpt>
      <trkpt lat="37.739188" lon="-122.441069">
      </trkpt>
      <trkpt lat="37.739354" lon="-122.441114">
      </trkpt>
      <trkpt lat="37.739520999999996" lon="-122.441166">
      </trkpt>
      <trkpt lat="37.739694" lon="-122.441228">
      </trkpt>
      <trkpt lat="37.740034" lon="-122.441363">
      </trkpt>
      <trkpt lat="37.740190999999996" lon="-122.441431">
      </trkpt>
      <trkpt lat="37.740297" lon="-122.44148299999999">
      </trkpt>
      <trkpt lat="37.740190999999996" lon="-122.441431">
      </trkpt>
      <trkpt lat="37.740034" lon="-122.441363">
      </trkpt>
      <trkpt lat="37.739694" lon="-122.441228">
      </trkpt>
      <trkpt lat="37.739520999999996" lon="-122.441166">
      </trkpt>
      <trkpt lat="37.739354" lon="-122.441114">
      </trkpt>
      <trkpt lat="37.739188" lon="-122.441069">
      </trkpt>
      <trkpt lat="37.738994999999996" lon="-122.441015">
      </trkpt>
      <trkpt lat="37.738935" lon="-122.441007">
      </trkpt>
      <trkpt lat="37.738746" lon="-122.440969">
      </trkpt>
      <trkpt lat="37.738628" lon="-122.44094899999999">
      </trkpt>
      <trkpt lat="37.738499999999995" lon="-122.440941">
      </trkpt>
      <trkpt lat="37.738332" lon="-122.440918">
      </trkpt>
      <trkpt lat="37.738192" lon="-122.440896">
      </trkpt>
      <trkpt lat="37.738054999999996" lon="-122.44086399999999">
      </trkpt>
      <trkpt lat="37.737728" lon="-122.440984">
      </trkpt>
      <trkpt lat="37.737639" lon="-122.44109399999999">
      </trkpt>
      <trkpt lat="37.737608" lon="-122.441133">
      </trkpt>
      <trkpt lat="37.737511999999995" lon="-122.441198">
      </trkpt>
      <trkpt lat="37.737214" lon="-122.441268">
      </trkpt>
      <trkpt lat="37.737052999999996" lon="-122.441295">
      </trkpt>
      <trkpt lat="37.736967" lon="-122.44135299999999">
      </trkpt>
      <trkpt lat="37.736692" lon="-122.44153499999999">
      </trkpt>
      <trkpt lat="37.736671" lon="-122.441609">
      </trkpt>
      <trkpt lat="37.73636" lon="-122.441834">
      </trkpt>
      <trkpt lat="37.736286" lon="-122.441875">
      </trkpt>
      <trkpt lat="37.736215" lon="-122.44189899999999">
      </trkpt>
      <trkpt lat="37.736132" lon="-122.441913">
      </trkpt>
      <trkpt lat="37.736039" lon="-122.441909">
      </trkpt>
      <trkpt lat="37.735977999999996" lon="-122.44190599999999">
      </trkpt>
      <trkpt lat="37.735973" lon="-122.442011">
      </trkpt>
      <trkpt lat="37.735963" lon="-122.442073">
      </trkpt>
      <trkpt lat="37.735898" lon="-122.44232299999999">
      </trkpt>
      <trkpt lat="37.735664" lon="-122.44318399999999">
      </trkpt>
      <trkpt lat="37.73565" lon="-122.44326799999999">
      </trkpt>
      <trkpt lat="37.735645" lon="-122.44335">
      </trkpt>
      <trkpt lat="37.73565" lon="-122.44342499999999">
      </trkpt>
      <trkpt lat="37.735665" lon="-122.44350399999999">
      </trkpt>
      <trkpt lat="37.735689" lon="-122.443584">
      </trkpt>
      <trkpt lat="37.735714" lon="-122.44364399999999">
      </trkpt>
      <trkpt lat="37.735746" lon="-122.44370099999999">
      </trkpt>
      <trkpt lat="37.735785" lon="-122.44375">
      </trkpt>
      <trkpt lat="37.735834" lon="-122.443795">
      </trkpt>
      <trkpt lat="37.735881" lon="-122.443828">
      </trkpt>
      <trkpt lat="37.735935999999995" lon="-122.44385799999999">
      </trkpt>
      <trkpt lat="37.735997999999995" lon="-122.44387499999999">
      </trkpt>
      <trkpt lat="37.736058" lon="-122.44388">
      </trkpt>
      <trkpt lat="37.736160999999996" lon="-122.44388099999999">
      </trkpt>
      <trkpt lat="37.736205" lon="-122.443868">
      </trkpt>
      <trkpt lat="37.736258" lon="-122.443851">
      </trkpt>
      <trkpt lat="37.736315" lon="-122.443821">
      </trkpt>
      <trkpt lat="37.736360999999995" lon="-122.443788">
      </trkpt>
      <trkpt lat="37.736413999999996" lon="-122.44374099999999">
      </trkpt>
      <trkpt lat="37.736474" lon="-122.44367299999999">
      </trkpt>
      <trkpt lat="37.736505" lon="-122.443626">
      </trkpt>
      <trkpt lat="37.736553" lon="-122.443557">
      </trkpt>
      <trkpt lat="37.736601" lon="-122.44348799999999">
      </trkpt>
      <trkpt lat="37.736841999999996" lon="-122.443069">
      </trkpt>
      <trkpt lat="37.737100999999996" lon="-122.442664">
      </trkpt>
      <trkpt lat="37.737139" lon="-122.442612">
      </trkpt>
      <trkpt lat="37.737182" lon="-122.442561">
      </trkpt>
      <trkpt lat="37.737232" lon="-122.44251299999999">
      </trkpt>
      <trkpt lat="37.737283" lon="-122.44247399999999">
      </trkpt>
      <trkpt lat="37.737341" lon="-122.442438">
      </trkpt>
      <trkpt lat="37.737401999999996" lon="-122.44241099999999">
      </trkpt>
      <trkpt lat="37.737460999999996" lon="-122.442392">
      </trkpt>
      <trkpt lat="37.737521" lon="-122.44238299999999">
      </trkpt>
      <trkpt lat="37.737584" lon="-122.44237899999999">
      </trkpt>
      <trkpt lat="37.737646999999996" lon="-122.44238299999999">
      </trkpt>
      <trkpt lat="37.737714" lon="-122.44239499999999">
      </trkpt>
      <trkpt lat="37.737776" lon="-122.44241299999999">
      </trkpt>
      <trkpt lat="37.738212" lon="-122.442566">
      </trkpt>
      <trkpt lat="37.738273" lon="-122.442584">
      </trkpt>
      <trkpt lat="37.738334" lon="-122.44259699999999">
      </trkpt>
      <trkpt lat="37.738391" lon="-122.44260399999999">
      </trkpt>
      <trkpt lat="37.738458" lon="-122.442607">
      </trkpt>
      <trkpt lat="37.738518" lon="-122.44260799999999">
      </trkpt>
      <trkpt lat="37.738580999999996" lon="-122.442602">
      </trkpt>
      <trkpt lat="37.739131" lon="-122.44250299999999">
      </trkpt>
      <trkpt lat="37.739218" lon="-122.442487">
      </trkpt>
      <trkpt lat="37.739269" lon="-122.442481">
      </trkpt>
      <trkpt lat="37.739328" lon="-122.44247999999999">
      </trkpt>
      <trkpt lat="37.739388999999996" lon="-122.442489">
      </trkpt>
      <trkpt lat="37.739452" lon="-122.44250699999999">
      </trkpt>
      <trkpt lat="37.739512" lon="-122.442534">
      </trkpt>
      <trkpt lat="37.739571" lon="-122.442571">
      </trkpt>
      <trkpt lat="37.739621" lon="-122.442613">
      </trkpt>
      <trkpt lat="37.739663" lon="-122.442658">
      </trkpt>
      <trkpt lat="37.739708" lon="-122.442712">
      </trkpt>
      <trkpt lat="37.739751" lon="-122.44277899999999">
      </trkpt>
      <trkpt lat="37.739785999999995" lon="-122.442847">
      </trkpt>
      <trkpt lat="37.739813999999996" lon="-122.442915">
      </trkpt>
      <trkpt lat="37.739836" lon="-122.44299199999999">
      </trkpt>
      <trkpt lat="37.739956" lon="-122.443517">
      </trkpt>
      <trkpt lat="37.739976999999996" lon="-122.443596">
      </trkpt>
      <trkpt lat="37.739999999999995" lon="-122.443664">
      </trkpt>
      <trkpt lat="37.740029" lon="-122.443736">
      </trkpt>
      <trkpt lat="37.74006" lon="-122.443804">
      </trkpt>
      <trkpt lat="37.740093" lon="-122.443863">
      </trkpt>
      <trkpt lat="37.740136" lon="-122.44392599999999">
      </trkpt>
      <trkpt lat="37.740181" lon="-122.443985">
      </trkpt>
      <trkpt lat="37.740227" lon="-122.44403799999999">
      </trkpt>
      <trkpt lat="37.740280999999996" lon="-122.444093">
      </trkpt>
      <trkpt lat="37.740331999999995" lon="-122.44413899999999">
      </trkpt>
      <trkpt lat="37.740381" lon="-122.444176">
      </trkpt>
      <trkpt lat="37.740438" lon="-122.444215">
      </trkpt>
      <trkpt lat="37.740496" lon="-122.444257">
      </trkpt>
      <trkpt lat="37.740547" lon="-122.444299">
      </trkpt>
      <trkpt lat="37.740601999999996" lon="-122.444352">
      </trkpt>
      <trkpt lat="37.740656" lon="-122.44440999999999">
      </trkpt>
      <trkpt lat="37.740697" lon="-122.44445999999999">
      </trkpt>
      <trkpt lat="37.740736999999996" lon="-122.444519">
      </trkpt>
      <trkpt lat="37.740777" lon="-122.444583">
      </trkpt>
      <trkpt lat="37.740811" lon="-122.44464699999999">
      </trkpt>
      <trkpt lat="37.740843" lon="-122.444718">
      </trkpt>
      <trkpt lat="37.740868" lon="-122.44478799999999">
      </trkpt>
      <trkpt lat="37.740891999999995" lon="-122.444864">
      </trkpt>
      <trkpt lat="37.740914" lon="-122.44494499999999">
      </trkpt>
      <trkpt lat="37.740929" lon="-122.44501799999999">
      </trkpt>
      <trkpt lat="37.740983" lon="-122.445403">
      </trkpt>
      <trkpt lat="37.741" lon="-122.44552399999999">
      </trkpt>
      <trkpt lat="37.741012999999995" lon="-122.445577">
      </trkpt>
      <trkpt lat="37.741037" lon="-122.445662">
      </trkpt>
      <trkpt lat="37.741068999999996" lon="-122.44574899999999">
      </trkpt>
      <trkpt lat="37.741109" lon="-122.445826">
      </trkpt>
      <trkpt lat="37.741150999999995" lon="-122.44588499999999">
      </trkpt>
      <trkpt lat="37.741156" lon="-122.44589099999999">
      </trkpt>
      <trkpt lat="37.741164" lon="-122.44590199999999">
      </trkpt>
      <trkpt lat="37.741212" lon="-122.44595799999999">
      </trkpt>
      <trkpt lat="37.741113" lon="-122.44608">
      </trkpt>
      <trkpt lat="37.741082999999996" lon="-122.446117">
      </trkpt>
      <trkpt lat="37.741051999999996" lon="-122.44617">
      </trkpt>
      <trkpt lat="37.741028" lon="-122.44622899999999">
      </trkpt>
      <trkpt lat="37.741014" lon="-122.446288">
      </trkpt>
      <trkpt lat="37.740997" lon="-122.44642599999999">
      </trkpt>
      <trkpt lat="37.740988" lon="-122.44657699999999">
      </trkpt>
      <trkpt lat="37.740989" lon="-122.446708">
      </trkpt>
      <trkpt lat="37.741005" lon="-122.446846">
      </trkpt>
      <trkpt lat="37.741037" lon="-122.446995">
      </trkpt>
      <trkpt lat="37.741076" lon="-122.44712899999999">
      </trkpt>
      <trkpt lat="37.741126" lon="-122.44724699999999">
      </trkpt>
      <trkpt lat="37.741188" lon="-122.44735899999999">
      </trkpt>
      <trkpt lat="37.741259" lon="-122.44745599999999">
      </trkpt>
      <trkpt lat="37.741344" lon="-122.447555">
      </trkpt>
      <trkpt lat="37.741429" lon="-122.447634">
      </trkpt>
      <trkpt lat="37.741519" lon="-122.4477">
      </trkpt>
      <trkpt lat="37.741608" lon="-122.447746">
      </trkpt>
      <trkpt lat="37.741692" lon="-122.44778">
      </trkpt>
      <trkpt lat="37.74179" lon="-122.44780899999999">
      </trkpt>
      <trkpt lat="37.741794999999996" lon="-122.44798999999999">
      </trkpt>
      <trkpt lat="37.741892" lon="-122.44894099999999">
      </trkpt>
      <trkpt lat="37.741918999999996" lon="-122.449096">
      </trkpt>
      <trkpt lat="37.741958" lon="-122.449258">
      </trkpt>
      <trkpt lat="37.742002" lon="-122.44939799999999">
      </trkpt>
      <trkpt lat="37.742056999999996" lon="-122.44953699999999">
      </trkpt>
      <trkpt lat="37.741917" lon="-122.449254">
      </trkpt>
      <trkpt lat="37.741859999999996" lon="-122.449147">
      </trkpt>
      <trkpt lat="37.741796" lon="-122.449039">
      </trkpt>
      <trkpt lat="37.741723" lon="-122.44892999999999">
      </trkpt>
      <trkpt lat="37.741651" lon="-122.44883899999999">
      </trkpt>
      <trkpt lat="37.741579" lon="-122.448757">
      </trkpt>
      <trkpt lat="37.741490999999996" lon="-122.448674">
      </trkpt>
      <trkpt lat="37.741409" lon="-122.448607">
      </trkpt>
      <trkpt lat="37.741222" lon="-122.44846">
      </trkpt>
      <trkpt lat="37.741121" lon="-122.448375">
      </trkpt>
      <trkpt lat="37.74102" lon="-122.44828">
      </trkpt>
      <trkpt lat="37.740933" lon="-122.448185">
      </trkpt>
      <trkpt lat="37.740854999999996" lon="-122.448094">
      </trkpt>
      <trkpt lat="37.740774" lon="-122.44798399999999">
      </trkpt>
      <trkpt lat="37.740701" lon="-122.447873">
      </trkpt>
      <trkpt lat="37.740626999999996" lon="-122.44774">
      </trkpt>
      <trkpt lat="37.740562" lon="-122.447604">
      </trkpt>
      <trkpt lat="37.740508" lon="-122.44747199999999">
      </trkpt>
      <trkpt lat="37.740463" lon="-122.44733699999999">
      </trkpt>
      <trkpt lat="37.740421" lon="-122.44717999999999">
      </trkpt>
      <trkpt lat="37.74038" lon="-122.447018">
      </trkpt>
      <trkpt lat="37.740339999999996" lon="-122.446872">
      </trkpt>
      <trkpt lat="37.740294" lon="-122.446731">
      </trkpt>
      <trkpt lat="37.740244" lon="-122.446597">
      </trkpt>
      <trkpt lat="37.740186" lon="-122.446467">
      </trkpt>
      <trkpt lat="37.740111999999996" lon="-122.446315">
      </trkpt>
      <trkpt lat="37.740035999999996" lon="-122.446158">
      </trkpt>
      <trkpt lat="37.739982999999995" lon="-122.44612099999999">
      </trkpt>
      <trkpt lat="37.739954" lon="-122.446074">
      </trkpt>
      <trkpt lat="37.739869999999996" lon="-122.44595699999999">
      </trkpt>
      <trkpt lat="37.739795" lon="-122.445865">
      </trkpt>
      <trkpt lat="37.739678" lon="-122.44572699999999">
      </trkpt>
      <trkpt lat="37.739619999999995" lon="-122.445639">
      </trkpt>
      <trkpt lat="37.739571999999995" lon="-122.445546">
      </trkpt>
      <trkpt lat="37.739535" lon="-122.44544099999999">
      </trkpt>
      <trkpt lat="37.739509999999996" lon="-122.445335">
      </trkpt>
      <trkpt lat="37.739356" lon="-122.444576">
      </trkpt>
      <trkpt lat="37.739309" lon="-122.444363">
      </trkpt>
      <trkpt lat="37.739263" lon="-122.44417899999999">
      </trkpt>
      <trkpt lat="37.739225" lon="-122.444077">
      </trkpt>
      <trkpt lat="37.739177999999995" lon="-122.443947">
      </trkpt>
      <trkpt lat="37.739129" lon="-122.44383699999999">
      </trkpt>
      <trkpt lat="37.739087" lon="-122.443744">
      </trkpt>
      <trkpt lat="37.739045" lon="-122.443674">
      </trkpt>
      <trkpt lat="37.739008" lon="-122.443629">
      </trkpt>
      <trkpt lat="37.738949999999996" lon="-122.443579">
      </trkpt>
      <trkpt lat="37.738898" lon="-122.443553">
      </trkpt>
      <trkpt lat="37.738839" lon="-122.443546">
      </trkpt>
      <trkpt lat="37.738766999999996" lon="-122.443552">
      </trkpt>
      <trkpt lat="37.738420999999995" lon="-122.443564">
      </trkpt>
      <trkpt lat="37.738363" lon="-122.443564">
      </trkpt>
      <trkpt lat="37.73831" lon="-122.443585">
      </trkpt>
      <trkpt lat="37.738254" lon="-122.443613">
      </trkpt>
      <trkpt lat="37.7382" lon="-122.443664">
      </trkpt>
      <trkpt lat="37.738157" lon="-122.44371699999999">
      </trkpt>
      <trkpt lat="37.738125" lon="-122.44377999999999">
      </trkpt>
      <trkpt lat="37.738099" lon="-122.443868">
      </trkpt>
      <trkpt lat="37.73808" lon="-122.44400399999999">
      </trkpt>
      <trkpt lat="37.738064" lon="-122.44412899999999">
      </trkpt>
      <trkpt lat="37.738060999999995" lon="-122.44422999999999">
      </trkpt>
      <trkpt lat="37.738064" lon="-122.44430899999999">
      </trkpt>
      <trkpt lat="37.738074" lon="-122.444417">
      </trkpt>
      <trkpt lat="37.738113999999996" lon="-122.444649">
      </trkpt>
      <trkpt lat="37.73813" lon="-122.44478">
      </trkpt>
      <trkpt lat="37.738122" lon="-122.444918">
      </trkpt>
      <trkpt lat="37.738098" lon="-122.445056">
      </trkpt>
      <trkpt lat="37.738057" lon="-122.445183">
      </trkpt>
      <trkpt lat="37.738057" lon="-122.445184">
      </trkpt>
      <trkpt lat="37.737761" lon="-122.44602499999999">
      </trkpt>
      <trkpt lat="37.737722" lon="-122.446097">
      </trkpt>
      <trkpt lat="37.737655" lon="-122.44617">
      </trkpt>
      <trkpt lat="37.737608" lon="-122.44619999999999">
      </trkpt>
      <trkpt lat="37.737539999999996" lon="-122.446207">
      </trkpt>
      <trkpt lat="37.737486" lon="-122.44624599999999">
      </trkpt>
      <trkpt lat="37.737454" lon="-122.44626799999999">
      </trkpt>
      <trkpt lat="37.737362" lon="-122.44632999999999">
      </trkpt>
      <trkpt lat="37.737423" lon="-122.446399">
      </trkpt>
      <trkpt lat="37.737457" lon="-122.446432">
      </trkpt>
      <trkpt lat="37.737496" lon="-122.446461">
      </trkpt>
      <trkpt lat="37.737539" lon="-122.44648799999999">
      </trkpt>
      <trkpt lat="37.737595" lon="-122.446508">
      </trkpt>
      <trkpt lat="37.737643" lon="-122.44651999999999">
      </trkpt>
      <trkpt lat="37.737668" lon="-122.44652199999999">
      </trkpt>
      <trkpt lat="37.737657" lon="-122.44662799999999">
      </trkpt>
      <trkpt lat="37.737655" lon="-122.44664999999999">
      </trkpt>
      <trkpt lat="37.737652" lon="-122.446691">
      </trkpt>
      <trkpt lat="37.737652" lon="-122.44672399999999">
      </trkpt>
      <trkpt lat="37.737657" lon="-122.44675699999999">
      </trkpt>
      <trkpt lat="37.737680999999995" lon="-122.44681899999999">
      </trkpt>
      <trkpt lat="37.737736999999996" lon="-122.44693">
      </trkpt>
      <trkpt lat="37.737789" lon="-122.44704999999999">
      </trkpt>
      <trkpt lat="37.737857" lon="-122.44720799999999">
      </trkpt>
      <trkpt lat="37.737929" lon="-122.44738799999999">
      </trkpt>
      <trkpt lat="37.737956" lon="-122.447469">
      </trkpt>
      <trkpt lat="37.737971" lon="-122.447516">
      </trkpt>
      <trkpt lat="37.738006" lon="-122.447651">
      </trkpt>
      <trkpt lat="37.73802" lon="-122.44771499999999">
      </trkpt>
    </trkseg>
  </trk>
</gpx>