<?xml version="1.0" encoding="UTF-8"?>
<gpx xmlns="http://www.topografix.com/GPX/1/1" xmlns:xsi="http://www.w3.org/2001/XMLSchema-instance" xsi:schemaLocation="http://www.topografix.com/GPX/1/1 http://www.topografix.com/GPX/1/1/gpx.xsd" version="1.1" creator="gpx.py -- https://github.com/tkrajina/gpxpy">
  <metadata>
    <name>Route Sculptor: horse</name>
    <desc></desc>
  </metadata>
  <trk>
    <name>Route Sculptor: horse</name>
    <trkseg>
      <trkpt lat="37.73766" lon="-122.464333">
      </trkpt>
      <trkpt lat="37.737091" lon="-122.463268">
      </trkpt>
      <trkpt lat="37.737068" lon="-122.46322699999999">
      </trkpt>
      <trkpt lat="37.737024" lon="-122.46315">
      </trkpt>
      <trkpt lat="37.737117" lon="-122.463167">
      </trkpt>
      <trkpt lat="37.738051" lon="-122.46333999999999">
      </trkpt>
      <trkpt lat="37.738166" lon="-122.46336099999999">
      </trkpt>
      <trkpt lat="37.738347" lon="-122.46339499999999">
      </trkpt>
      <trkpt lat="37.738166" lon="-122.46336099999999">
      </trkpt>
      <trkpt lat="37.738051" lon="-122.46333999999999">
      </trkpt>
      <trkpt lat="37.738042" lon="-122.463287">
      </trkpt>
      <trkpt lat="37.738043" lon="-122.46327199999999">
      </trkpt>
      <trkpt lat="37.738047" lon="-122.46323699999999">
      </trkpt>
      <trkpt lat="37.738060999999995" lon="-122.463197">
      </trkpt>
      <trkpt lat="37.738085999999996" lon="-122.463156">
      </trkpt>
      <trkpt lat="37.738607" lon="-122.462605">
      </trkpt>
      <trkpt lat="37.738662999999995" lon="-122.462549">
      </trkpt>
      <trkpt lat="37.738729" lon="-122.462503">
      </trkpt>
      <trkpt lat="37.738797999999996" lon="-122.46247199999999">
      </trkpt>
      <trkpt lat="37.738904" lon="-122.46245599999999">
      </trkpt>
      <trkpt lat="37.739005" lon="-122.462435">
      </trkpt>
      <trkpt lat="37.739104999999995" lon="-122.462402">
      </trkpt>
      <trkpt lat="37.739201" lon="-122.462361">
      </trkpt>
      <trkpt lat="37.739270999999995" lon="-122.462317">
      </trkpt>
      <trkpt lat="37.739287999999995" lon="-122.462306">
      </trkpt>
      <trkpt lat="37.73938" lon="-122.462238">
      </trkpt>
      <trkpt lat="37.739464" lon="-122.462165">
      </trkpt>
      <trkpt lat="37.739545" lon="-122.46207199999999">
      </trkpt>
      <trkpt lat="37.739624" lon="-122.46197699999999">
      </trkpt>
      <trkpt lat="37.73963" lon="-122.461967">
      </trkpt>
      <trkpt lat="37.739695" lon="-122.46186399999999">
      </trkpt>
      <trkpt lat="37.739754" lon="-122.46175">
      </trkpt>
      <trkpt lat="37.739982" lon="-122.46129499999999">
      </trkpt>
      <trkpt lat="37.740044999999995" lon="-122.461168">
      </trkpt>
      <trkpt lat="37.740094" lon="-122.461061">
      </trkpt>
      <trkpt lat="37.740131999999996" lon="-122.460977">
      </trkpt>
      <trkpt lat="37.74017" lon="-122.46088599999999">
      </trkpt>
      <trkpt lat="37.740204" lon="-122.46080699999999">
      </trkpt>
      <trkpt lat="37.740252" lon="-122.46067599999999">
      </trkpt>
      <trkpt lat="37.740289" lon="-122.460539">
      </trkpt>
      <trkpt lat="37.740321" lon="-122.460408">
      </trkpt>
      <trkpt lat="37.740353" lon="-122.46010799999999">
      </trkpt>
      <trkpt lat="37.740387" lon="-122.459784">
      </trkpt>
      <trkpt lat="37.740462" lon="-122.45918599999999">
      </trkpt>
      <trkpt lat="37.740483" lon="-122.45902299999999">
      </trkpt>
      <trkpt lat="37.740516" lon="-122.458856">
      </trkpt>
      <trkpt lat="37.740415999999996" lon="-122.458942">
      </trkpt>
      <trkpt lat="37.740323" lon="-122.45902099999999">
      </trkpt>
      <trkpt lat="37.740207" lon="-122.45915099999999">
      </trkpt>
      <trkpt lat="37.740153" lon="-122.459205">
      </trkpt>
      <trkpt lat="37.740155" lon="-122.459088">
      </trkpt>
      <trkpt lat="37.740185" lon="-122.45897699999999">
      </trkpt>
      <trkpt lat="37.740227" lon="-122.458863">
      </trkpt>
      <trkpt lat="37.740299" lon="-122.458827">
      </trkpt>
      <trkpt lat="37.740367" lon="-122.45882399999999">
      </trkpt>
      <trkpt lat="37.740432999999996" lon="-122.458827">
      </trkpt>
      <trkpt lat="37.740488" lon="-122.458839">
      </trkpt>
      <trkpt lat="37.740516" lon="-122.458856">
      </trkpt>
      <trkpt lat="37.740542999999995" lon="-122.458877">
      </trkpt>
      <trkpt lat="37.740576" lon="-122.45893099999999">
      </trkpt>
      <trkpt lat="37.740587" lon="-122.459015">
      </trkpt>
      <trkpt lat="37.740584" lon="-122.459041">
      </trkpt>
      <trkpt lat="37.740562" lon="-122.459234">
      </trkpt>
      <trkpt lat="37.740595" lon="-122.45933799999999">
      </trkpt>
      <trkpt lat="37.740623" lon="-122.459401">
      </trkpt>
      <trkpt lat="37.740657999999996" lon="-122.45947">
      </trkpt>
      <trkpt lat="37.7407" lon="-122.45952899999999">
      </trkpt>
      <trkpt lat="37.741009" lon="-122.459806">
      </trkpt>
      <trkpt lat="37.741060999999995" lon="-122.459851">
      </trkpt>
      <trkpt lat="37.741067" lon="-122.45994499999999">
      </trkpt>
      <trkpt lat="37.741074" lon="-122.460034">
      </trkpt>
      <trkpt lat="37.741077" lon="-122.46017599999999">
      </trkpt>
      <trkpt lat="37.741078" lon="-122.46030599999999">
      </trkpt>
      <trkpt lat="37.741068999999996" lon="-122.460431">
      </trkpt>
      <trkpt lat="37.741051999999996" lon="-122.460532">
      </trkpt>
      <trkpt lat="37.741068999999996" lon="-122.460431">
      </trkpt>
      <trkpt lat="37.741078" lon="-122.46030599999999">
      </trkpt>
      <trkpt lat="37.741077" lon="-122.46017599999999">
      </trkpt>
      <trkpt lat="37.741074" lon="-122.460034">
      </trkpt>
      <trkpt lat="37.741067" lon="-122.45994499999999">
      </trkpt>
      <trkpt lat="37.741060999999995" lon="-122.459851">
      </trkpt>
      <trkpt lat="37.741158999999996" lon="-122.459925">
      </trkpt>
      <trkpt lat="37.741206999999996" lon="-122.45996099999999">
      </trkpt>
      <trkpt lat="37.741628" lon="-122.46036199999999">
      </trkpt>
      <trkpt lat="37.741206999999996" lon="-122.45996099999999">
      </trkpt>
      <trkpt lat="37.741158999999996" lon="-122.459925">
      </trkpt>
      <trkpt lat="37.741060999999995" lon="-122.459851">
      </trkpt>
      <trkpt lat="37.741067" lon="-122.45994499999999">
      </trkpt>
      <trkpt lat="37.741074" lon="-122.460034">
      </trkpt>
      <trkpt lat="37.741077" lon="-122.46017599999999">
      </trkpt>
      <trkpt lat="37.741078" lon="-122.46030599999999">
      </trkpt>
      <trkpt lat="37.741068999999996" lon="-122.460431">
      </trkpt>
      <trkpt lat="37.741048" lon="-122.46055899999999">
      </trkpt>
      <trkpt lat="37.741017" lon="-122.460684">
      </trkpt>
      <trkpt lat="37.740916999999996" lon="-122.460999">
      </trkpt>
      <trkpt lat="37.740894999999995" lon="-122.46106999999999">
      </trkpt>
      <trkpt lat="37.740975999999996" lon="-122.46107699999999">
      </trkpt>
      <trkpt lat="37.740992" lon="-122.461078">
      </trkpt>
      <trkpt lat="37.741087" lon="-122.461102">
      </trkpt>
      <trkpt lat="37.741188" lon="-122.461136">
      </trkpt>
      <trkpt lat="37.741288999999995" lon="-122.46118">
      </trkpt>
      <trkpt lat="37.741394" lon="-122.461238">
      </trkpt>
      <trkpt lat="37.741493" lon="-122.461298">
      </trkpt>
      <trkpt lat="37.741595" lon="-122.461368">
      </trkpt>
      <trkpt lat="37.741699" lon="-122.46144899999999">
      </trkpt>
      <trkpt lat="37.741704" lon="-122.46145399999999">
      </trkpt>
      <trkpt lat="37.741699" lon="-122.46144899999999">
      </trkpt>
      <trkpt lat="37.741595" lon="-122.461368">
      </trkpt>
      <trkpt lat="37.741493" lon="-122.461298">
      </trkpt>
      <trkpt lat="37.741394" lon="-122.461238">
      </trkpt>
      <trkpt lat="37.741288999999995" lon="-122.46118">
      </trkpt>
      <trkpt lat="37.741188" lon="-122.461136">
      </trkpt>
      <trkpt lat="37.741087" lon="-122.461102">
      </trkpt>
      <trkpt lat="37.740992" lon="-122.461078">
      </trkpt>
      <trkpt lat="37.740975999999996" lon="-122.46107699999999">
      </trkpt>
      <trkpt lat="37.740894999999995" lon="-122.46106999999999">
      </trkpt>
      <trkpt lat="37.74087" lon="-122.46117299999999">
      </trkpt>
      <trkpt lat="37.740853" lon="-122.461272">
      </trkpt>
      <trkpt lat="37.740845" lon="-122.46137399999999">
      </trkpt>
      <trkpt lat="37.740818" lon="-122.461912">
      </trkpt>
      <trkpt lat="37.740888" lon="-122.461928">
      </trkpt>
      <trkpt lat="37.740911" lon="-122.46193299999999">
      </trkpt>
      <trkpt lat="37.741002" lon="-122.46196599999999">
      </trkpt>
      <trkpt lat="37.741095" lon="-122.462013">
      </trkpt>
      <trkpt lat="37.741183" lon="-122.462066">
      </trkpt>
      <trkpt lat="37.741268999999996" lon="-122.46212899999999">
      </trkpt>
      <trkpt lat="37.741355" lon="-122.462204">
      </trkpt>
      <trkpt lat="37.741439" lon="-122.462288">
      </trkpt>
      <trkpt lat="37.74152" lon="-122.462386">
      </trkpt>
      <trkpt lat="37.741588" lon="-122.462481">
      </trkpt>
      <trkpt lat="37.741651999999995" lon="-122.462587">
      </trkpt>
      <trkpt lat="37.74171" lon="-122.462707">
      </trkpt>
      <trkpt lat="37.741718999999996" lon="-122.462728">
      </trkpt>
      <trkpt lat="37.741765" lon="-122.462831">
      </trkpt>
      <trkpt lat="37.742219999999996" lon="-122.463871">
      </trkpt>
      <trkpt lat="37.742247" lon="-122.46393099999999">
      </trkpt>
      <trkpt lat="37.742262" lon="-122.463966">
      </trkpt>
      <trkpt lat="37.742318" lon="-122.46394599999999">
      </trkpt>
      <trkpt lat="37.74235" lon="-122.46393499999999">
      </trkpt>
      <trkpt lat="37.742377999999995" lon="-122.46392499999999">
      </trkpt>
      <trkpt lat="37.742491" lon="-122.463893">
      </trkpt>
      <trkpt lat="37.742611" lon="-122.463866">
      </trkpt>
      <trkpt lat="37.74266" lon="-122.46385699999999">
      </trkpt>
      <trkpt lat="37.742768" lon="-122.463837">
      </trkpt>
      <trkpt lat="37.742852" lon="-122.46382899999999">
      </trkpt>
      <trkpt lat="37.742889" lon="-122.463825">
      </trkpt>
      <trkpt lat="37.742933" lon="-122.463821">
      </trkpt>
      <trkpt lat="37.743035" lon="-122.46380599999999">
      </trkpt>
      <trkpt lat="37.74306" lon="-122.463802">
      </trkpt>
      <trkpt lat="37.743323" lon="-122.463764">
      </trkpt>
      <trkpt lat="37.743316" lon="-122.463726">
      </trkpt>
      <trkpt lat="37.743311" lon="-122.463691">
      </trkpt>
      <trkpt lat="37.743303" lon="-122.463663">
      </trkpt>
      <trkpt lat="37.743286999999995" lon="-122.463625">
      </trkpt>
      <trkpt lat="37.742663" lon="-122.46219599999999">
      </trkpt>
      <trkpt lat="37.742588" lon="-122.462029">
      </trkpt>
      <trkpt lat="37.742515999999995" lon="-122.46188599999999">
      </trkpt>
      <trkpt lat="37.742506999999996" lon="-122.46187099999999">
      </trkpt>
      <trkpt lat="37.742515999999995" lon="-122.46188599999999">
      </trkpt>
      <trkpt lat="37.742588" lon="-122.462029">
      </trkpt>
      <trkpt lat="37.742663" lon="-122.46219599999999">
      </trkpt>
      <trkpt lat="37.743286999999995" lon="-122.463625">
      </trkpt>
      <trkpt lat="37.743303" lon="-122.463663">
      </trkpt>
      <trkpt lat="37.743311" lon="-122.463691">
      </trkpt>
      <trkpt lat="37.743316" lon="-122.463726">
      </trkpt>
      <trkpt lat="37.743323" lon="-122.463764">
      </trkpt>
      <trkpt lat="37.743462" lon="-122.46370499999999">
      </trkpt>
      <trkpt lat="37.743491" lon="-122.463692">
      </trkpt>
      <trkpt lat="37.743517" lon="-122.463681">
      </trkpt>
      <trkpt lat="37.743586" lon="-122.463647">
      </trkpt>
      <trkpt lat="37.743595" lon="-122.46361499999999">
      </trkpt>
      <trkpt lat="37.743607" lon="-122.463585">
      </trkpt>
      <trkpt lat="37.743623" lon="-122.46355799999999">
      </trkpt>
      <trkpt lat="37.743604" lon="-122.46345699999999">
      </trkpt>
      <trkpt lat="37.743569" lon="-122.46328899999999">
      </trkpt>
      <trkpt lat="37.743389" lon="-122.46287799999999">
      </trkpt>
      <trkpt lat="37.743459" lon="-122.462791">
      </trkpt>
      <trkpt lat="37.744504" lon="-122.46145">
      </trkpt>
      <trkpt lat="37.744622" lon="-122.4613">
      </trkpt>
      <trkpt lat="37.744561999999995" lon="-122.461259">
      </trkpt>
      <trkpt lat="37.744512" lon="-122.461225">
      </trkpt>
      <trkpt lat="37.744025" lon="-122.461107">
      </trkpt>
      <trkpt lat="37.743947" lon="-122.461046">
      </trkpt>
      <trkpt lat="37.743885999999996" lon="-122.46099799999999">
      </trkpt>
      <trkpt lat="37.743814" lon="-122.460982">
      </trkpt>
      <trkpt lat="37.743815" lon="-122.46082299999999">
      </trkpt>
      <trkpt lat="37.743803" lon="-122.45997">
      </trkpt>
      <trkpt lat="37.743806" lon="-122.459907">
      </trkpt>
      <trkpt lat="37.743818" lon="-122.459851">
      </trkpt>
      <trkpt lat="37.743717" lon="-122.459953">
      </trkpt>
      <trkpt lat="37.743521" lon="-122.46019799999999">
      </trkpt>
      <trkpt lat="37.743449999999996" lon="-122.460297">
      </trkpt>
      <trkpt lat="37.743379999999995" lon="-122.460415">
      </trkpt>
      <trkpt lat="37.743325" lon="-122.460538">
      </trkpt>
      <trkpt lat="37.74328" lon="-122.460658">
      </trkpt>
      <trkpt lat="37.743241999999995" lon="-122.460781">
      </trkpt>
      <trkpt lat="37.743224" lon="-122.460848">
      </trkpt>
      <trkpt lat="37.743210999999995" lon="-122.460883">
      </trkpt>
      <trkpt lat="37.743195" lon="-122.460906">
      </trkpt>
      <trkpt lat="37.743176" lon="-122.460926">
      </trkpt>
      <trkpt lat="37.743144" lon="-122.46095199999999">
      </trkpt>
      <trkpt lat="37.743113" lon="-122.460961">
      </trkpt>
      <trkpt lat="37.743113" lon="-122.460961">
      </trkpt>
      <trkpt lat="37.743144" lon="-122.46095199999999">
      </trkpt>
      <trkpt lat="37.743176" lon="-122.460926">
      </trkpt>
      <trkpt lat="37.743195" lon="-122.460906">
      </trkpt>
      <trkpt lat="37.743210999999995" lon="-122.460883">
      </trkpt>
      <trkpt lat="37.743224" lon="-122.460848">
      </trkpt>
      <trkpt lat="37.743241999999995" lon="-122.460781">
      </trkpt>
      <trkpt lat="37.74328" lon="-122.460658">
      </trkpt>
      <trkpt lat="37.743325" lon="-122.460538">
      </trkpt>
      <trkpt lat="37.743379999999995" lon="-122.460415">
      </trkpt>
      <trkpt lat="37.743449999999996" lon="-122.460297">
      </trkpt>
      <trkpt lat="37.743521" lon="-122.46019799999999">
      </trkpt>
      <trkpt lat="37.743717" lon="-122.459953">
      </trkpt>
      <trkpt lat="37.743818" lon="-122.459851">
      </trkpt>
      <trkpt lat="37.743840999999996" lon="-122.459791">
      </trkpt>
      <trkpt lat="37.743871999999996" lon="-122.459741">
      </trkpt>
      <trkpt lat="37.744054" lon="-122.459502">
      </trkpt>
      <trkpt lat="37.744273" lon="-122.45923699999999">
      </trkpt>
      <trkpt lat="37.744343" lon="-122.45915">
      </trkpt>
      <trkpt lat="37.7444" lon="-122.45917299999999">
      </trkpt>
      <trkpt lat="37.744313" lon="-122.45928699999999">
      </trkpt>
      <trkpt lat="37.744099999999996" lon="-122.459564">
      </trkpt>
      <trkpt lat="37.743919999999996" lon="-122.45979799999999">
      </trkpt>
      <trkpt lat="37.743888999999996" lon="-122.459851">
      </trkpt>
      <trkpt lat="37.743874999999996" lon="-122.459907">
      </trkpt>
      <trkpt lat="37.743868" lon="-122.459969">
      </trkpt>
      <trkpt lat="37.743877" lon="-122.46040099999999">
      </trkpt>
      <trkpt lat="37.743885999999996" lon="-122.46083899999999">
      </trkpt>
      <trkpt lat="37.743885999999996" lon="-122.46099799999999">
      </trkpt>
      <trkpt lat="37.743814" lon="-122.460982">
      </trkpt>
      <trkpt lat="37.743815" lon="-122.46082299999999">
      </trkpt>
      <trkpt lat="37.743803" lon="-122.45997">
      </trkpt>
      <trkpt lat="37.743806" lon="-122.459907">
      </trkpt>
      <trkpt lat="37.743818" lon="-122.459851">
      </trkpt>
      <trkpt lat="37.743840999999996" lon="-122.459791">
      </trkpt>
      <trkpt lat="37.743871999999996" lon="-122.459741">
      </trkpt>
      <trkpt lat="37.744054" lon="-122.459502">
      </trkpt>
      <trkpt lat="37.744273" lon="-122.45923699999999">
      </trkpt>
      <trkpt lat="37.744301" lon="-122.45920199999999">
      </trkpt>
      <trkpt lat="37.744343" lon="-122.45915">
      </trkpt>
      <trkpt lat="37.7444" lon="-122.45917299999999">
      </trkpt>
      <trkpt lat="37.744445999999996" lon="-122.4592">
      </trkpt>
      <trkpt lat="37.744485999999995" lon="-122.459217">
      </trkpt>
      <trkpt lat="37.745082" lon="-122.45922999999999">
      </trkpt>
      <trkpt lat="37.745278" lon="-122.459234">
      </trkpt>
      <trkpt lat="37.74523" lon="-122.45912999999999">
      </trkpt>
      <trkpt lat="37.74521" lon="-122.459097">
      </trkpt>
      <trkpt lat="37.745171" lon="-122.45903299999999">
      </trkpt>
      <trkpt lat="37.745104999999995" lon="-122.45893099999999">
      </trkpt>
      <trkpt lat="37.74505" lon="-122.45881">
      </trkpt>
      <trkpt lat="37.745005" lon="-122.458681">
      </trkpt>
      <trkpt lat="37.744975" lon="-122.45853899999999">
      </trkpt>
      <trkpt lat="37.744901" lon="-122.45808299999999">
      </trkpt>
      <trkpt lat="37.744885" lon="-122.457984">
      </trkpt>
      <trkpt lat="37.74479" lon="-122.457405">
      </trkpt>
      <trkpt lat="37.744778" lon="-122.45729999999999">
      </trkpt>
      <trkpt lat="37.744778" lon="-122.457186">
      </trkpt>
      <trkpt lat="37.744788" lon="-122.45707499999999">
      </trkpt>
      <trkpt lat="37.744809" lon="-122.45696799999999">
      </trkpt>
      <trkpt lat="37.744834" lon="-122.45687199999999">
      </trkpt>
      <trkpt lat="37.744870999999996" lon="-122.456773">
      </trkpt>
      <trkpt lat="37.744915" lon="-122.45669">
      </trkpt>
      <trkpt lat="37.744968" lon="-122.456606">
      </trkpt>
      <trkpt lat="37.74503" lon="-122.456531">
      </trkpt>
      <trkpt lat="37.745078" lon="-122.45647899999999">
      </trkpt>
      <trkpt lat="37.745526" lon="-122.455995">
      </trkpt>
      <trkpt lat="37.745616" lon="-122.455908">
      </trkpt>
      <trkpt lat="37.745712999999995" lon="-122.455822">
      </trkpt>
      <trkpt lat="37.745824" lon="-122.45573999999999">
      </trkpt>
      <trkpt lat="37.74593" lon="-122.45567">
      </trkpt>
      <trkpt lat="37.746047" lon="-122.45561099999999">
      </trkpt>
      <trkpt lat="37.746165" lon="-122.455559">
      </trkpt>
      <trkpt lat="37.746254" lon="-122.455524">
      </trkpt>
      <trkpt lat="37.7463" lon="-122.455506">
      </trkpt>
      <trkpt lat="37.746286999999995" lon="-122.455455">
      </trkpt>
      <trkpt lat="37.746283" lon="-122.455438">
      </trkpt>
      <trkpt lat="37.746148999999996" lon="-122.45489099999999">
      </trkpt>
      <trkpt lat="37.746127" lon="-122.45481699999999">
      </trkpt>
      <trkpt lat="37.746099" lon="-122.454746">
      </trkpt>
      <trkpt lat="37.746069" lon="-122.45468699999999">
      </trkpt>
      <trkpt lat="37.746023" lon="-122.454707">
      </trkpt>
      <trkpt lat="37.746016" lon="-122.45470999999999">
      </trkpt>
      <trkpt lat="37.745900999999996" lon="-122.454759">
      </trkpt>
      <trkpt lat="37.74577" lon="-122.45482">
      </trkpt>
      <trkpt lat="37.745646" lon="-122.454887">
      </trkpt>
      <trkpt lat="37.745522" lon="-122.45496399999999">
      </trkpt>
      <trkpt lat="37.745501999999995" lon="-122.454978">
      </trkpt>
      <trkpt lat="37.745522" lon="-122.45496399999999">
      </trkpt>
      <trkpt lat="37.745646" lon="-122.454887">
      </trkpt>
      <trkpt lat="37.74577" lon="-122.45482">
      </trkpt>
      <trkpt lat="37.745900999999996" lon="-122.454759">
      </trkpt>
      <trkpt lat="37.746016" lon="-122.45470999999999">
      </trkpt>
      <trkpt lat="37.746023" lon="-122.454707">
      </trkpt>
      <trkpt lat="37.746069" lon="-122.45468699999999">
      </trkpt>
      <trkpt lat="37.746021999999996" lon="-122.454607">
      </trkpt>
      <trkpt lat="37.746015" lon="-122.454594">
      </trkpt>
      <trkpt lat="37.745976" lon="-122.454526">
      </trkpt>
      <trkpt lat="37.745841" lon="-122.45422699999999">
      </trkpt>
      <trkpt lat="37.745891" lon="-122.454292">
      </trkpt>
      <trkpt lat="37.74604" lon="-122.454483">
      </trkpt>
      <trkpt lat="37.746099" lon="-122.454464">
      </trkpt>
      <trkpt lat="37.746248" lon="-122.454414">
      </trkpt>
      <trkpt lat="37.746489" lon="-122.454264">
      </trkpt>
      <trkpt lat="37.746702" lon="-122.454132">
      </trkpt>
      <trkpt lat="37.746722" lon="-122.45401899999999">
      </trkpt>
      <trkpt lat="37.746727" lon="-122.45396099999999">
      </trkpt>
      <trkpt lat="37.746725999999995" lon="-122.45390099999999">
      </trkpt>
      <trkpt lat="37.746717" lon="-122.45383899999999">
      </trkpt>
      <trkpt lat="37.746702" lon="-122.45378099999999">
      </trkpt>
      <trkpt lat="37.74668" lon="-122.453728">
      </trkpt>
      <trkpt lat="37.746648" lon="-122.453678">
      </trkpt>
      <trkpt lat="37.746612" lon="-122.453639">
      </trkpt>
      <trkpt lat="37.746569" lon="-122.453606">
      </trkpt>
      <trkpt lat="37.746491999999996" lon="-122.453571">
      </trkpt>
      <trkpt lat="37.746451" lon="-122.453542">
      </trkpt>
      <trkpt lat="37.746412" lon="-122.45350699999999">
      </trkpt>
      <trkpt lat="37.746379999999995" lon="-122.45346599999999">
      </trkpt>
      <trkpt lat="37.746352" lon="-122.45342">
      </trkpt>
      <trkpt lat="37.74633" lon="-122.453374">
      </trkpt>
      <trkpt lat="37.746314" lon="-122.45332099999999">
      </trkpt>
      <trkpt lat="37.746305" lon="-122.453266">
      </trkpt>
      <trkpt lat="37.746305" lon="-122.45315799999999">
      </trkpt>
      <trkpt lat="37.746305" lon="-122.453266">
      </trkpt>
      <trkpt lat="37.746314" lon="-122.45332099999999">
      </trkpt>
      <trkpt lat="37.74633" lon="-122.453374">
      </trkpt>
      <trkpt lat="37.746352" lon="-122.45342">
      </trkpt>
      <trkpt lat="37.746379999999995" lon="-122.45346599999999">
      </trkpt>
      <trkpt lat="37.746412" lon="-122.45350699999999">
      </trkpt>
      <trkpt lat="37.746451" lon="-122.453542">
      </trkpt>
      <trkpt lat="37.746491999999996" lon="-122.453571">
      </trkpt>
      <trkpt lat="37.746569" lon="-122.453606">
      </trkpt>
      <trkpt lat="37.746612" lon="-122.453639">
      </trkpt>
      <trkpt lat="37.746648" lon="-122.453678">
      </trkpt>
      <trkpt lat="37.74668" lon="-122.453728">
      </trkpt>
      <trkpt lat="37.746702" lon="-122.45378099999999">
      </trkpt>
      <trkpt lat="37.746717" lon="-122.45383899999999">
      </trkpt>
      <trkpt lat="37.746725999999995" lon="-122.45390099999999">
      </trkpt>
      <trkpt lat="37.746727" lon="-122.45396099999999">
      </trkpt>
      <trkpt lat="37.746722" lon="-122.45401899999999">
      </trkpt>
      <trkpt lat="37.746702" lon="-122.454132">
      </trkpt>
      <trkpt lat="37.747019" lon="-122.453947">
      </trkpt>
      <trkpt lat="37.747053" lon="-122.45393">
      </trkpt>
      <trkpt lat="37.747088999999995" lon="-122.453915">
      </trkpt>
      <trkpt lat="37.747125" lon="-122.45389999999999">
      </trkpt>
      <trkpt lat="37.747158999999996" lon="-122.45388399999999">
      </trkpt>
      <trkpt lat="37.747485" lon="-122.453685">
      </trkpt>
      <trkpt lat="37.747592" lon="-122.453621">
      </trkpt>
      <trkpt lat="37.7477" lon="-122.45355699999999">
      </trkpt>
      <trkpt lat="37.747754" lon="-122.453498">
      </trkpt>
      <trkpt lat="37.747788" lon="-122.453452">
      </trkpt>
      <trkpt lat="37.747819" lon="-122.45340399999999">
      </trkpt>
      <trkpt lat="37.747839" lon="-122.453361">
      </trkpt>
      <trkpt lat="37.747856" lon="-122.45331399999999">
      </trkpt>
      <trkpt lat="37.747869" lon="-122.45325199999999">
      </trkpt>
      <trkpt lat="37.747879" lon="-122.453187">
      </trkpt>
      <trkpt lat="37.747875" lon="-122.45307199999999">
      </trkpt>
      <trkpt lat="37.747844" lon="-122.45274699999999">
      </trkpt>
      <trkpt lat="37.747828999999996" lon="-122.452681">
      </trkpt>
      <trkpt lat="37.747807" lon="-122.45261599999999">
      </trkpt>
      <trkpt lat="37.747776" lon="-122.452559">
      </trkpt>
      <trkpt lat="37.747749" lon="-122.45251599999999">
      </trkpt>
      <trkpt lat="37.74774" lon="-122.45250499999999">
      </trkpt>
      <trkpt lat="37.747659999999996" lon="-122.452418">
      </trkpt>
      <trkpt lat="37.747519" lon="-122.452271">
      </trkpt>
      <trkpt lat="37.747228" lon="-122.45203">
      </trkpt>
      <trkpt lat="37.746966" lon="-122.45183999999999">
      </trkpt>
      <trkpt lat="37.746837" lon="-122.45174899999999">
      </trkpt>
      <trkpt lat="37.74679" lon="-122.45172699999999">
      </trkpt>
      <trkpt lat="37.746746" lon="-122.45171599999999">
      </trkpt>
      <trkpt lat="37.746702" lon="-122.451712">
      </trkpt>
      <trkpt lat="37.746658" lon="-122.451715">
      </trkpt>
      <trkpt lat="37.746615" lon="-122.45172799999999">
      </trkpt>
      <trkpt lat="37.746576999999995" lon="-122.451748">
      </trkpt>
      <trkpt lat="37.746541" lon="-122.451774">
      </trkpt>
      <trkpt lat="37.746508999999996" lon="-122.451799">
      </trkpt>
      <trkpt lat="37.746477999999996" lon="-122.45183">
      </trkpt>
      <trkpt lat="37.746415" lon="-122.451904">
      </trkpt>
      <trkpt lat="37.746415999999996" lon="-122.452069">
      </trkpt>
      <trkpt lat="37.746415" lon="-122.451904">
      </trkpt>
      <trkpt lat="37.746300999999995" lon="-122.45208199999999">
      </trkpt>
      <trkpt lat="37.746283" lon="-122.452108">
      </trkpt>
      <trkpt lat="37.746263" lon="-122.452131">
      </trkpt>
      <trkpt lat="37.746238999999996" lon="-122.452146">
      </trkpt>
      <trkpt lat="37.746213999999995" lon="-122.45215599999999">
      </trkpt>
      <trkpt lat="37.7461" lon="-122.45215599999999">
      </trkpt>
      <trkpt lat="37.745944" lon="-122.452157">
      </trkpt>
      <trkpt lat="37.745768999999996" lon="-122.452154">
      </trkpt>
      <trkpt lat="37.745701" lon="-122.452151">
      </trkpt>
      <trkpt lat="37.745697" lon="-122.45223399999999">
      </trkpt>
      <trkpt lat="37.745681999999995" lon="-122.452355">
      </trkpt>
      <trkpt lat="37.745658" lon="-122.452548">
      </trkpt>
      <trkpt lat="37.745613999999996" lon="-122.45233599999999">
      </trkpt>
      <trkpt lat="37.745613" lon="-122.452331">
      </trkpt>
      <trkpt lat="37.745602" lon="-122.45223299999999">
      </trkpt>
      <trkpt lat="37.745596" lon="-122.45214499999999">
      </trkpt>
      <trkpt lat="37.745588" lon="-122.452061">
      </trkpt>
      <trkpt lat="37.745577" lon="-122.451983">
      </trkpt>
      <trkpt lat="37.74556" lon="-122.45191299999999">
      </trkpt>
      <trkpt lat="37.745543" lon="-122.45185099999999">
      </trkpt>
      <trkpt lat="37.745512999999995" lon="-122.451782">
      </trkpt>
      <trkpt lat="37.745464" lon="-122.451675">
      </trkpt>
      <trkpt lat="37.745498999999995" lon="-122.451563">
      </trkpt>
      <trkpt lat="37.745515999999995" lon="-122.451506">
      </trkpt>
      <trkpt lat="37.745613999999996" lon="-122.451217">
      </trkpt>
      <trkpt lat="37.745709" lon="-122.45092899999999">
      </trkpt>
      <trkpt lat="37.745765999999996" lon="-122.450758">
      </trkpt>
      <trkpt lat="37.745899" lon="-122.45082599999999">
      </trkpt>
      <trkpt lat="37.74601" lon="-122.45088">
      </trkpt>
      <trkpt lat="37.746027999999995" lon="-122.450886">
      </trkpt>
      <trkpt lat="37.746055999999996" lon="-122.45089">
      </trkpt>
      <trkpt lat="37.746086999999996" lon="-122.45088399999999">
      </trkpt>
      <trkpt lat="37.74612" lon="-122.45087199999999">
      </trkpt>
      <trkpt lat="37.746148" lon="-122.450852">
      </trkpt>
      <trkpt lat="37.746168999999995" lon="-122.450817">
      </trkpt>
      <trkpt lat="37.746186" lon="-122.45076499999999">
      </trkpt>
      <trkpt lat="37.746196999999995" lon="-122.450705">
      </trkpt>
      <trkpt lat="37.746233" lon="-122.450426">
      </trkpt>
      <trkpt lat="37.746247" lon="-122.45033699999999">
      </trkpt>
      <trkpt lat="37.746265" lon="-122.45025">
      </trkpt>
      <trkpt lat="37.746293" lon="-122.45016">
      </trkpt>
      <trkpt lat="37.746328999999996" lon="-122.45006699999999">
      </trkpt>
      <trkpt lat="37.746372" lon="-122.44997699999999">
      </trkpt>
      <trkpt lat="37.746466999999996" lon="-122.449795">
      </trkpt>
      <trkpt lat="37.746615" lon="-122.44952099999999">
      </trkpt>
      <trkpt lat="37.746718" lon="-122.449615">
      </trkpt>
      <trkpt lat="37.746759" lon="-122.449665">
      </trkpt>
      <trkpt lat="37.746795999999996" lon="-122.44971899999999">
      </trkpt>
      <trkpt lat="37.746829999999996" lon="-122.44980299999999">
      </trkpt>
      <trkpt lat="37.746846999999995" lon="-122.449863">
      </trkpt>
      <trkpt lat="37.746853" lon="-122.449911">
      </trkpt>
      <trkpt lat="37.746855" lon="-122.449958">
      </trkpt>
      <trkpt lat="37.746853" lon="-122.450414">
      </trkpt>
      <trkpt lat="37.74686" lon="-122.450519">
      </trkpt>
      <trkpt lat="37.746863999999995" lon="-122.450541">
      </trkpt>
      <trkpt lat="37.74686" lon="-122.450519">
      </trkpt>
      <trkpt lat="37.746853" lon="-122.450414">
      </trkpt>
      <trkpt lat="37.746855" lon="-122.449958">
      </trkpt>
      <trkpt lat="37.746853" lon="-122.449911">
      </trkpt>
      <trkpt lat="37.746846999999995" lon="-122.449863">
      </trkpt>
      <trkpt lat="37.746829999999996" lon="-122.44980299999999">
      </trkpt>
      <trkpt lat="37.746795999999996" lon="-122.44971899999999">
      </trkpt>
      <trkpt lat="37.746759" lon="-122.449665">
      </trkpt>
      <trkpt lat="37.746718" lon="-122.449615">
      </trkpt>
      <trkpt lat="37.746615" lon="-122.44952099999999">
      </trkpt>
      <trkpt lat="37.746663" lon="-122.449382">
      </trkpt>
      <trkpt lat="37.746686" lon="-122.449349">
      </trkpt>
      <trkpt lat="37.746708999999996" lon="-122.449317">
      </trkpt>
      <trkpt lat="37.746742" lon="-122.449276">
      </trkpt>
      <trkpt lat="37.746775" lon="-122.449243">
      </trkpt>
      <trkpt lat="37.746812" lon="-122.449209">
      </trkpt>
      <trkpt lat="37.746853" lon="-122.449176">
      </trkpt>
      <trkpt lat="37.746894999999995" lon="-122.449148">
      </trkpt>
      <trkpt lat="37.746939" lon="-122.44912199999999">
      </trkpt>
      <trkpt lat="37.746944" lon="-122.44912">
      </trkpt>
      <trkpt lat="37.746987" lon="-122.4491">
      </trkpt>
      <trkpt lat="37.747023999999996" lon="-122.449084">
      </trkpt>
      <trkpt lat="37.747046" lon="-122.449079">
      </trkpt>
      <trkpt lat="37.747102" lon="-122.44908">
      </trkpt>
      <trkpt lat="37.747062" lon="-122.44912099999999">
      </trkpt>
      <trkpt lat="37.747040999999996" lon="-122.449137">
      </trkpt>
      <trkpt lat="37.747001999999995" lon="-122.44915599999999">
      </trkpt>
      <trkpt lat="37.746958" lon="-122.44917799999999">
      </trkpt>
      <trkpt lat="37.746916" lon="-122.449203">
      </trkpt>
      <trkpt lat="37.746874999999996" lon="-122.449232">
      </trkpt>
      <trkpt lat="37.746839" lon="-122.44926299999999">
      </trkpt>
      <trkpt lat="37.746804" lon="-122.44929499999999">
      </trkpt>
      <trkpt lat="37.746772" lon="-122.449328">
      </trkpt>
      <trkpt lat="37.746742999999995" lon="-122.449359">
      </trkpt>
      <trkpt lat="37.746718" lon="-122.44939199999999">
      </trkpt>
      <trkpt lat="37.746696" lon="-122.449423">
      </trkpt>
      <trkpt lat="37.746615" lon="-122.44952099999999">
      </trkpt>
      <trkpt lat="37.746466999999996" lon="-122.449795">
      </trkpt>
      <trkpt lat="37.746372" lon="-122.44997699999999">
      </trkpt>
      <trkpt lat="37.746328999999996" lon="-122.45006699999999">
      </trkpt>
      <trkpt lat="37.746293" lon="-122.45016">
      </trkpt>
      <trkpt lat="37.746265" lon="-122.45025">
      </trkpt>
      <trkpt lat="37.746247" lon="-122.45033699999999">
      </trkpt>
      <trkpt lat="37.746233" lon="-122.450426">
      </trkpt>
      <trkpt lat="37.746196999999995" lon="-122.450705">
      </trkpt>
      <trkpt lat="37.746186" lon="-122.45076499999999">
      </trkpt>
      <trkpt lat="37.746168999999995" lon="-122.450817">
      </trkpt>
      <trkpt lat="37.746148" lon="-122.450852">
      </trkpt>
      <trkpt lat="37.74612" lon="-122.45087199999999">
      </trkpt>
      <trkpt lat="37.746086999999996" lon="-122.45088399999999">
      </trkpt>
      <trkpt lat="37.746055999999996" lon="-122.45089">
      </trkpt>
      <trkpt lat="37.746027999999995" lon="-122.450886">
      </trkpt>
      <trkpt lat="37.74601" lon="-122.45088">
      </trkpt>
      <trkpt lat="37.745899" lon="-122.45082599999999">
      </trkpt>
      <trkpt lat="37.745765999999996" lon="-122.450758">
      </trkpt>
      <trkpt lat="37.745809" lon="-122.45061799999999">
      </trkpt>
      <trkpt lat="37.745846" lon="-122.450476">
      </trkpt>
      <trkpt lat="37.745882" lon="-122.45033199999999">
      </trkpt>
      <trkpt lat="37.745916" lon="-122.450184">
      </trkpt>
      <trkpt lat="37.745936" lon="-122.45007">
      </trkpt>
      <trkpt lat="37.745948999999996" lon="-122.44996599999999">
      </trkpt>
      <trkpt lat="37.74599" lon="-122.44959899999999">
      </trkpt>
      <trkpt lat="37.74601" lon="-122.44944699999999">
      </trkpt>
      <trkpt lat="37.746032" lon="-122.449317">
      </trkpt>
      <trkpt lat="37.746055999999996" lon="-122.449181">
      </trkpt>
      <trkpt lat="37.746092" lon="-122.44901399999999">
      </trkpt>
      <trkpt lat="37.746137" lon="-122.44883">
      </trkpt>
      <trkpt lat="37.746286" lon="-122.448229">
      </trkpt>
      <trkpt lat="37.746373999999996" lon="-122.447876">
      </trkpt>
      <trkpt lat="37.746404" lon="-122.447757">
      </trkpt>
      <trkpt lat="37.746511" lon="-122.447802">
      </trkpt>
      <trkpt lat="37.74658" lon="-122.44783">
      </trkpt>
      <trkpt lat="37.746659" lon="-122.44785999999999">
      </trkpt>
      <trkpt lat="37.746736999999996" lon="-122.44787799999999">
      </trkpt>
      <trkpt lat="37.74682" lon="-122.44789">
      </trkpt>
      <trkpt lat="37.746905" lon="-122.447893">
      </trkpt>
      <trkpt lat="37.746952" lon="-122.447893">
      </trkpt>
      <trkpt lat="37.746995999999996" lon="-122.44789">
      </trkpt>
      <trkpt lat="37.747043999999995" lon="-122.447881">
      </trkpt>
      <trkpt lat="37.747146" lon="-122.447857">
      </trkpt>
      <trkpt lat="37.747214" lon="-122.447841">
      </trkpt>
      <trkpt lat="37.747146" lon="-122.447857">
      </trkpt>
      <trkpt lat="37.747043999999995" lon="-122.447881">
      </trkpt>
      <trkpt lat="37.746995999999996" lon="-122.44789">
      </trkpt>
      <trkpt lat="37.746952" lon="-122.447893">
      </trkpt>
      <trkpt lat="37.746905" lon="-122.447893">
      </trkpt>
      <trkpt lat="37.74682" lon="-122.44789">
      </trkpt>
      <trkpt lat="37.746736999999996" lon="-122.44787799999999">
      </trkpt>
      <trkpt lat="37.746659" lon="-122.44785999999999">
      </trkpt>
      <trkpt lat="37.74658" lon="-122.44783">
      </trkpt>
      <trkpt lat="37.746511" lon="-122.447802">
      </trkpt>
      <trkpt lat="37.746404" lon="-122.447757">
      </trkpt>
      <trkpt lat="37.74644" lon="-122.447615">
      </trkpt>
      <trkpt lat="37.746549" lon="-122.447194">
      </trkpt>
      <trkpt lat="37.746621999999995" lon="-122.446911">
      </trkpt>
      <trkpt lat="37.746657" lon="-122.44677499999999">
      </trkpt>
      <trkpt lat="37.746685" lon="-122.446653">
      </trkpt>
      <trkpt lat="37.746708999999996" lon="-122.446524">
      </trkpt>
      <trkpt lat="37.746731" lon="-122.44637999999999">
      </trkpt>
      <trkpt lat="37.746798" lon="-122.445893">
      </trkpt>
      <trkpt lat="37.746915" lon="-122.44505699999999">
      </trkpt>
      <trkpt lat="37.74693" lon="-122.44495699999999">
      </trkpt>
      <trkpt lat="37.746947" lon="-122.444842">
      </trkpt>
      <trkpt lat="37.746956" lon="-122.44477599999999">
      </trkpt>
      <trkpt lat="37.746964999999996" lon="-122.444727">
      </trkpt>
      <trkpt lat="37.746983" lon="-122.444649">
      </trkpt>
      <trkpt lat="37.747006999999996" lon="-122.444577">
      </trkpt>
      <trkpt lat="37.747037" lon="-122.44450599999999">
      </trkpt>
      <trkpt lat="37.747032" lon="-122.44442099999999">
      </trkpt>
      <trkpt lat="37.747023" lon="-122.444363">
      </trkpt>
      <trkpt lat="37.747006999999996" lon="-122.444306">
      </trkpt>
      <trkpt lat="37.746981999999996" lon="-122.44425299999999">
      </trkpt>
      <trkpt lat="37.746946" lon="-122.444215">
      </trkpt>
      <trkpt lat="37.746908" lon="-122.44418999999999">
      </trkpt>
      <trkpt lat="37.746863999999995" lon="-122.44417999999999">
      </trkpt>
      <trkpt lat="37.746826999999996" lon="-122.444188">
      </trkpt>
      <trkpt lat="37.746812999999996" lon="-122.444194">
      </trkpt>
      <trkpt lat="37.746773999999995" lon="-122.44421299999999">
      </trkpt>
      <trkpt lat="37.746738" lon="-122.44424699999999">
      </trkpt>
      <trkpt lat="37.746674999999996" lon="-122.44435299999999">
      </trkpt>
      <trkpt lat="37.746672" lon="-122.44437699999999">
      </trkpt>
      <trkpt lat="37.746663" lon="-122.444503">
      </trkpt>
      <trkpt lat="37.746693" lon="-122.44456799999999">
      </trkpt>
      <trkpt lat="37.746716" lon="-122.444639">
      </trkpt>
      <trkpt lat="37.746742999999995" lon="-122.444706">
      </trkpt>
      <trkpt lat="37.746783" lon="-122.444762">
      </trkpt>
      <trkpt lat="37.746823" lon="-122.44479199999999">
      </trkpt>
      <trkpt lat="37.746867" lon="-122.444813">
      </trkpt>
      <trkpt lat="37.746947" lon="-122.444842">
      </trkpt>
      <trkpt lat="37.747034" lon="-122.444879">
      </trkpt>
      <trkpt lat="37.747004" lon="-122.44509699999999">
      </trkpt>
      <trkpt lat="37.746959" lon="-122.445382">
      </trkpt>
      <trkpt lat="37.746846999999995" lon="-122.446075">
      </trkpt>
      <trkpt lat="37.746836" lon="-122.44614999999999">
      </trkpt>
      <trkpt lat="37.746787" lon="-122.446479">
      </trkpt>
      <trkpt lat="37.746763" lon="-122.44667">
      </trkpt>
      <trkpt lat="37.746826" lon="-122.446911">
      </trkpt>
      <trkpt lat="37.746846999999995" lon="-122.44700399999999">
      </trkpt>
      <trkpt lat="37.746869" lon="-122.44712299999999">
      </trkpt>
      <trkpt lat="37.746924" lon="-122.44747799999999">
      </trkpt>
      <trkpt lat="37.746932" lon="-122.44758399999999">
      </trkpt>
      <trkpt lat="37.746931" lon="-122.44767399999999">
      </trkpt>
      <trkpt lat="37.746927" lon="-122.44775899999999">
      </trkpt>
      <trkpt lat="37.746919" lon="-122.447828">
      </trkpt>
      <trkpt lat="37.746905" lon="-122.447893">
      </trkpt>
      <trkpt lat="37.74682" lon="-122.44789">
      </trkpt>
      <trkpt lat="37.746736999999996" lon="-122.44787799999999">
      </trkpt>
      <trkpt lat="37.746659" lon="-122.44785999999999">
      </trkpt>
      <trkpt lat="37.74658" lon="-122.44783">
      </trkpt>
      <trkpt lat="37.746511" lon="-122.447802">
      </trkpt>
      <trkpt lat="37.746404" lon="-122.447757">
      </trkpt>
      <trkpt lat="37.74644" lon="-122.447615">
      </trkpt>
      <trkpt lat="37.746549" lon="-122.447194">
      </trkpt>
      <trkpt lat="37.746621999999995" lon="-122.446911">
      </trkpt>
      <trkpt lat="37.746657" lon="-122.44677499999999">
      </trkpt>
      <trkpt lat="37.746685" lon="-122.446653">
      </trkpt>
      <trkpt lat="37.746708999999996" lon="-122.446524">
      </trkpt>
      <trkpt lat="37.746731" lon="-122.44637999999999">
      </trkpt>
      <trkpt lat="37.746798" lon="-122.445893">
      </trkpt>
      <trkpt lat="37.746915" lon="-122.44505699999999">
      </trkpt>
      <trkpt lat="37.74693" lon="-122.44495699999999">
      </trkpt>
      <trkpt lat="37.746947" lon="-122.444842">
      </trkpt>
      <trkpt lat="37.746956" lon="-122.44477599999999">
      </trkpt>
      <trkpt lat="37.746964999999996" lon="-122.444727">
      </trkpt>
      <trkpt lat="37.746983" lon="-122.444649">
      </trkpt>
      <trkpt lat="37.747006999999996" lon="-122.444577">
      </trkpt>
      <trkpt lat="37.747037" lon="-122.44450599999999">
      </trkpt>
      <trkpt lat="37.747032" lon="-122.44442099999999">
      </trkpt>
      <trkpt lat="37.747023" lon="-122.444363">
      </trkpt>
      <trkpt lat="37.747006999999996" lon="-122.444306">
      </trkpt>
      <trkpt lat="37.746981999999996" lon="-122.44425299999999">
      </trkpt>
      <trkpt lat="37.746946" lon="-122.444215">
      </trkpt>
      <trkpt lat="37.746908" lon="-122.44418999999999">
      </trkpt>
      <trkpt lat="37.746863999999995" lon="-122.44417999999999">
      </trkpt>
      <trkpt lat="37.746826999999996" lon="-122.444188">
      </trkpt>
      <trkpt lat="37.746812999999996" lon="-122.444194">
      </trkpt>
      <trkpt lat="37.746773999999995" lon="-122.44421299999999">
      </trkpt>
      <trkpt lat="37.746738" lon="-122.44424699999999">
      </trkpt>
      <trkpt lat="37.746674999999996" lon="-122.44435299999999">
      </trkpt>
      <trkpt lat="37.746672" lon="-122.44437699999999">
      </trkpt>
      <trkpt lat="37.746663" lon="-122.444503">
      </trkpt>
      <trkpt lat="37.746693" lon="-122.44456799999999">
      </trkpt>
      <trkpt lat="37.746716" lon="-122.444639">
      </trkpt>
      <trkpt lat="37.746739" lon="-122.44469699999999">
      </trkpt>
      <trkpt lat="37.746742999999995" lon="-122.444706">
      </trkpt>
      <trkpt lat="37.746783" lon="-122.444762">
      </trkpt>
      <trkpt lat="37.746823" lon="-122.44479199999999">
      </trkpt>
      <trkpt lat="37.746867" lon="-122.444813">
      </trkpt>
      <trkpt lat="37.746947" lon="-122.444842">
      </trkpt>
      <trkpt lat="37.747034" lon="-122.444879">
      </trkpt>
      <trkpt lat="37.74693" lon="-122.44495699999999">
      </trkpt>
      <trkpt lat="37.74688" lon="-122.444963">
      </trkpt>
      <trkpt lat="37.746845" lon="-122.44496099999999">
      </trkpt>
      <trkpt lat="37.746801999999995" lon="-122.444948">
      </trkpt>
      <trkpt lat="37.746756" lon="-122.44491699999999">
      </trkpt>
      <trkpt lat="37.746718" lon="-122.44488">
      </trkpt>
      <trkpt lat="37.746683" lon="-122.44483199999999">
      </trkpt>
      <trkpt lat="37.746652999999995" lon="-122.44477699999999">
      </trkpt>
      <trkpt lat="37.746631" lon="-122.444711">
      </trkpt>
      <trkpt lat="37.746629" lon="-122.44464199999999">
      </trkpt>
      <trkpt lat="37.746663" lon="-122.444503">
      </trkpt>
      <trkpt lat="37.746672" lon="-122.44437699999999">
      </trkpt>
      <trkpt lat="37.746641" lon="-122.444143">
      </trkpt>
      <trkpt lat="37.746643" lon="-122.44407299999999">
      </trkpt>
      <trkpt lat="37.74664" lon="-122.44402199999999">
      </trkpt>
      <trkpt lat="37.746631" lon="-122.443946">
      </trkpt>
      <trkpt lat="37.746617" lon="-122.443888">
      </trkpt>
      <trkpt lat="37.746587999999996" lon="-122.44380199999999">
      </trkpt>
      <trkpt lat="37.746553999999996" lon="-122.44371199999999">
      </trkpt>
      <trkpt lat="37.746531999999995" lon="-122.443629">
      </trkpt>
      <trkpt lat="37.746519" lon="-122.443529">
      </trkpt>
      <trkpt lat="37.746514999999995" lon="-122.443417">
      </trkpt>
      <trkpt lat="37.746518" lon="-122.443344">
      </trkpt>
      <trkpt lat="37.746525" lon="-122.443282">
      </trkpt>
      <trkpt lat="37.74653" lon="-122.443232">
      </trkpt>
      <trkpt lat="37.746548" lon="-122.443135">
      </trkpt>
      <trkpt lat="37.746573" lon="-122.443041">
      </trkpt>
      <trkpt lat="37.746649" lon="-122.44281799999999">
      </trkpt>
      <trkpt lat="37.746853" lon="-122.44221999999999">
      </trkpt>
      <trkpt lat="37.746927" lon="-122.44226099999999">
      </trkpt>
      <trkpt lat="37.746663" lon="-122.44308799999999">
      </trkpt>
      <trkpt lat="37.746634" lon="-122.443179">
      </trkpt>
      <trkpt lat="37.746611" lon="-122.44326299999999">
      </trkpt>
      <trkpt lat="37.746601999999996" lon="-122.443311">
      </trkpt>
      <trkpt lat="37.746595" lon="-122.443345">
      </trkpt>
      <trkpt lat="37.74659" lon="-122.443379">
      </trkpt>
      <trkpt lat="37.746586" lon="-122.44341899999999">
      </trkpt>
      <trkpt lat="37.746514999999995" lon="-122.443417">
      </trkpt>
      <trkpt lat="37.746435" lon="-122.44341399999999">
      </trkpt>
      <trkpt lat="37.746007999999996" lon="-122.44339699999999">
      </trkpt>
      <trkpt lat="37.745903999999996" lon="-122.443393">
      </trkpt>
      <trkpt lat="37.745908" lon="-122.443215">
      </trkpt>
      <trkpt lat="37.7459" lon="-122.44311499999999">
      </trkpt>
      <trkpt lat="37.745886" lon="-122.44301999999999">
      </trkpt>
      <trkpt lat="37.745827" lon="-122.44273">
      </trkpt>
      <trkpt lat="37.745822" lon="-122.44264199999999">
      </trkpt>
      <trkpt lat="37.745821" lon="-122.442555">
      </trkpt>
      <trkpt lat="37.745841" lon="-122.44241199999999">
      </trkpt>
      <trkpt lat="37.745854" lon="-122.442357">
      </trkpt>
      <trkpt lat="37.745875" lon="-122.44229999999999">
      </trkpt>
      <trkpt lat="37.745892" lon="-122.442284">
      </trkpt>
      <trkpt lat="37.745917" lon="-122.44227699999999">
      </trkpt>
      <trkpt lat="37.745925" lon="-122.442275">
      </trkpt>
      <trkpt lat="37.745943" lon="-122.44227099999999">
      </trkpt>
      <trkpt lat="37.74599" lon="-122.442275">
      </trkpt>
      <trkpt lat="37.746188" lon="-122.442319">
      </trkpt>
      <trkpt lat="37.746241999999995" lon="-122.442314">
      </trkpt>
      <trkpt lat="37.746302" lon="-122.442281">
      </trkpt>
      <trkpt lat="37.746345999999996" lon="-122.442235">
      </trkpt>
      <trkpt lat="37.746372" lon="-122.44217499999999">
      </trkpt>
      <trkpt lat="37.746489" lon="-122.4418">
      </trkpt>
      <trkpt lat="37.746511" lon="-122.441706">
      </trkpt>
      <trkpt lat="37.746559999999995" lon="-122.441496">
      </trkpt>
      <trkpt lat="37.746565" lon="-122.44143799999999">
      </trkpt>
      <trkpt lat="37.746562" lon="-122.44138299999999">
      </trkpt>
      <trkpt lat="37.746548" lon="-122.441327">
      </trkpt>
      <trkpt lat="37.746474" lon="-122.44124">
      </trkpt>
      <trkpt lat="37.746285" lon="-122.441155">
      </trkpt>
      <trkpt lat="37.746264" lon="-122.44114599999999">
      </trkpt>
      <trkpt lat="37.746285" lon="-122.441155">
      </trkpt>
      <trkpt lat="37.746474" lon="-122.44124">
      </trkpt>
      <trkpt lat="37.746548" lon="-122.441327">
      </trkpt>
      <trkpt lat="37.746562" lon="-122.44138299999999">
      </trkpt>
      <trkpt lat="37.746565" lon="-122.44143799999999">
      </trkpt>
      <trkpt lat="37.746559999999995" lon="-122.441496">
      </trkpt>
      <trkpt lat="37.746511" lon="-122.441706">
      </trkpt>
      <trkpt lat="37.746489" lon="-122.4418">
      </trkpt>
      <trkpt lat="37.746372" lon="-122.44217499999999">
      </trkpt>
      <trkpt lat="37.746345999999996" lon="-122.442235">
      </trkpt>
      <trkpt lat="37.746302" lon="-122.442281">
      </trkpt>
      <trkpt lat="37.746241999999995" lon="-122.442314">
      </trkpt>
      <trkpt lat="37.746188" lon="-122.442319">
      </trkpt>
      <trkpt lat="37.74599" lon="-122.442275">
      </trkpt>
      <trkpt lat="37.745943" lon="-122.44227099999999">
      </trkpt>
      <trkpt lat="37.745925" lon="-122.442275">
      </trkpt>
      <trkpt lat="37.745917" lon="-122.44227699999999">
      </trkpt>
      <trkpt lat="37.745892" lon="-122.442284">
      </trkpt>
      <trkpt lat="37.745875" lon="-122.44229999999999">
      </trkpt>
      <trkpt lat="37.745854" lon="-122.442357">
      </trkpt>
      <trkpt lat="37.745841" lon="-122.44241199999999">
      </trkpt>
      <trkpt lat="37.745821" lon="-122.442555">
      </trkpt>
      <trkpt lat="37.745822" lon="-122.44264199999999">
      </trkpt>
      <trkpt lat="37.745827" lon="-122.44273">
      </trkpt>
      <trkpt lat="37.745886" lon="-122.44301999999999">
      </trkpt>
      <trkpt lat="37.7459" lon="-122.44311499999999">
      </trkpt>
      <trkpt lat="37.745908" lon="-122.443215">
      </trkpt>
      <trkpt lat="37.745903999999996" lon="-122.443393">
      </trkpt>
      <trkpt lat="37.745733" lon="-122.44338099999999">
      </trkpt>
      <trkpt lat="37.745609" lon="-122.443359">
      </trkpt>
      <trkpt lat="37.745488" lon="-122.44330199999999">
      </trkpt>
      <trkpt lat="37.745425" lon="-122.443265">
      </trkpt>
      <trkpt lat="37.745366" lon="-122.44321199999999">
      </trkpt>
      <trkpt lat="37.74529" lon="-122.443135">
      </trkpt>
      <trkpt lat="37.745236" lon="-122.44306499999999">
      </trkpt>
      <trkpt lat="37.745222999999996" lon="-122.44304299999999">
      </trkpt>
      <trkpt lat="37.745187" lon="-122.44298099999999">
      </trkpt>
      <trkpt lat="37.745145" lon="-122.442864">
      </trkpt>
      <trkpt lat="37.74512" lon="-122.442771">
      </trkpt>
      <trkpt lat="37.74511" lon="-122.442686">
      </trkpt>
      <trkpt lat="37.745097" lon="-122.442543">
      </trkpt>
      <trkpt lat="37.745106" lon="-122.44241299999999">
      </trkpt>
      <trkpt lat="37.745124" lon="-122.44229299999999">
      </trkpt>
      <trkpt lat="37.745176" lon="-122.44208599999999">
      </trkpt>
      <trkpt lat="37.745196" lon="-122.441986">
      </trkpt>
      <trkpt lat="37.745208999999996" lon="-122.44188299999999">
      </trkpt>
      <trkpt lat="37.745216" lon="-122.441783">
      </trkpt>
      <trkpt lat="37.745236" lon="-122.441451">
      </trkpt>
      <trkpt lat="37.745247" lon="-122.441272">
      </trkpt>
      <trkpt lat="37.745281999999996" lon="-122.440674">
      </trkpt>
      <trkpt lat="37.745303" lon="-122.440316">
      </trkpt>
      <trkpt lat="37.745304" lon="-122.44028">
      </trkpt>
      <trkpt lat="37.745311" lon="-122.440168">
      </trkpt>
      <trkpt lat="37.745318" lon="-122.440068">
      </trkpt>
      <trkpt lat="37.745380999999995" lon="-122.4401">
      </trkpt>
      <trkpt lat="37.745393" lon="-122.440103">
      </trkpt>
      <trkpt lat="37.745453" lon="-122.440125">
      </trkpt>
      <trkpt lat="37.745526999999996" lon="-122.440146">
      </trkpt>
      <trkpt lat="37.745602" lon="-122.440159">
      </trkpt>
      <trkpt lat="37.745685" lon="-122.44017099999999">
      </trkpt>
      <trkpt lat="37.745737" lon="-122.440174">
      </trkpt>
      <trkpt lat="37.745745" lon="-122.440038">
      </trkpt>
      <trkpt lat="37.745737" lon="-122.440174">
      </trkpt>
      <trkpt lat="37.745765" lon="-122.440176">
      </trkpt>
      <trkpt lat="37.745847" lon="-122.440175">
      </trkpt>
      <trkpt lat="37.745925" lon="-122.440169">
      </trkpt>
      <trkpt lat="37.746362" lon="-122.44011599999999">
      </trkpt>
      <trkpt lat="37.746455" lon="-122.44010499999999">
      </trkpt>
      <trkpt lat="37.746518" lon="-122.440102">
      </trkpt>
      <trkpt lat="37.74659" lon="-122.440107">
      </trkpt>
      <trkpt lat="37.746658" lon="-122.44012">
      </trkpt>
      <trkpt lat="37.746731" lon="-122.44014399999999">
      </trkpt>
      <trkpt lat="37.746804999999995" lon="-122.44017799999999">
      </trkpt>
      <trkpt lat="37.746842" lon="-122.44020099999999">
      </trkpt>
      <trkpt lat="37.746884" lon="-122.440227">
      </trkpt>
      <trkpt lat="37.746956" lon="-122.44028399999999">
      </trkpt>
      <trkpt lat="37.747021" lon="-122.440355">
      </trkpt>
      <trkpt lat="37.747082999999996" lon="-122.440438">
      </trkpt>
      <trkpt lat="37.747136999999995" lon="-122.44053199999999">
      </trkpt>
      <trkpt lat="37.747178" lon="-122.440631">
      </trkpt>
      <trkpt lat="37.747216" lon="-122.440744">
      </trkpt>
      <trkpt lat="37.747240999999995" lon="-122.44085299999999">
      </trkpt>
      <trkpt lat="37.747256" lon="-122.440964">
      </trkpt>
      <trkpt lat="37.747262" lon="-122.441074">
      </trkpt>
      <trkpt lat="37.747257" lon="-122.44117999999999">
      </trkpt>
      <trkpt lat="37.747243" lon="-122.441284">
      </trkpt>
      <trkpt lat="37.747219" lon="-122.441379">
      </trkpt>
      <trkpt lat="37.746927" lon="-122.44226099999999">
      </trkpt>
      <trkpt lat="37.746663" lon="-122.44308799999999">
      </trkpt>
      <trkpt lat="37.746634" lon="-122.443179">
      </trkpt>
      <trkpt lat="37.746611" lon="-122.44326299999999">
      </trkpt>
      <trkpt lat="37.746601999999996" lon="-122.443311">
      </trkpt>
      <trkpt lat="37.746595" lon="-122.443345">
      </trkpt>
      <trkpt lat="37.74659" lon="-122.443379">
      </trkpt>
      <trkpt lat="37.746586" lon="-122.44341899999999">
      </trkpt>
      <trkpt lat="37.746514999999995" lon="-122.443417">
      </trkpt>
      <trkpt lat="37.746435" lon="-122.44341399999999">
      </trkpt>
      <trkpt lat="37.746007999999996" lon="-122.44339699999999">
      </trkpt>
      <trkpt lat="37.745903999999996" lon="-122.443393">
      </trkpt>
      <trkpt lat="37.745733" lon="-122.44338099999999">
      </trkpt>
      <trkpt lat="37.745609" lon="-122.443359">
      </trkpt>
      <trkpt lat="37.745488" lon="-122.44330199999999">
      </trkpt>
      <trkpt lat="37.745425" lon="-122.443265">
      </trkpt>
      <trkpt lat="37.745366" lon="-122.44321199999999">
      </trkpt>
      <trkpt lat="37.74529" lon="-122.443135">
      </trkpt>
      <trkpt lat="37.745236" lon="-122.44306499999999">
      </trkpt>
      <trkpt lat="37.745222999999996" lon="-122.44304299999999">
      </trkpt>
      <trkpt lat="37.745187" lon="-122.44298099999999">
      </trkpt>
      <trkpt lat="37.745145" lon="-122.442864">
      </trkpt>
      <trkpt lat="37.74512" lon="-122.442771">
      </trkpt>
      <trkpt lat="37.74511" lon="-122.442686">
      </trkpt>
      <trkpt lat="37.745097" lon="-122.442543">
      </trkpt>
      <trkpt lat="37.745106" lon="-122.44241299999999">
      </trkpt>
      <trkpt lat="37.745124" lon="-122.44229299999999">
      </trkpt>
      <trkpt lat="37.745176" lon="-122.44208599999999">
      </trkpt>
      <trkpt lat="37.745196" lon="-122.441986">
      </trkpt>
      <trkpt lat="37.745208999999996" lon="-122.44188299999999">
      </trkpt>
      <trkpt lat="37.745216" lon="-122.441783">
      </trkpt>
      <trkpt lat="37.745236" lon="-122.441451">
      </trkpt>
      <trkpt lat="37.745247" lon="-122.441272">
      </trkpt>
      <trkpt lat="37.745281999999996" lon="-122.440674">
      </trkpt>
      <trkpt lat="37.745303" lon="-122.440316">
      </trkpt>
      <trkpt lat="37.745304" lon="-122.44028">
      </trkpt>
      <trkpt lat="37.745311" lon="-122.440168">
      </trkpt>
      <trkpt lat="37.745318" lon="-122.440068">
      </trkpt>
      <trkpt lat="37.745419" lon="-122.438362">
      </trkpt>
      <trkpt lat="37.745443" lon="-122.437956">
      </trkpt>
      <trkpt lat="37.745515999999995" lon="-122.436724">
      </trkpt>
      <trkpt lat="37.745565" lon="-122.435891">
      </trkpt>
      <trkpt lat="37.745556" lon="-122.43577599999999">
      </trkpt>
      <trkpt lat="37.745486" lon="-122.435769">
      </trkpt>
      <trkpt lat="37.74476" lon="-122.435704">
      </trkpt>
      <trkpt lat="37.744797" lon="-122.435012">
      </trkpt>
      <trkpt lat="37.74476" lon="-122.435704">
      </trkpt>
      <trkpt lat="37.745486" lon="-122.435769">
      </trkpt>
      <trkpt lat="37.745556" lon="-122.43577599999999">
      </trkpt>
      <trkpt lat="37.745612" lon="-122.43472299999999">
      </trkpt>
      <trkpt lat="37.745697" lon="-122.433522">
      </trkpt>
      <trkpt lat="37.745259" lon="-122.43349099999999">
      </trkpt>
      <trkpt lat="37.745697" lon="-122.433522">
      </trkpt>
      <trkpt lat="37.745702" lon="-122.43346">
      </trkpt>
      <trkpt lat="37.745751" lon="-122.432733">
      </trkpt>
      <trkpt lat="37.745751999999996" lon="-122.43271499999999">
      </trkpt>
      <trkpt lat="37.745776" lon="-122.432369">
      </trkpt>
      <trkpt lat="37.745751999999996" lon="-122.43271499999999">
      </trkpt>
      <trkpt lat="37.745751" lon="-122.432733">
      </trkpt>
      <trkpt lat="37.745702" lon="-122.43346">
      </trkpt>
      <trkpt lat="37.745697" lon="-122.433522">
      </trkpt>
      <trkpt lat="37.745612" lon="-122.43472299999999">
      </trkpt>
      <trkpt lat="37.7464" lon="-122.43382799999999">
      </trkpt>
      <trkpt lat="37.746432999999996" lon="-122.433798">
      </trkpt>
      <trkpt lat="37.746506" lon="-122.43374299999999">
      </trkpt>
      <trkpt lat="37.746539" lon="-122.43372199999999">
      </trkpt>
      <trkpt lat="37.746587999999996" lon="-122.43369999999999">
      </trkpt>
      <trkpt lat="37.746646999999996" lon="-122.43368699999999">
      </trkpt>
      <trkpt lat="37.746722999999996" lon="-122.43368199999999">
      </trkpt>
      <trkpt lat="37.74717" lon="-122.433713">
      </trkpt>
      <trkpt lat="37.747313" lon="-122.43372699999999">
      </trkpt>
      <trkpt lat="37.748095" lon="-122.433802">
      </trkpt>
      <trkpt lat="37.748104" lon="-122.433647">
      </trkpt>
      <trkpt lat="37.74821" lon="-122.431877">
      </trkpt>
      <trkpt lat="37.748219" lon="-122.43172">
      </trkpt>
      <trkpt lat="37.748228999999995" lon="-122.431557">
      </trkpt>
      <trkpt lat="37.748353" lon="-122.42949499999999">
      </trkpt>
      <trkpt lat="37.748362" lon="-122.429346">
      </trkpt>
      <trkpt lat="37.748367" lon="-122.42925699999999">
      </trkpt>
      <trkpt lat="37.74837" lon="-122.429216">
      </trkpt>
      <trkpt lat="37.748447" lon="-122.42792299999999">
      </trkpt>
      <trkpt lat="37.748486" lon="-122.42728799999999">
      </trkpt>
      <trkpt lat="37.748487" lon="-122.42726499999999">
      </trkpt>
      <trkpt lat="37.748492999999996" lon="-122.427162">
      </trkpt>
      <trkpt lat="37.748494" lon="-122.42714">
      </trkpt>
      <trkpt lat="37.748425" lon="-122.427133">
      </trkpt>
      <trkpt lat="37.748418" lon="-122.427132">
      </trkpt>
      <trkpt lat="37.748391" lon="-122.42712999999999">
      </trkpt>
      <trkpt lat="37.747789999999995" lon="-122.427072">
      </trkpt>
      <trkpt lat="37.747778" lon="-122.427071">
      </trkpt>
      <trkpt lat="37.747706" lon="-122.427065">
      </trkpt>
      <trkpt lat="37.747626" lon="-122.42705799999999">
      </trkpt>
      <trkpt lat="37.747614" lon="-122.427056">
      </trkpt>
      <trkpt lat="37.747062" lon="-122.427008">
      </trkpt>
      <trkpt lat="37.746988" lon="-122.42699999999999">
      </trkpt>
      <trkpt lat="37.746978" lon="-122.426999">
      </trkpt>
      <trkpt lat="37.746901" lon="-122.426992">
      </trkpt>
      <trkpt lat="37.746825" lon="-122.42698499999999">
      </trkpt>
      <trkpt lat="37.746815999999995" lon="-122.42698399999999">
      </trkpt>
      <trkpt lat="37.746499" lon="-122.42695599999999">
      </trkpt>
      <trkpt lat="37.746176999999996" lon="-122.42692799999999">
      </trkpt>
      <trkpt lat="37.746097999999996" lon="-122.42692">
      </trkpt>
      <trkpt lat="37.746097" lon="-122.42693799999999">
      </trkpt>
      <trkpt lat="37.746091" lon="-122.427036">
      </trkpt>
      <trkpt lat="37.746089" lon="-122.427054">
      </trkpt>
      <trkpt lat="37.745968" lon="-122.428986">
      </trkpt>
      <trkpt lat="37.74596" lon="-122.429116">
      </trkpt>
      <trkpt lat="37.745951" lon="-122.429265">
      </trkpt>
      <trkpt lat="37.745849" lon="-122.43098099999999">
      </trkpt>
      <trkpt lat="37.745926" lon="-122.429683">
      </trkpt>
      <trkpt lat="37.745951" lon="-122.429265">
      </trkpt>
      <trkpt lat="37.74596" lon="-122.429116">
      </trkpt>
      <trkpt lat="37.745968" lon="-122.428986">
      </trkpt>
      <trkpt lat="37.746089" lon="-122.427054">
      </trkpt>
      <trkpt lat="37.746091" lon="-122.427036">
      </trkpt>
      <trkpt lat="37.746097" lon="-122.42693799999999">
      </trkpt>
      <trkpt lat="37.746097999999996" lon="-122.42692">
      </trkpt>
      <trkpt lat="37.746176999999996" lon="-122.42692799999999">
      </trkpt>
      <trkpt lat="37.746499" lon="-122.42695599999999">
      </trkpt>
      <trkpt lat="37.746815999999995" lon="-122.42698399999999">
      </trkpt>
      <trkpt lat="37.746825" lon="-122.42698499999999">
      </trkpt>
      <trkpt lat="37.746901" lon="-122.426992">
      </trkpt>
      <trkpt lat="37.7469" lon="-122.42701">
      </trkpt>
      <trkpt lat="37.746894" lon="-122.427112">
      </trkpt>
      <trkpt lat="37.746893" lon="-122.427129">
      </trkpt>
      <trkpt lat="37.746809999999996" lon="-122.42844099999999">
      </trkpt>
      <trkpt lat="37.746893" lon="-122.427129">
      </trkpt>
      <trkpt lat="37.746894" lon="-122.427112">
      </trkpt>
      <trkpt lat="37.7469" lon="-122.42701">
      </trkpt>
      <trkpt lat="37.746901" lon="-122.426992">
      </trkpt>
      <trkpt lat="37.746978" lon="-122.426999">
      </trkpt>
      <trkpt lat="37.746988" lon="-122.42699999999999">
      </trkpt>
      <trkpt lat="37.747062" lon="-122.427008">
      </trkpt>
      <trkpt lat="37.747164999999995" lon="-122.42701699999999">
      </trkpt>
      <trkpt lat="37.747614" lon="-122.427056">
      </trkpt>
      <trkpt lat="37.747626" lon="-122.42705799999999">
      </trkpt>
      <trkpt lat="37.747706" lon="-122.427065">
      </trkpt>
      <trkpt lat="37.747706" lon="-122.427049">
      </trkpt>
      <trkpt lat="37.747713" lon="-122.426941">
      </trkpt>
      <trkpt lat="37.747713999999995" lon="-122.426924">
      </trkpt>
      <trkpt lat="37.747755" lon="-122.426238">
      </trkpt>
      <trkpt lat="37.747774" lon="-122.42591499999999">
      </trkpt>
      <trkpt lat="37.747793" lon="-122.42558899999999">
      </trkpt>
      <trkpt lat="37.747828999999996" lon="-122.42497399999999">
      </trkpt>
      <trkpt lat="37.747836" lon="-122.424858">
      </trkpt>
      <trkpt lat="37.747845" lon="-122.42471099999999">
      </trkpt>
      <trkpt lat="37.747924999999995" lon="-122.424719">
      </trkpt>
      <trkpt lat="37.748145" lon="-122.42474">
      </trkpt>
      <trkpt lat="37.748553" lon="-122.424779">
      </trkpt>
      <trkpt lat="37.748581" lon="-122.424782">
      </trkpt>
      <trkpt lat="37.748636" lon="-122.424787">
      </trkpt>
      <trkpt lat="37.74865" lon="-122.424691">
      </trkpt>
      <trkpt lat="37.748652" lon="-122.42466999999999">
      </trkpt>
      <trkpt lat="37.748711" lon="-122.423677">
      </trkpt>
      <trkpt lat="37.748726999999995" lon="-122.42339199999999">
      </trkpt>
      <trkpt lat="37.748764" lon="-122.422714">
      </trkpt>
      <trkpt lat="37.748768999999996" lon="-122.42262199999999">
      </trkpt>
      <trkpt lat="37.748774999999995" lon="-122.422522">
      </trkpt>
      <trkpt lat="37.748779" lon="-122.422449">
      </trkpt>
      <trkpt lat="37.748799999999996" lon="-122.42210499999999">
      </trkpt>
      <trkpt lat="37.748843" lon="-122.42140099999999">
      </trkpt>
      <trkpt lat="37.74885" lon="-122.421284">
      </trkpt>
      <trkpt lat="37.748852" lon="-122.421267">
      </trkpt>
      <trkpt lat="37.748858999999996" lon="-122.42119699999999">
      </trkpt>
      <trkpt lat="37.748878" lon="-122.42085">
      </trkpt>
      <trkpt lat="37.748944" lon="-122.420856">
      </trkpt>
      <trkpt lat="37.749105" lon="-122.42087099999999">
      </trkpt>
      <trkpt lat="37.750482999999996" lon="-122.42099999999999">
      </trkpt>
      <trkpt lat="37.750504" lon="-122.420661">
      </trkpt>
      <trkpt lat="37.750513" lon="-122.420508">
      </trkpt>
      <trkpt lat="37.750519" lon="-122.420402">
      </trkpt>
      <trkpt lat="37.750541" lon="-122.42004299999999">
      </trkpt>
      <trkpt lat="37.750547" lon="-122.41994799999999">
      </trkpt>
      <trkpt lat="37.749341" lon="-122.419837">
      </trkpt>
      <trkpt lat="37.749339" lon="-122.419837">
      </trkpt>
      <trkpt lat="37.749341" lon="-122.419837">
      </trkpt>
      <trkpt lat="37.750547" lon="-122.41994799999999">
      </trkpt>
      <trkpt lat="37.750572999999996" lon="-122.419513">
      </trkpt>
      <trkpt lat="37.750574" lon="-122.41950299999999">
      </trkpt>
      <trkpt lat="37.75058" lon="-122.419401">
      </trkpt>
      <trkpt lat="37.750583999999996" lon="-122.419343">
      </trkpt>
      <trkpt lat="37.750586" lon="-122.41930699999999">
      </trkpt>
      <trkpt lat="37.750613" lon="-122.418872">
      </trkpt>
      <trkpt lat="37.750637" lon="-122.418444">
      </trkpt>
      <trkpt lat="37.750645999999996" lon="-122.41831099999999">
      </trkpt>
      <trkpt lat="37.750578999999995" lon="-122.41830399999999">
      </trkpt>
      <trkpt lat="37.750336" lon="-122.418279">
      </trkpt>
      <trkpt lat="37.750133" lon="-122.418258">
      </trkpt>
      <trkpt lat="37.749837" lon="-122.418229">
      </trkpt>
      <trkpt lat="37.750133" lon="-122.418258">
      </trkpt>
      <trkpt lat="37.750336" lon="-122.418279">
      </trkpt>
      <trkpt lat="37.750578999999995" lon="-122.41830399999999">
      </trkpt>
      <trkpt lat="37.750645999999996" lon="-122.41831099999999">
      </trkpt>
      <trkpt lat="37.750654999999995" lon="-122.41818699999999">
      </trkpt>
      <trkpt lat="37.750679999999996" lon="-122.41774799999999">
      </trkpt>
      <trkpt lat="37.750704999999996" lon="-122.417341">
      </trkpt>
      <trkpt lat="37.750704999999996" lon="-122.417335">
      </trkpt>
      <trkpt lat="37.750712" lon="-122.417221">
      </trkpt>
      <trkpt lat="37.750718" lon="-122.417124">
      </trkpt>
      <trkpt lat="37.750719" lon="-122.41709999999999">
      </trkpt>
      <trkpt lat="37.750744999999995" lon="-122.416681">
      </trkpt>
      <trkpt lat="37.750682" lon="-122.416675">
      </trkpt>
      <trkpt lat="37.750337" lon="-122.416643">
      </trkpt>
      <trkpt lat="37.750682" lon="-122.416675">
      </trkpt>
      <trkpt lat="37.750744999999995" lon="-122.416681">
      </trkpt>
      <trkpt lat="37.750758" lon="-122.416468">
      </trkpt>
      <trkpt lat="37.750769" lon="-122.416269">
      </trkpt>
      <trkpt lat="37.750778" lon="-122.416129">
      </trkpt>
      <trkpt lat="37.750786" lon="-122.41601">
      </trkpt>
      <trkpt lat="37.750813" lon="-122.41555899999999">
      </trkpt>
      <trkpt lat="37.750834999999995" lon="-122.41519299999999">
      </trkpt>
      <trkpt lat="37.750838" lon="-122.41514699999999">
      </trkpt>
      <trkpt lat="37.750839" lon="-122.415132">
      </trkpt>
      <trkpt lat="37.75084" lon="-122.41510699999999">
      </trkpt>
      <trkpt lat="37.750844" lon="-122.415036">
      </trkpt>
      <trkpt lat="37.750976" lon="-122.415049">
      </trkpt>
      <trkpt lat="37.750844" lon="-122.415036">
      </trkpt>
      <trkpt lat="37.750847" lon="-122.41498999999999">
      </trkpt>
      <trkpt lat="37.750848999999995" lon="-122.414952">
      </trkpt>
      <trkpt lat="37.750876" lon="-122.41451599999999">
      </trkpt>
      <trkpt lat="37.750903" lon="-122.41408299999999">
      </trkpt>
      <trkpt lat="37.750907" lon="-122.41401099999999">
      </trkpt>
      <trkpt lat="37.75091" lon="-122.41395">
      </trkpt>
      <trkpt lat="37.750917" lon="-122.41382499999999">
      </trkpt>
      <trkpt lat="37.750943" lon="-122.413384">
      </trkpt>
      <trkpt lat="37.751014" lon="-122.41338999999999">
      </trkpt>
      <trkpt lat="37.751616999999996" lon="-122.41344">
      </trkpt>
      <trkpt lat="37.752472999999995" lon="-122.413511">
      </trkpt>
      <trkpt lat="37.752541" lon="-122.413517">
      </trkpt>
      <trkpt lat="37.752565" lon="-122.413112">
      </trkpt>
      <trkpt lat="37.752566" lon="-122.413102">
      </trkpt>
      <trkpt lat="37.752570999999996" lon="-122.41301299999999">
      </trkpt>
      <trkpt lat="37.752576" lon="-122.41293499999999">
      </trkpt>
      <trkpt lat="37.752578" lon="-122.412897">
      </trkpt>
      <trkpt lat="37.752581" lon="-122.41284599999999">
      </trkpt>
      <trkpt lat="37.752603" lon="-122.41248499999999">
      </trkpt>
      <trkpt lat="37.752618" lon="-122.41225999999999">
      </trkpt>
      <trkpt lat="37.752632999999996" lon="-122.41203399999999">
      </trkpt>
      <trkpt lat="37.752642" lon="-122.411896">
      </trkpt>
      <trkpt lat="37.752722" lon="-122.41190499999999">
      </trkpt>
      <trkpt lat="37.753409" lon="-122.411997">
      </trkpt>
      <trkpt lat="37.753443" lon="-122.41199999999999">
      </trkpt>
      <trkpt lat="37.754171" lon="-122.412067">
      </trkpt>
      <trkpt lat="37.754238" lon="-122.41207299999999">
      </trkpt>
      <trkpt lat="37.754245999999995" lon="-122.411954">
      </trkpt>
      <trkpt lat="37.754264" lon="-122.411655">
      </trkpt>
      <trkpt lat="37.754245999999995" lon="-122.411954">
      </trkpt>
      <trkpt lat="37.754238" lon="-122.41207299999999">
      </trkpt>
      <trkpt lat="37.75432" lon="-122.412081">
      </trkpt>
      <trkpt lat="37.755266999999996" lon="-122.412168">
      </trkpt>
      <trkpt lat="37.755418" lon="-122.412184">
      </trkpt>
      <trkpt lat="37.755779" lon="-122.41222099999999">
      </trkpt>
      <trkpt lat="37.755838" lon="-122.41222599999999">
      </trkpt>
      <trkpt lat="37.75591" lon="-122.412233">
      </trkpt>
      <trkpt lat="37.756532" lon="-122.412291">
      </trkpt>
      <trkpt lat="37.756578" lon="-122.412295">
      </trkpt>
      <trkpt lat="37.757372" lon="-122.41237199999999">
      </trkpt>
      <trkpt lat="37.757436" lon="-122.41237799999999">
      </trkpt>
      <trkpt lat="37.757509999999996" lon="-122.412385">
      </trkpt>
      <trkpt lat="37.757643" lon="-122.412398">
      </trkpt>
      <trkpt lat="37.758049" lon="-122.412436">
      </trkpt>
      <trkpt lat="37.758753999999996" lon="-122.41250199999999">
      </trkpt>
      <trkpt lat="37.758973" lon="-122.412523">
      </trkpt>
      <trkpt lat="37.759035" lon="-122.412534">
      </trkpt>
      <trkpt lat="37.759112" lon="-122.412548">
      </trkpt>
      <trkpt lat="37.759496" lon="-122.41258099999999">
      </trkpt>
      <trkpt lat="37.759813" lon="-122.41261399999999">
      </trkpt>
      <trkpt lat="37.760070999999996" lon="-122.412641">
      </trkpt>
      <trkpt lat="37.760204" lon="-122.41265299999999">
      </trkpt>
      <trkpt lat="37.760264" lon="-122.41265899999999">
      </trkpt>
      <trkpt lat="37.760327" lon="-122.41266499999999">
      </trkpt>
      <trkpt lat="37.760636" lon="-122.41269399999999">
      </trkpt>
      <trkpt lat="37.760633" lon="-122.412741">
      </trkpt>
      <trkpt lat="37.760629" lon="-122.412808">
      </trkpt>
      <trkpt lat="37.760625999999995" lon="-122.41285099999999">
      </trkpt>
      <trkpt lat="37.760574999999996" lon="-122.413697">
      </trkpt>
      <trkpt lat="37.76057" lon="-122.41377299999999">
      </trkpt>
      <trkpt lat="37.760644" lon="-122.41378599999999">
      </trkpt>
      <trkpt lat="37.76072" lon="-122.413792">
      </trkpt>
      <trkpt lat="37.760765" lon="-122.41379699999999">
      </trkpt>
      <trkpt lat="37.76078" lon="-122.41353099999999">
      </trkpt>
      <trkpt lat="37.760794" lon="-122.413355">
      </trkpt>
      <trkpt lat="37.76078" lon="-122.41353099999999">
      </trkpt>
      <trkpt lat="37.760765" lon="-122.41379699999999">
      </trkpt>
      <trkpt lat="37.761294" lon="-122.413849">
      </trkpt>
      <trkpt lat="37.76128" lon="-122.414115">
      </trkpt>
      <trkpt lat="37.761267" lon="-122.41437699999999">
      </trkpt>
      <trkpt lat="37.761251" lon="-122.41465799999999">
      </trkpt>
      <trkpt lat="37.761247" lon="-122.41476999999999">
      </trkpt>
      <trkpt lat="37.761243" lon="-122.41482599999999">
      </trkpt>
      <trkpt lat="37.761235" lon="-122.41493399999999">
      </trkpt>
      <trkpt lat="37.761646" lon="-122.414977">
      </trkpt>
      <trkpt lat="37.761879" lon="-122.41500099999999">
      </trkpt>
      <trkpt lat="37.761905" lon="-122.415003">
      </trkpt>
      <trkpt lat="37.762032999999995" lon="-122.415016">
      </trkpt>
      <trkpt lat="37.762107" lon="-122.41502399999999">
      </trkpt>
      <trkpt lat="37.762113" lon="-122.414902">
      </trkpt>
      <trkpt lat="37.762145" lon="-122.41438">
      </trkpt>
      <trkpt lat="37.762161" lon="-122.41407699999999">
      </trkpt>
      <trkpt lat="37.762166" lon="-122.413985">
      </trkpt>
      <trkpt lat="37.762101" lon="-122.413923">
      </trkpt>
      <trkpt lat="37.762082" lon="-122.413916">
      </trkpt>
      <trkpt lat="37.762043999999996" lon="-122.41390899999999">
      </trkpt>
      <trkpt lat="37.761894" lon="-122.41389699999999">
      </trkpt>
      <trkpt lat="37.762043999999996" lon="-122.41390899999999">
      </trkpt>
      <trkpt lat="37.762082" lon="-122.413916">
      </trkpt>
      <trkpt lat="37.762101" lon="-122.413923">
      </trkpt>
      <trkpt lat="37.762166" lon="-122.413985">
      </trkpt>
      <trkpt lat="37.762161" lon="-122.41407699999999">
      </trkpt>
      <trkpt lat="37.762145" lon="-122.41438">
      </trkpt>
      <trkpt lat="37.762113" lon="-122.414902">
      </trkpt>
      <trkpt lat="37.762107" lon="-122.41502399999999">
      </trkpt>
      <trkpt lat="37.762184" lon="-122.415032">
      </trkpt>
      <trkpt lat="37.762336999999995" lon="-122.415047">
      </trkpt>
      <trkpt lat="37.762398999999995" lon="-122.415054">
      </trkpt>
      <trkpt lat="37.762664" lon="-122.41507899999999">
      </trkpt>
      <trkpt lat="37.762933" lon="-122.41510299999999">
      </trkpt>
      <trkpt lat="37.762941" lon="-122.414981">
      </trkpt>
      <trkpt lat="37.762943" lon="-122.41496">
      </trkpt>
      <trkpt lat="37.762954" lon="-122.414767">
      </trkpt>
      <trkpt lat="37.762972" lon="-122.414456">
      </trkpt>
      <trkpt lat="37.76295" lon="-122.414453">
      </trkpt>
      <trkpt lat="37.762972" lon="-122.414456">
      </trkpt>
      <trkpt lat="37.762954" lon="-122.414767">
      </trkpt>
      <trkpt lat="37.762943" lon="-122.41496">
      </trkpt>
      <trkpt lat="37.762941" lon="-122.414981">
      </trkpt>
      <trkpt lat="37.762933" lon="-122.41510299999999">
      </trkpt>
      <trkpt lat="37.763478" lon="-122.41515299999999">
      </trkpt>
      <trkpt lat="37.76363" lon="-122.415166">
      </trkpt>
      <trkpt lat="37.763701999999995" lon="-122.415174">
      </trkpt>
      <trkpt lat="37.763708" lon="-122.41505099999999">
      </trkpt>
      <trkpt lat="37.763723999999996" lon="-122.414797">
      </trkpt>
      <trkpt lat="37.763763999999995" lon="-122.414108">
      </trkpt>
      <trkpt lat="37.763788999999996" lon="-122.41371099999999">
      </trkpt>
      <trkpt lat="37.763836" lon="-122.413612">
      </trkpt>
      <trkpt lat="37.763878" lon="-122.413523">
      </trkpt>
      <trkpt lat="37.763988" lon="-122.413286">
      </trkpt>
      <trkpt lat="37.764058" lon="-122.41313299999999">
      </trkpt>
      <trkpt lat="37.764103999999996" lon="-122.41302599999999">
      </trkpt>
      <trkpt lat="37.764153" lon="-122.41291">
      </trkpt>
      <trkpt lat="37.764171999999995" lon="-122.412866">
      </trkpt>
      <trkpt lat="37.764199999999995" lon="-122.41243399999999">
      </trkpt>
      <trkpt lat="37.764207" lon="-122.412326">
      </trkpt>
      <trkpt lat="37.764275999999995" lon="-122.412334">
      </trkpt>
      <trkpt lat="37.765082" lon="-122.41240699999999">
      </trkpt>
      <trkpt lat="37.765409" lon="-122.412437">
      </trkpt>
      <trkpt lat="37.765494" lon="-122.412449">
      </trkpt>
      <trkpt lat="37.765501" lon="-122.41233199999999">
      </trkpt>
      <trkpt lat="37.765549" lon="-122.41148899999999">
      </trkpt>
      <trkpt lat="37.765654" lon="-122.411501">
      </trkpt>
      <trkpt lat="37.765854" lon="-122.411497">
      </trkpt>
      <trkpt lat="37.76616" lon="-122.411458">
      </trkpt>
      <trkpt lat="37.766194" lon="-122.41145399999999">
      </trkpt>
      <trkpt lat="37.766338999999995" lon="-122.41146599999999">
      </trkpt>
      <trkpt lat="37.766802999999996" lon="-122.41150599999999">
      </trkpt>
      <trkpt lat="37.766844999999996" lon="-122.41150999999999">
      </trkpt>
      <trkpt lat="37.766894" lon="-122.41075">
      </trkpt>
      <trkpt lat="37.766901" lon="-122.410635">
      </trkpt>
      <trkpt lat="37.766923999999996" lon="-122.41055899999999">
      </trkpt>
      <trkpt lat="37.766926999999995" lon="-122.41050999999999">
      </trkpt>
      <trkpt lat="37.766935" lon="-122.410384">
      </trkpt>
      <trkpt lat="37.767012" lon="-122.410393">
      </trkpt>
      <trkpt lat="37.767063" lon="-122.41045199999999">
      </trkpt>
      <trkpt lat="37.767215" lon="-122.410471">
      </trkpt>
      <trkpt lat="37.767224999999996" lon="-122.41032">
      </trkpt>
      <trkpt lat="37.767215" lon="-122.410471">
      </trkpt>
      <trkpt lat="37.767210999999996" lon="-122.410534">
      </trkpt>
      <trkpt lat="37.767208" lon="-122.410579">
      </trkpt>
      <trkpt lat="37.767202999999995" lon="-122.410664">
      </trkpt>
      <trkpt lat="37.76781" lon="-122.41072199999999">
      </trkpt>
      <trkpt lat="37.768119999999996" lon="-122.41074499999999">
      </trkpt>
      <trkpt lat="37.768187" lon="-122.41075099999999">
      </trkpt>
      <trkpt lat="37.768194" lon="-122.41064399999999">
      </trkpt>
      <trkpt lat="37.768195999999996" lon="-122.41060999999999">
      </trkpt>
      <trkpt lat="37.768249" lon="-122.409745">
      </trkpt>
      <trkpt lat="37.768252" lon="-122.40969399999999">
      </trkpt>
      <trkpt lat="37.768294" lon="-122.40895599999999">
      </trkpt>
      <trkpt lat="37.768249" lon="-122.409745">
      </trkpt>
      <trkpt lat="37.768195999999996" lon="-122.41060999999999">
      </trkpt>
      <trkpt lat="37.768194" lon="-122.41064399999999">
      </trkpt>
      <trkpt lat="37.768187" lon="-122.41075099999999">
      </trkpt>
      <trkpt lat="37.768208" lon="-122.41075199999999">
      </trkpt>
      <trkpt lat="37.768392" lon="-122.41077">
      </trkpt>
      <trkpt lat="37.768763" lon="-122.410805">
      </trkpt>
      <trkpt lat="37.768798" lon="-122.41080799999999">
      </trkpt>
      <trkpt lat="37.768902" lon="-122.41081799999999">
      </trkpt>
      <trkpt lat="37.769019" lon="-122.410833">
      </trkpt>
      <trkpt lat="37.769224" lon="-122.41085799999999">
      </trkpt>
      <trkpt lat="37.769265" lon="-122.41086299999999">
      </trkpt>
      <trkpt lat="37.769334" lon="-122.410872">
      </trkpt>
      <trkpt lat="37.76943" lon="-122.41087499999999">
      </trkpt>
      <trkpt lat="37.769535999999995" lon="-122.41077899999999">
      </trkpt>
      <trkpt lat="37.769546" lon="-122.410771">
      </trkpt>
      <trkpt lat="37.769723" lon="-122.410558">
      </trkpt>
      <trkpt lat="37.769799" lon="-122.410461">
      </trkpt>
      <trkpt lat="37.769914" lon="-122.41031299999999">
      </trkpt>
      <trkpt lat="37.769981" lon="-122.410226">
      </trkpt>
      <trkpt lat="37.77028" lon="-122.40983999999999">
      </trkpt>
      <trkpt lat="37.770354999999995" lon="-122.40974399999999">
      </trkpt>
      <trkpt lat="37.770055" lon="-122.409369">
      </trkpt>
      <trkpt lat="37.769884" lon="-122.409155">
      </trkpt>
      <trkpt lat="37.76987" lon="-122.409137">
      </trkpt>
      <trkpt lat="37.769769" lon="-122.40901099999999">
      </trkpt>
      <trkpt lat="37.769574999999996" lon="-122.408768">
      </trkpt>
      <trkpt lat="37.769369" lon="-122.40850999999999">
      </trkpt>
      <trkpt lat="37.769338" lon="-122.408476">
      </trkpt>
      <trkpt lat="37.76921" lon="-122.408334">
      </trkpt>
      <trkpt lat="37.769241" lon="-122.40790199999999">
      </trkpt>
      <trkpt lat="37.769387" lon="-122.40777399999999">
      </trkpt>
      <trkpt lat="37.769417" lon="-122.407747">
      </trkpt>
      <trkpt lat="37.769483" lon="-122.407685">
      </trkpt>
      <trkpt lat="37.769531" lon="-122.407642">
      </trkpt>
      <trkpt lat="37.7697" lon="-122.40748199999999">
      </trkpt>
      <trkpt lat="37.769984" lon="-122.407102">
      </trkpt>
      <trkpt lat="37.769996" lon="-122.40708599999999">
      </trkpt>
      <trkpt lat="37.77007" lon="-122.406998">
      </trkpt>
      <trkpt lat="37.770136" lon="-122.40708099999999">
      </trkpt>
      <trkpt lat="37.770146" lon="-122.40709299999999">
      </trkpt>
      <trkpt lat="37.770469999999996" lon="-122.40749799999999">
      </trkpt>
      <trkpt lat="37.770741" lon="-122.407837">
      </trkpt>
      <trkpt lat="37.771301" lon="-122.408536">
      </trkpt>
      <trkpt lat="37.771511" lon="-122.408272">
      </trkpt>
      <trkpt lat="37.771587" lon="-122.40817399999999">
      </trkpt>
      <trkpt lat="37.77184" lon="-122.407855">
      </trkpt>
      <trkpt lat="37.771862999999996" lon="-122.407826">
      </trkpt>
      <trkpt lat="37.77177" lon="-122.40770099999999">
      </trkpt>
      <trkpt lat="37.771561999999996" lon="-122.407421">
      </trkpt>
      <trkpt lat="37.771488999999995" lon="-122.407387">
      </trkpt>
      <trkpt lat="37.770706" lon="-122.406397">
      </trkpt>
      <trkpt lat="37.770688" lon="-122.406374">
      </trkpt>
      <trkpt lat="37.770631" lon="-122.406302">
      </trkpt>
      <trkpt lat="37.770495" lon="-122.40646799999999">
      </trkpt>
      <trkpt lat="37.770179" lon="-122.406863">
      </trkpt>
      <trkpt lat="37.770142" lon="-122.406908">
      </trkpt>
      <trkpt lat="37.77007" lon="-122.406998">
      </trkpt>
      <trkpt lat="37.770136" lon="-122.40708099999999">
      </trkpt>
      <trkpt lat="37.770146" lon="-122.40709299999999">
      </trkpt>
      <trkpt lat="37.770469999999996" lon="-122.40749799999999">
      </trkpt>
      <trkpt lat="37.771301" lon="-122.408536">
      </trkpt>
      <trkpt lat="37.771737" lon="-122.409082">
      </trkpt>
      <trkpt lat="37.772538" lon="-122.410083">
      </trkpt>
      <trkpt lat="37.772799" lon="-122.410417">
      </trkpt>
      <trkpt lat="37.772895" lon="-122.410539">
      </trkpt>
      <trkpt lat="37.773018" lon="-122.410697">
      </trkpt>
      <trkpt lat="37.773337" lon="-122.411097">
      </trkpt>
      <trkpt lat="37.773703999999995" lon="-122.41154399999999">
      </trkpt>
      <trkpt lat="37.773773" lon="-122.411628">
      </trkpt>
      <trkpt lat="37.773841" lon="-122.411541">
      </trkpt>
      <trkpt lat="37.773945" lon="-122.411412">
      </trkpt>
      <trkpt lat="37.77473" lon="-122.410416">
      </trkpt>
      <trkpt lat="37.774916999999995" lon="-122.410179">
      </trkpt>
      <trkpt lat="37.774992" lon="-122.410083">
      </trkpt>
      <trkpt lat="37.774924999999996" lon="-122.40999799999999">
      </trkpt>
      <trkpt lat="37.774834" lon="-122.409882">
      </trkpt>
      <trkpt lat="37.774561" lon="-122.409543">
      </trkpt>
      <trkpt lat="37.774502" lon="-122.40946799999999">
      </trkpt>
      <trkpt lat="37.774483" lon="-122.409443">
      </trkpt>
      <trkpt lat="37.774201" lon="-122.409089">
      </trkpt>
      <trkpt lat="37.773846999999996" lon="-122.408644">
      </trkpt>
      <trkpt lat="37.773759999999996" lon="-122.408536">
      </trkpt>
      <trkpt lat="37.773703999999995" lon="-122.408464">
      </trkpt>
      <trkpt lat="37.773635" lon="-122.408378">
      </trkpt>
      <trkpt lat="37.773523999999995" lon="-122.40823999999999">
      </trkpt>
      <trkpt lat="37.773418" lon="-122.408107">
      </trkpt>
      <trkpt lat="37.773167" lon="-122.407792">
      </trkpt>
      <trkpt lat="37.772898" lon="-122.40745199999999">
      </trkpt>
      <trkpt lat="37.772888" lon="-122.40744">
      </trkpt>
      <trkpt lat="37.772753" lon="-122.40727">
      </trkpt>
      <trkpt lat="37.772677" lon="-122.40718">
      </trkpt>
      <trkpt lat="37.772642" lon="-122.407139">
      </trkpt>
      <trkpt lat="37.77252" lon="-122.406995">
      </trkpt>
      <trkpt lat="37.772780999999995" lon="-122.406666">
      </trkpt>
      <trkpt lat="37.772864" lon="-122.406566">
      </trkpt>
      <trkpt lat="37.773021" lon="-122.406362">
      </trkpt>
      <trkpt lat="37.773179999999996" lon="-122.406156">
      </trkpt>
      <trkpt lat="37.773269" lon="-122.406044">
      </trkpt>
      <trkpt lat="37.773419" lon="-122.405856">
      </trkpt>
      <trkpt lat="37.773607999999996" lon="-122.40561799999999">
      </trkpt>
      <trkpt lat="37.773855" lon="-122.405307">
      </trkpt>
      <trkpt lat="37.773874" lon="-122.405284">
      </trkpt>
      <trkpt lat="37.774013" lon="-122.405107">
      </trkpt>
      <trkpt lat="37.774208" lon="-122.404861">
      </trkpt>
      <trkpt lat="37.774286" lon="-122.40476199999999">
      </trkpt>
      <trkpt lat="37.774367" lon="-122.40486399999999">
      </trkpt>
      <trkpt lat="37.774397" lon="-122.404901">
      </trkpt>
      <trkpt lat="37.774471" lon="-122.40499299999999">
      </trkpt>
      <trkpt lat="37.774626" lon="-122.405188">
      </trkpt>
      <trkpt lat="37.774677" lon="-122.40525199999999">
      </trkpt>
      <trkpt lat="37.774833" lon="-122.405447">
      </trkpt>
      <trkpt lat="37.774882" lon="-122.40550999999999">
      </trkpt>
      <trkpt lat="37.774953" lon="-122.40560199999999">
      </trkpt>
      <trkpt lat="37.774975" lon="-122.40562899999999">
      </trkpt>
      <trkpt lat="37.774998" lon="-122.405659">
      </trkpt>
      <trkpt lat="37.775013" lon="-122.405678">
      </trkpt>
      <trkpt lat="37.775186" lon="-122.405902">
      </trkpt>
      <trkpt lat="37.775265" lon="-122.406002">
      </trkpt>
      <trkpt lat="37.77542" lon="-122.406188">
      </trkpt>
      <trkpt lat="37.77552" lon="-122.406308">
      </trkpt>
      <trkpt lat="37.775464" lon="-122.40637799999999">
      </trkpt>
      <trkpt lat="37.775313" lon="-122.40656999999999">
      </trkpt>
      <trkpt lat="37.775101" lon="-122.40683899999999">
      </trkpt>
      <trkpt lat="37.774646" lon="-122.407415">
      </trkpt>
      <trkpt lat="37.774639" lon="-122.407423">
      </trkpt>
      <trkpt lat="37.774359" lon="-122.407778">
      </trkpt>
      <trkpt lat="37.774187" lon="-122.407996">
      </trkpt>
      <trkpt lat="37.774108" lon="-122.40809499999999">
      </trkpt>
      <trkpt lat="37.774001999999996" lon="-122.407984">
      </trkpt>
      <trkpt lat="37.77392" lon="-122.40802799999999">
      </trkpt>
      <trkpt lat="37.773911999999996" lon="-122.40796499999999">
      </trkpt>
      <trkpt lat="37.773928" lon="-122.40791499999999">
      </trkpt>
      <trkpt lat="37.773948" lon="-122.407851">
      </trkpt>
      <trkpt lat="37.774001999999996" lon="-122.407984">
      </trkpt>
      <trkpt lat="37.774108" lon="-122.40809499999999">
      </trkpt>
      <trkpt lat="37.773859" lon="-122.408411">
      </trkpt>
      <trkpt lat="37.77384" lon="-122.408435">
      </trkpt>
      <trkpt lat="37.773759999999996" lon="-122.408536">
      </trkpt>
      <trkpt lat="37.773683999999996" lon="-122.408632">
      </trkpt>
      <trkpt lat="37.773618" lon="-122.408717">
      </trkpt>
      <trkpt lat="37.773472999999996" lon="-122.40889999999999">
      </trkpt>
      <trkpt lat="37.773455" lon="-122.408923">
      </trkpt>
      <trkpt lat="37.773092999999996" lon="-122.40937799999999">
      </trkpt>
      <trkpt lat="37.772996" lon="-122.409503">
      </trkpt>
      <trkpt lat="37.772846" lon="-122.40969299999999">
      </trkpt>
      <trkpt lat="37.772538" lon="-122.410083">
      </trkpt>
      <trkpt lat="37.772799" lon="-122.410417">
      </trkpt>
      <trkpt lat="37.772895" lon="-122.410539">
      </trkpt>
      <trkpt lat="37.773018" lon="-122.410697">
      </trkpt>
      <trkpt lat="37.773337" lon="-122.411097">
      </trkpt>
      <trkpt lat="37.773703999999995" lon="-122.41154399999999">
      </trkpt>
      <trkpt lat="37.773773" lon="-122.411628">
      </trkpt>
      <trkpt lat="37.773841" lon="-122.411541">
      </trkpt>
      <trkpt lat="37.773945" lon="-122.411412">
      </trkpt>
      <trkpt lat="37.77473" lon="-122.410416">
      </trkpt>
      <trkpt lat="37.774916999999995" lon="-122.410179">
      </trkpt>
      <trkpt lat="37.774992" lon="-122.410083">
      </trkpt>
      <trkpt lat="37.774924999999996" lon="-122.40999799999999">
      </trkpt>
      <trkpt lat="37.774834" lon="-122.409882">
      </trkpt>
      <trkpt lat="37.774561" lon="-122.409543">
      </trkpt>
      <trkpt lat="37.774502" lon="-122.40946799999999">
      </trkpt>
      <trkpt lat="37.774483" lon="-122.409443">
      </trkpt>
      <trkpt lat="37.774201" lon="-122.409089">
      </trkpt>
      <trkpt lat="37.774271999999996" lon="-122.40899999999999">
      </trkpt>
      <trkpt lat="37.774799" lon="-122.408329">
      </trkpt>
      <trkpt lat="37.774645" lon="-122.408136">
      </trkpt>
      <trkpt lat="37.774359" lon="-122.407778">
      </trkpt>
      <trkpt lat="37.774187" lon="-122.407996">
      </trkpt>
      <trkpt lat="37.774108" lon="-122.40809499999999">
      </trkpt>
      <trkpt lat="37.773859" lon="-122.408411">
      </trkpt>
      <trkpt lat="37.77384" lon="-122.408435">
      </trkpt>
      <trkpt lat="37.773759999999996" lon="-122.408536">
      </trkpt>
      <trkpt lat="37.773683999999996" lon="-122.408632">
      </trkpt>
      <trkpt lat="37.773618" lon="-122.408717">
      </trkpt>
      <trkpt lat="37.773472999999996" lon="-122.40889999999999">
      </trkpt>
      <trkpt lat="37.773455" lon="-122.408923">
      </trkpt>
      <trkpt lat="37.773092999999996" lon="-122.40937799999999">
      </trkpt>
      <trkpt lat="37.772996" lon="-122.409503">
      </trkpt>
      <trkpt lat="37.772846" lon="-122.40969299999999">
      </trkpt>
      <trkpt lat="37.772538" lon="-122.410083">
      </trkpt>
      <trkpt lat="37.772799" lon="-122.410417">
      </trkpt>
      <trkpt lat="37.772895" lon="-122.410539">
      </trkpt>
      <trkpt lat="37.773018" lon="-122.410697">
      </trkpt>
      <trkpt lat="37.773337" lon="-122.411097">
      </trkpt>
      <trkpt lat="37.773703999999995" lon="-122.41154399999999">
      </trkpt>
      <trkpt lat="37.773773" lon="-122.411628">
      </trkpt>
      <trkpt lat="37.773841" lon="-122.411541">
      </trkpt>
      <trkpt lat="37.773945" lon="-122.411412">
      </trkpt>
      <trkpt lat="37.77473" lon="-122.410416">
      </trkpt>
      <trkpt lat="37.774916999999995" lon="-122.410179">
      </trkpt>
      <trkpt lat="37.774992" lon="-122.410083">
      </trkpt>
      <trkpt lat="37.775067" lon="-122.409989">
      </trkpt>
      <trkpt lat="37.775166" lon="-122.409863">
      </trkpt>
      <trkpt lat="37.775459" lon="-122.409492">
      </trkpt>
      <trkpt lat="37.775876" lon="-122.40896699999999">
      </trkpt>
      <trkpt lat="37.775962" lon="-122.408857">
      </trkpt>
      <trkpt lat="37.775894" lon="-122.40876999999999">
      </trkpt>
      <trkpt lat="37.775597" lon="-122.40839199999999">
      </trkpt>
      <trkpt lat="37.775894" lon="-122.40876999999999">
      </trkpt>
      <trkpt lat="37.775962" lon="-122.408857">
      </trkpt>
      <trkpt lat="37.776320999999996" lon="-122.408401">
      </trkpt>
      <trkpt lat="37.776441" lon="-122.408249">
      </trkpt>
      <trkpt lat="37.776677" lon="-122.40795">
      </trkpt>
      <trkpt lat="37.776753" lon="-122.407854">
      </trkpt>
      <trkpt lat="37.776798" lon="-122.40779699999999">
      </trkpt>
      <trkpt lat="37.776883999999995" lon="-122.407889">
      </trkpt>
      <trkpt lat="37.777006" lon="-122.40804">
      </trkpt>
      <trkpt lat="37.777031" lon="-122.40807099999999">
      </trkpt>
      <trkpt lat="37.777069" lon="-122.408119">
      </trkpt>
      <trkpt lat="37.777225" lon="-122.40831299999999">
      </trkpt>
      <trkpt lat="37.777288999999996" lon="-122.40839199999999">
      </trkpt>
      <trkpt lat="37.777612" lon="-122.408796">
      </trkpt>
      <trkpt lat="37.77765" lon="-122.40884399999999">
      </trkpt>
      <trkpt lat="37.777806" lon="-122.409037">
      </trkpt>
      <trkpt lat="37.777834999999996" lon="-122.40907399999999">
      </trkpt>
      <trkpt lat="37.777975" lon="-122.40924899999999">
      </trkpt>
      <trkpt lat="37.778031" lon="-122.409319">
      </trkpt>
      <trkpt lat="37.777975999999995" lon="-122.40938799999999">
      </trkpt>
      <trkpt lat="37.777902" lon="-122.409481">
      </trkpt>
      <trkpt lat="37.777553" lon="-122.40992299999999">
      </trkpt>
      <trkpt lat="37.777498" lon="-122.409855">
      </trkpt>
      <trkpt lat="37.776902" lon="-122.40911299999999">
      </trkpt>
      <trkpt lat="37.776638" lon="-122.40879">
      </trkpt>
      <trkpt lat="37.776407" lon="-122.408508">
      </trkpt>
      <trkpt lat="37.776401" lon="-122.40849999999999">
      </trkpt>
      <trkpt lat="37.776320999999996" lon="-122.408401">
      </trkpt>
      <trkpt lat="37.776441" lon="-122.408249">
      </trkpt>
      <trkpt lat="37.776677" lon="-122.40795">
      </trkpt>
      <trkpt lat="37.776753" lon="-122.407854">
      </trkpt>
      <trkpt lat="37.776798" lon="-122.40779699999999">
      </trkpt>
      <trkpt lat="37.776883999999995" lon="-122.407889">
      </trkpt>
      <trkpt lat="37.777006" lon="-122.40804">
      </trkpt>
      <trkpt lat="37.777031" lon="-122.40807099999999">
      </trkpt>
      <trkpt lat="37.777069" lon="-122.408119">
      </trkpt>
      <trkpt lat="37.777225" lon="-122.40831299999999">
      </trkpt>
      <trkpt lat="37.777288999999996" lon="-122.40839199999999">
      </trkpt>
      <trkpt lat="37.777612" lon="-122.408796">
      </trkpt>
      <trkpt lat="37.77765" lon="-122.40884399999999">
      </trkpt>
      <trkpt lat="37.777806" lon="-122.409037">
      </trkpt>
      <trkpt lat="37.777834999999996" lon="-122.40907399999999">
      </trkpt>
      <trkpt lat="37.777975" lon="-122.40924899999999">
      </trkpt>
      <trkpt lat="37.778031" lon="-122.409319">
      </trkpt>
      <trkpt lat="37.777975999999995" lon="-122.40938799999999">
      </trkpt>
      <trkpt lat="37.777902" lon="-122.409481">
      </trkpt>
      <trkpt lat="37.777553" lon="-122.40992299999999">
      </trkpt>
      <trkpt lat="37.777498" lon="-122.409855">
      </trkpt>
      <trkpt lat="37.77733" lon="-122.409646">
      </trkpt>
      <trkpt lat="37.776902" lon="-122.40911299999999">
      </trkpt>
      <trkpt lat="37.776407" lon="-122.408508">
      </trkpt>
      <trkpt lat="37.776401" lon="-122.40849999999999">
      </trkpt>
      <trkpt lat="37.776320999999996" lon="-122.408401">
      </trkpt>
      <trkpt lat="37.776441" lon="-122.408249">
      </trkpt>
      <trkpt lat="37.776677" lon="-122.40795">
      </trkpt>
      <trkpt lat="37.776753" lon="-122.407854">
      </trkpt>
      <trkpt lat="37.776798" lon="-122.40779699999999">
      </trkpt>
      <trkpt lat="37.776883999999995" lon="-122.407889">
      </trkpt>
      <trkpt lat="37.777006" lon="-122.40804">
      </trkpt>
      <trkpt lat="37.777031" lon="-122.40807099999999">
      </trkpt>
      <trkpt lat="37.777069" lon="-122.408119">
      </trkpt>
      <trkpt lat="37.777225" lon="-122.40831299999999">
      </trkpt>
      <trkpt lat="37.777288999999996" lon="-122.40839199999999">
      </trkpt>
      <trkpt lat="37.777612" lon="-122.408796">
      </trkpt>
      <trkpt lat="37.77765" lon="-122.40884399999999">
      </trkpt>
      <trkpt lat="37.777806" lon="-122.409037">
      </trkpt>
      <trkpt lat="37.777834999999996" lon="-122.40907399999999">
      </trkpt>
      <trkpt lat="37.777975" lon="-122.40924899999999">
      </trkpt>
      <trkpt lat="37.778031" lon="-122.409319">
      </trkpt>
      <trkpt lat="37.778078" lon="-122.40938299999999">
      </trkpt>
      <trkpt lat="37.778115" lon="-122.409432">
      </trkpt>
      <trkpt lat="37.778453999999996" lon="-122.409859">
      </trkpt>
      <trkpt lat="37.77847" lon="-122.409881">
      </trkpt>
      <trkpt lat="37.778503" lon="-122.409922">
      </trkpt>
      <trkpt lat="37.778813" lon="-122.410309">
      </trkpt>
      <trkpt lat="37.778835" lon="-122.410338">
      </trkpt>
      <trkpt lat="37.778785" lon="-122.410401">
      </trkpt>
      <trkpt lat="37.778712" lon="-122.41049199999999">
      </trkpt>
      <trkpt lat="37.778268" lon="-122.411047">
      </trkpt>
      <trkpt lat="37.778179" lon="-122.411164">
      </trkpt>
      <trkpt lat="37.777729" lon="-122.41173099999999">
      </trkpt>
      <trkpt lat="37.777619" lon="-122.41187">
      </trkpt>
      <trkpt lat="37.777107" lon="-122.412515">
      </trkpt>
      <trkpt lat="37.777094" lon="-122.412532">
      </trkpt>
      <trkpt lat="37.777018" lon="-122.412627">
      </trkpt>
      <trkpt lat="37.776702" lon="-122.412229">
      </trkpt>
      <trkpt lat="37.776652999999996" lon="-122.412168">
      </trkpt>
      <trkpt lat="37.776728" lon="-122.41207399999999">
      </trkpt>
      <trkpt lat="37.778054999999995" lon="-122.41040299999999">
      </trkpt>
      <trkpt lat="37.778347" lon="-122.41003599999999">
      </trkpt>
      <trkpt lat="37.77842" lon="-122.409945">
      </trkpt>
      <trkpt lat="37.77847" lon="-122.409881">
      </trkpt>
      <trkpt lat="37.778503" lon="-122.409922">
      </trkpt>
      <trkpt lat="37.778813" lon="-122.410309">
      </trkpt>
      <trkpt lat="37.778835" lon="-122.410338">
      </trkpt>
      <trkpt lat="37.77885" lon="-122.410393">
      </trkpt>
      <trkpt lat="37.778940999999996" lon="-122.41051399999999">
      </trkpt>
      <trkpt lat="37.779001" lon="-122.41060499999999">
      </trkpt>
      <trkpt lat="37.77918" lon="-122.41083499999999">
      </trkpt>
      <trkpt lat="37.779239" lon="-122.4109">
      </trkpt>
      <trkpt lat="37.779211" lon="-122.41093599999999">
      </trkpt>
      <trkpt lat="37.77914" lon="-122.41102699999999">
      </trkpt>
      <trkpt lat="37.778981" lon="-122.411231">
      </trkpt>
      <trkpt lat="37.778861" lon="-122.411384">
      </trkpt>
      <trkpt lat="37.778981" lon="-122.411231">
      </trkpt>
      <trkpt lat="37.77914" lon="-122.41102699999999">
      </trkpt>
      <trkpt lat="37.779211" lon="-122.41093599999999">
      </trkpt>
      <trkpt lat="37.779239" lon="-122.4109">
      </trkpt>
      <trkpt lat="37.779277" lon="-122.41085299999999">
      </trkpt>
      <trkpt lat="37.779478" lon="-122.410601">
      </trkpt>
      <trkpt lat="37.779907" lon="-122.410063">
      </trkpt>
      <trkpt lat="37.780074" lon="-122.409854">
      </trkpt>
      <trkpt lat="37.780082" lon="-122.40984399999999">
      </trkpt>
      <trkpt lat="37.780279" lon="-122.409596">
      </trkpt>
      <trkpt lat="37.780619" lon="-122.409171">
      </trkpt>
      <trkpt lat="37.780772" lon="-122.40898">
      </trkpt>
      <trkpt lat="37.780902999999995" lon="-122.40881499999999">
      </trkpt>
      <trkpt lat="37.780978" lon="-122.408722">
      </trkpt>
      <trkpt lat="37.780907" lon="-122.408632">
      </trkpt>
      <trkpt lat="37.780677" lon="-122.408345">
      </trkpt>
      <trkpt lat="37.780592999999996" lon="-122.40823999999999">
      </trkpt>
      <trkpt lat="37.780549" lon="-122.40818499999999">
      </trkpt>
      <trkpt lat="37.780477999999995" lon="-122.40827499999999">
      </trkpt>
      <trkpt lat="37.779671" lon="-122.409289">
      </trkpt>
      <trkpt lat="37.779271" lon="-122.409791">
      </trkpt>
      <trkpt lat="37.778852" lon="-122.41031699999999">
      </trkpt>
      <trkpt lat="37.778835" lon="-122.410338">
      </trkpt>
      <trkpt lat="37.778785" lon="-122.410401">
      </trkpt>
      <trkpt lat="37.778912999999996" lon="-122.410562">
      </trkpt>
      <trkpt lat="37.779131" lon="-122.41083599999999">
      </trkpt>
      <trkpt lat="37.779156" lon="-122.410867">
      </trkpt>
      <trkpt lat="37.779211" lon="-122.41093599999999">
      </trkpt>
      <trkpt lat="37.779295" lon="-122.411041">
      </trkpt>
      <trkpt lat="37.779453" lon="-122.411239">
      </trkpt>
      <trkpt lat="37.779461999999995" lon="-122.41125">
      </trkpt>
      <trkpt lat="37.779599" lon="-122.41142199999999">
      </trkpt>
      <trkpt lat="37.779648" lon="-122.411484">
      </trkpt>
      <trkpt lat="37.779913" lon="-122.411817">
      </trkpt>
      <trkpt lat="37.780011" lon="-122.411941">
      </trkpt>
      <trkpt lat="37.779942" lon="-122.41202899999999">
      </trkpt>
      <trkpt lat="37.779900999999995" lon="-122.412082">
      </trkpt>
      <trkpt lat="37.779675" lon="-122.41237">
      </trkpt>
      <trkpt lat="37.779900999999995" lon="-122.412082">
      </trkpt>
      <trkpt lat="37.779942" lon="-122.41202899999999">
      </trkpt>
      <trkpt lat="37.780011" lon="-122.411941">
      </trkpt>
      <trkpt lat="37.780052" lon="-122.41188899999999">
      </trkpt>
      <trkpt lat="37.780072" lon="-122.41193399999999">
      </trkpt>
      <trkpt lat="37.780161" lon="-122.41212399999999">
      </trkpt>
      <trkpt lat="37.780361" lon="-122.41236699999999">
      </trkpt>
      <trkpt lat="37.780395999999996" lon="-122.412409">
      </trkpt>
      <trkpt lat="37.780452" lon="-122.41248399999999">
      </trkpt>
      <trkpt lat="37.780477" lon="-122.41251399999999">
      </trkpt>
      <trkpt lat="37.780488" lon="-122.412528">
      </trkpt>
      <trkpt lat="37.780501" lon="-122.412544">
      </trkpt>
      <trkpt lat="37.780527" lon="-122.412576">
      </trkpt>
      <trkpt lat="37.780584" lon="-122.41264899999999">
      </trkpt>
      <trkpt lat="37.780856" lon="-122.41297499999999">
      </trkpt>
      <trkpt lat="37.780938" lon="-122.413074">
      </trkpt>
      <trkpt lat="37.781000999999996" lon="-122.41314999999999">
      </trkpt>
      <trkpt lat="37.780984" lon="-122.413288">
      </trkpt>
      <trkpt lat="37.780944" lon="-122.413602">
      </trkpt>
      <trkpt lat="37.780933" lon="-122.413693">
      </trkpt>
      <trkpt lat="37.780865" lon="-122.413636">
      </trkpt>
      <trkpt lat="37.78085" lon="-122.41363299999999">
      </trkpt>
      <trkpt lat="37.780755" lon="-122.413613">
      </trkpt>
      <trkpt lat="37.780602" lon="-122.413581">
      </trkpt>
      <trkpt lat="37.780755" lon="-122.413613">
      </trkpt>
      <trkpt lat="37.78085" lon="-122.41363299999999">
      </trkpt>
      <trkpt lat="37.780865" lon="-122.413636">
      </trkpt>
      <trkpt lat="37.780933" lon="-122.413693">
      </trkpt>
      <trkpt lat="37.780919" lon="-122.413804">
      </trkpt>
      <trkpt lat="37.780815" lon="-122.41466899999999">
      </trkpt>
      <trkpt lat="37.780806" lon="-122.414743">
      </trkpt>
      <trkpt lat="37.780738" lon="-122.415245">
      </trkpt>
      <trkpt lat="37.780726" lon="-122.41533899999999">
      </trkpt>
      <trkpt lat="37.780713" lon="-122.41544599999999">
      </trkpt>
      <trkpt lat="37.780687" lon="-122.415651">
      </trkpt>
      <trkpt lat="37.780651999999996" lon="-122.41592399999999">
      </trkpt>
      <trkpt lat="37.780643999999995" lon="-122.41598499999999">
      </trkpt>
      <trkpt lat="37.780622" lon="-122.416164">
      </trkpt>
      <trkpt lat="37.780532" lon="-122.416865">
      </trkpt>
      <trkpt lat="37.780521" lon="-122.416918">
      </trkpt>
      <trkpt lat="37.780499" lon="-122.41699">
      </trkpt>
      <trkpt lat="37.780553" lon="-122.416996">
      </trkpt>
      <trkpt lat="37.780598" lon="-122.417003">
      </trkpt>
      <trkpt lat="37.780747" lon="-122.41703199999999">
      </trkpt>
      <trkpt lat="37.781009999999995" lon="-122.417085">
      </trkpt>
      <trkpt lat="37.781116" lon="-122.41710599999999">
      </trkpt>
      <trkpt lat="37.781369999999995" lon="-122.41715699999999">
      </trkpt>
      <trkpt lat="37.781451" lon="-122.41717299999999">
      </trkpt>
      <trkpt lat="37.781462" lon="-122.417082">
      </trkpt>
      <trkpt lat="37.781585" lon="-122.416118">
      </trkpt>
      <trkpt lat="37.781608" lon="-122.415942">
      </trkpt>
      <trkpt lat="37.781647" lon="-122.415634">
      </trkpt>
      <trkpt lat="37.781659999999995" lon="-122.415527">
      </trkpt>
      <trkpt lat="37.781583" lon="-122.41551199999999">
      </trkpt>
      <trkpt lat="37.780941999999996" lon="-122.41538299999999">
      </trkpt>
      <trkpt lat="37.780812" lon="-122.41535599999999">
      </trkpt>
      <trkpt lat="37.780726" lon="-122.41533899999999">
      </trkpt>
      <trkpt lat="37.780713" lon="-122.41544599999999">
      </trkpt>
      <trkpt lat="37.780687" lon="-122.415651">
      </trkpt>
      <trkpt lat="37.780651999999996" lon="-122.41592399999999">
      </trkpt>
      <trkpt lat="37.780643999999995" lon="-122.41598499999999">
      </trkpt>
      <trkpt lat="37.780622" lon="-122.416164">
      </trkpt>
      <trkpt lat="37.780532" lon="-122.416865">
      </trkpt>
      <trkpt lat="37.780521" lon="-122.416918">
      </trkpt>
      <trkpt lat="37.780499" lon="-122.41699">
      </trkpt>
      <trkpt lat="37.780553" lon="-122.416996">
      </trkpt>
      <trkpt lat="37.780598" lon="-122.417003">
      </trkpt>
      <trkpt lat="37.780747" lon="-122.41703199999999">
      </trkpt>
      <trkpt lat="37.781009999999995" lon="-122.417085">
      </trkpt>
      <trkpt lat="37.781116" lon="-122.41710599999999">
      </trkpt>
      <trkpt lat="37.781369999999995" lon="-122.41715699999999">
      </trkpt>
      <trkpt lat="37.781451" lon="-122.41717299999999">
      </trkpt>
      <trkpt lat="37.78154" lon="-122.41719099999999">
      </trkpt>
      <trkpt lat="37.781681999999996" lon="-122.41722">
      </trkpt>
      <trkpt lat="37.781815" lon="-122.41724599999999">
      </trkpt>
      <trkpt lat="37.781968" lon="-122.417277">
      </trkpt>
      <trkpt lat="37.782315" lon="-122.417346">
      </trkpt>
      <trkpt lat="37.782384" lon="-122.41735999999999">
      </trkpt>
      <trkpt lat="37.782371999999995" lon="-122.41746699999999">
      </trkpt>
      <trkpt lat="37.782295999999995" lon="-122.41805">
      </trkpt>
      <trkpt lat="37.782238" lon="-122.4185">
      </trkpt>
      <trkpt lat="37.782187" lon="-122.418899">
      </trkpt>
      <trkpt lat="37.782174" lon="-122.419005">
      </trkpt>
      <trkpt lat="37.782256" lon="-122.419021">
      </trkpt>
      <trkpt lat="37.782377" lon="-122.419045">
      </trkpt>
      <trkpt lat="37.782256" lon="-122.419021">
      </trkpt>
      <trkpt lat="37.782174" lon="-122.419005">
      </trkpt>
      <trkpt lat="37.782095" lon="-122.418989">
      </trkpt>
      <trkpt lat="37.781707" lon="-122.418911">
      </trkpt>
      <trkpt lat="37.781679" lon="-122.41913699999999">
      </trkpt>
      <trkpt lat="37.781645" lon="-122.419405">
      </trkpt>
      <trkpt lat="37.781639999999996" lon="-122.419443">
      </trkpt>
      <trkpt lat="37.781580999999996" lon="-122.41991999999999">
      </trkpt>
      <trkpt lat="37.781524" lon="-122.420374">
      </trkpt>
      <trkpt lat="37.781514" lon="-122.42045399999999">
      </trkpt>
      <trkpt lat="37.781134" lon="-122.42037699999999">
      </trkpt>
      <trkpt lat="37.781045999999996" lon="-122.420357">
      </trkpt>
      <trkpt lat="37.781056" lon="-122.420279">
      </trkpt>
      <trkpt lat="37.781228999999996" lon="-122.41892399999999">
      </trkpt>
      <trkpt lat="37.781242" lon="-122.41881099999999">
      </trkpt>
      <trkpt lat="37.781168" lon="-122.41878899999999">
      </trkpt>
      <trkpt lat="37.780989999999996" lon="-122.41874999999999">
      </trkpt>
      <trkpt lat="37.780964999999995" lon="-122.41874999999999">
      </trkpt>
      <trkpt lat="37.780941999999996" lon="-122.41875499999999">
      </trkpt>
      <trkpt lat="37.78092" lon="-122.41875399999999">
      </trkpt>
      <trkpt lat="37.780778" lon="-122.418725">
      </trkpt>
      <trkpt lat="37.780764999999995" lon="-122.41882799999999">
      </trkpt>
      <trkpt lat="37.780756" lon="-122.41889599999999">
      </trkpt>
      <trkpt lat="37.78074" lon="-122.41894599999999">
      </trkpt>
      <trkpt lat="37.78071" lon="-122.419184">
      </trkpt>
      <trkpt lat="37.78074" lon="-122.41894599999999">
      </trkpt>
      <trkpt lat="37.780756" lon="-122.41889599999999">
      </trkpt>
      <trkpt lat="37.780764999999995" lon="-122.41882799999999">
      </trkpt>
      <trkpt lat="37.780778" lon="-122.418725">
      </trkpt>
      <trkpt lat="37.780496" lon="-122.418669">
      </trkpt>
      <trkpt lat="37.780392" lon="-122.41864799999999">
      </trkpt>
      <trkpt lat="37.780274999999996" lon="-122.41861499999999">
      </trkpt>
      <trkpt lat="37.780204999999995" lon="-122.418596">
      </trkpt>
      <trkpt lat="37.780139999999996" lon="-122.418578">
      </trkpt>
      <trkpt lat="37.780063999999996" lon="-122.41856299999999">
      </trkpt>
      <trkpt lat="37.779914999999995" lon="-122.418533">
      </trkpt>
      <trkpt lat="37.779768" lon="-122.418503">
      </trkpt>
      <trkpt lat="37.779506" lon="-122.41844999999999">
      </trkpt>
      <trkpt lat="37.779388" lon="-122.418426">
      </trkpt>
      <trkpt lat="37.779252" lon="-122.41840099999999">
      </trkpt>
      <trkpt lat="37.778937" lon="-122.41834">
      </trkpt>
      <trkpt lat="37.778618" lon="-122.418278">
      </trkpt>
      <trkpt lat="37.77849" lon="-122.41825399999999">
      </trkpt>
      <trkpt lat="37.778371" lon="-122.418301">
      </trkpt>
      <trkpt lat="37.778349" lon="-122.418302">
      </trkpt>
      <trkpt lat="37.778327999999995" lon="-122.418303">
      </trkpt>
      <trkpt lat="37.777964" lon="-122.418233">
      </trkpt>
      <trkpt lat="37.777961" lon="-122.41826499999999">
      </trkpt>
      <trkpt lat="37.777953" lon="-122.418334">
      </trkpt>
      <trkpt lat="37.777809999999995" lon="-122.419496">
      </trkpt>
      <trkpt lat="37.777795" lon="-122.41962099999999">
      </trkpt>
      <trkpt lat="37.777784" lon="-122.419708">
      </trkpt>
      <trkpt lat="37.778171" lon="-122.41978499999999">
      </trkpt>
      <trkpt lat="37.778286" lon="-122.419805">
      </trkpt>
      <trkpt lat="37.778304999999996" lon="-122.41972399999999">
      </trkpt>
      <trkpt lat="37.778335999999996" lon="-122.419478">
      </trkpt>
      <trkpt lat="37.778362" lon="-122.419276">
      </trkpt>
      <trkpt lat="37.778414999999995" lon="-122.418849">
      </trkpt>
      <trkpt lat="37.778473" lon="-122.418392">
      </trkpt>
      <trkpt lat="37.77849" lon="-122.41825399999999">
      </trkpt>
      <trkpt lat="37.778371" lon="-122.418301">
      </trkpt>
      <trkpt lat="37.778349" lon="-122.418302">
      </trkpt>
      <trkpt lat="37.778327999999995" lon="-122.418303">
      </trkpt>
      <trkpt lat="37.777964" lon="-122.418233">
      </trkpt>
      <trkpt lat="37.777594" lon="-122.41816299999999">
      </trkpt>
      <trkpt lat="37.777587" lon="-122.41816299999999">
      </trkpt>
      <trkpt lat="37.777563" lon="-122.41816299999999">
      </trkpt>
      <trkpt lat="37.777542" lon="-122.41815899999999">
      </trkpt>
      <trkpt lat="37.777505" lon="-122.41815199999999">
      </trkpt>
      <trkpt lat="37.777453" lon="-122.41814199999999">
      </trkpt>
      <trkpt lat="37.777426999999996" lon="-122.418128">
      </trkpt>
      <trkpt lat="37.777401" lon="-122.418123">
      </trkpt>
      <trkpt lat="37.776843" lon="-122.418014">
      </trkpt>
      <trkpt lat="37.776804" lon="-122.41800099999999">
      </trkpt>
      <trkpt lat="37.776764" lon="-122.41797799999999">
      </trkpt>
      <trkpt lat="37.77674" lon="-122.417949">
      </trkpt>
      <trkpt lat="37.776669999999996" lon="-122.41782099999999">
      </trkpt>
      <trkpt lat="37.776658" lon="-122.417818">
      </trkpt>
      <trkpt lat="37.776635999999996" lon="-122.417823">
      </trkpt>
      <trkpt lat="37.77661" lon="-122.41783">
      </trkpt>
      <trkpt lat="37.776571" lon="-122.417846">
      </trkpt>
      <trkpt lat="37.776541" lon="-122.417856">
      </trkpt>
      <trkpt lat="37.77652" lon="-122.41783199999999">
      </trkpt>
      <trkpt lat="37.776447999999995" lon="-122.41774199999999">
      </trkpt>
      <trkpt lat="37.776368999999995" lon="-122.41784399999999">
      </trkpt>
      <trkpt lat="37.776316" lon="-122.417913">
      </trkpt>
      <trkpt lat="37.776215" lon="-122.418042">
      </trkpt>
      <trkpt lat="37.775706" lon="-122.418695">
      </trkpt>
      <trkpt lat="37.775467" lon="-122.41899799999999">
      </trkpt>
      <trkpt lat="37.775424" lon="-122.41905399999999">
      </trkpt>
      <trkpt lat="37.775396" lon="-122.41909">
      </trkpt>
      <trkpt lat="37.775316" lon="-122.419192">
      </trkpt>
      <trkpt lat="37.775408" lon="-122.419214">
      </trkpt>
      <trkpt lat="37.775566999999995" lon="-122.41924999999999">
      </trkpt>
      <trkpt lat="37.775714" lon="-122.41927799999999">
      </trkpt>
      <trkpt lat="37.775963999999995" lon="-122.41934099999999">
      </trkpt>
      <trkpt lat="37.776306999999996" lon="-122.41941">
      </trkpt>
      <trkpt lat="37.776388" lon="-122.41942499999999">
      </trkpt>
      <trkpt lat="37.776398" lon="-122.419338">
      </trkpt>
      <trkpt lat="37.776477" lon="-122.41871499999999">
      </trkpt>
      <trkpt lat="37.776537" lon="-122.418228">
      </trkpt>
      <trkpt lat="37.776564" lon="-122.418005">
      </trkpt>
      <trkpt lat="37.776573" lon="-122.41788199999999">
      </trkpt>
      <trkpt lat="37.776571" lon="-122.417846">
      </trkpt>
      <trkpt lat="37.776565" lon="-122.41777599999999">
      </trkpt>
      <trkpt lat="37.776543" lon="-122.41762">
      </trkpt>
      <trkpt lat="37.776531999999996" lon="-122.41756699999999">
      </trkpt>
      <trkpt lat="37.776527" lon="-122.41754499999999">
      </trkpt>
      <trkpt lat="37.776522" lon="-122.41752199999999">
      </trkpt>
      <trkpt lat="37.776509" lon="-122.417447">
      </trkpt>
      <trkpt lat="37.776364" lon="-122.41762899999999">
      </trkpt>
      <trkpt lat="37.776227" lon="-122.417802">
      </trkpt>
      <trkpt lat="37.776207" lon="-122.417828">
      </trkpt>
      <trkpt lat="37.776185" lon="-122.417856">
      </trkpt>
      <trkpt lat="37.77572" lon="-122.41844499999999">
      </trkpt>
      <trkpt lat="37.775604" lon="-122.4186">
      </trkpt>
      <trkpt lat="37.775549999999996" lon="-122.418675">
      </trkpt>
      <trkpt lat="37.775507" lon="-122.418617">
      </trkpt>
      <trkpt lat="37.775484" lon="-122.41858599999999">
      </trkpt>
      <trkpt lat="37.775438" lon="-122.418526">
      </trkpt>
      <trkpt lat="37.775377999999996" lon="-122.418447">
      </trkpt>
      <trkpt lat="37.775359" lon="-122.41842399999999">
      </trkpt>
      <trkpt lat="37.775301" lon="-122.418351">
      </trkpt>
      <trkpt lat="37.775256999999996" lon="-122.418295">
      </trkpt>
      <trkpt lat="37.77522" lon="-122.41824799999999">
      </trkpt>
      <trkpt lat="37.775148" lon="-122.41815799999999">
      </trkpt>
      <trkpt lat="37.774947" lon="-122.41790599999999">
      </trkpt>
      <trkpt lat="37.774901" lon="-122.417847">
      </trkpt>
      <trkpt lat="37.774615" lon="-122.41748899999999">
      </trkpt>
      <trkpt lat="37.774577" lon="-122.417442">
      </trkpt>
      <trkpt lat="37.774546" lon="-122.417403">
      </trkpt>
      <trkpt lat="37.774331" lon="-122.41713399999999">
      </trkpt>
      <trkpt lat="37.774256" lon="-122.41722899999999">
      </trkpt>
      <trkpt lat="37.774206" lon="-122.41729099999999">
      </trkpt>
      <trkpt lat="37.774131" lon="-122.41738099999999">
      </trkpt>
      <trkpt lat="37.774052999999995" lon="-122.417476">
      </trkpt>
      <trkpt lat="37.773967" lon="-122.417587">
      </trkpt>
      <trkpt lat="37.77406" lon="-122.417701">
      </trkpt>
      <trkpt lat="37.77436" lon="-122.418059">
      </trkpt>
      <trkpt lat="37.774386" lon="-122.41809099999999">
      </trkpt>
      <trkpt lat="37.774405" lon="-122.41811299999999">
      </trkpt>
      <trkpt lat="37.774364999999996" lon="-122.418178">
      </trkpt>
      <trkpt lat="37.774405" lon="-122.41811299999999">
      </trkpt>
      <trkpt lat="37.774386" lon="-122.41809099999999">
      </trkpt>
      <trkpt lat="37.77436" lon="-122.418059">
      </trkpt>
      <trkpt lat="37.77406" lon="-122.417701">
      </trkpt>
      <trkpt lat="37.773967" lon="-122.417587">
      </trkpt>
      <trkpt lat="37.773885" lon="-122.417694">
      </trkpt>
      <trkpt lat="37.773775" lon="-122.417818">
      </trkpt>
      <trkpt lat="37.773508" lon="-122.41808499999999">
      </trkpt>
      <trkpt lat="37.773452999999996" lon="-122.417998">
      </trkpt>
      <trkpt lat="37.77314" lon="-122.417474">
      </trkpt>
      <trkpt lat="37.772816" lon="-122.41693">
      </trkpt>
      <trkpt lat="37.772506" lon="-122.41641999999999">
      </trkpt>
      <trkpt lat="37.772458" lon="-122.41632899999999">
      </trkpt>
      <trkpt lat="37.772349" lon="-122.41643599999999">
      </trkpt>
      <trkpt lat="37.772254" lon="-122.416522">
      </trkpt>
      <trkpt lat="37.772214" lon="-122.416558">
      </trkpt>
      <trkpt lat="37.772152" lon="-122.416614">
      </trkpt>
      <trkpt lat="37.772062999999996" lon="-122.416691">
      </trkpt>
      <trkpt lat="37.771946" lon="-122.41677899999999">
      </trkpt>
      <trkpt lat="37.771820999999996" lon="-122.416879">
      </trkpt>
      <trkpt lat="37.771737" lon="-122.416939">
      </trkpt>
      <trkpt lat="37.771783" lon="-122.41704499999999">
      </trkpt>
      <trkpt lat="37.772193" lon="-122.417991">
      </trkpt>
      <trkpt lat="37.772238" lon="-122.418095">
      </trkpt>
      <trkpt lat="37.772251" lon="-122.418145">
      </trkpt>
      <trkpt lat="37.772252" lon="-122.41819299999999">
      </trkpt>
      <trkpt lat="37.772253" lon="-122.41832">
      </trkpt>
      <trkpt lat="37.772856" lon="-122.418503">
      </trkpt>
      <trkpt lat="37.772960999999995" lon="-122.418533">
      </trkpt>
      <trkpt lat="37.773074" lon="-122.418431">
      </trkpt>
      <trkpt lat="37.773192" lon="-122.41832799999999">
      </trkpt>
      <trkpt lat="37.773222" lon="-122.418308">
      </trkpt>
      <trkpt lat="37.773301" lon="-122.41825399999999">
      </trkpt>
      <trkpt lat="37.773379" lon="-122.418216">
      </trkpt>
      <trkpt lat="37.773255999999996" lon="-122.41845599999999">
      </trkpt>
      <trkpt lat="37.773176" lon="-122.418584">
      </trkpt>
      <trkpt lat="37.773055" lon="-122.418725">
      </trkpt>
      <trkpt lat="37.77283" lon="-122.418627">
      </trkpt>
      <trkpt lat="37.772731" lon="-122.41859699999999">
      </trkpt>
      <trkpt lat="37.772399" lon="-122.418498">
      </trkpt>
      <trkpt lat="37.772238" lon="-122.41844999999999">
      </trkpt>
      <trkpt lat="37.772002" lon="-122.41837799999999">
      </trkpt>
      <trkpt lat="37.771238" lon="-122.418146">
      </trkpt>
      <trkpt lat="37.771023" lon="-122.41807999999999">
      </trkpt>
      <trkpt lat="37.770900999999995" lon="-122.418033">
      </trkpt>
      <trkpt lat="37.770702" lon="-122.417948">
      </trkpt>
      <trkpt lat="37.7706" lon="-122.41788">
      </trkpt>
      <trkpt lat="37.770512" lon="-122.41780299999999">
      </trkpt>
      <trkpt lat="37.770437" lon="-122.417751">
      </trkpt>
      <trkpt lat="37.770385999999995" lon="-122.417729">
      </trkpt>
      <trkpt lat="37.770308" lon="-122.417721">
      </trkpt>
      <trkpt lat="37.770224" lon="-122.417733">
      </trkpt>
      <trkpt lat="37.770204" lon="-122.41773699999999">
      </trkpt>
      <trkpt lat="37.770108" lon="-122.417839">
      </trkpt>
      <trkpt lat="37.770042" lon="-122.417902">
      </trkpt>
      <trkpt lat="37.770022" lon="-122.417937">
      </trkpt>
      <trkpt lat="37.769959" lon="-122.41804599999999">
      </trkpt>
      <trkpt lat="37.76992" lon="-122.418149">
      </trkpt>
      <trkpt lat="37.770026" lon="-122.418886">
      </trkpt>
      <trkpt lat="37.770052" lon="-122.419067">
      </trkpt>
      <trkpt lat="37.770073" lon="-122.419241">
      </trkpt>
      <trkpt lat="37.770089" lon="-122.41941299999999">
      </trkpt>
      <trkpt lat="37.770098999999995" lon="-122.41958">
      </trkpt>
      <trkpt lat="37.770106999999996" lon="-122.419789">
      </trkpt>
      <trkpt lat="37.770108" lon="-122.419823">
      </trkpt>
      <trkpt lat="37.770114" lon="-122.41994199999999">
      </trkpt>
      <trkpt lat="37.770120999999996" lon="-122.420177">
      </trkpt>
      <trkpt lat="37.770119" lon="-122.420301">
      </trkpt>
      <trkpt lat="37.770106" lon="-122.42048299999999">
      </trkpt>
      <trkpt lat="37.770041" lon="-122.42103999999999">
      </trkpt>
      <trkpt lat="37.769988999999995" lon="-122.421134">
      </trkpt>
      <trkpt lat="37.76997" lon="-122.421253">
      </trkpt>
      <trkpt lat="37.769953" lon="-122.421369">
      </trkpt>
      <trkpt lat="37.769937" lon="-122.421488">
      </trkpt>
      <trkpt lat="37.769923999999996" lon="-122.421602">
      </trkpt>
      <trkpt lat="37.770030999999996" lon="-122.421611">
      </trkpt>
      <trkpt lat="37.770188" lon="-122.42162599999999">
      </trkpt>
      <trkpt lat="37.771556" lon="-122.42175599999999">
      </trkpt>
      <trkpt lat="37.771646" lon="-122.42176599999999">
      </trkpt>
      <trkpt lat="37.771681" lon="-122.421109">
      </trkpt>
      <trkpt lat="37.77169" lon="-122.42093899999999">
      </trkpt>
      <trkpt lat="37.771695" lon="-122.42085399999999">
      </trkpt>
      <trkpt lat="37.771668999999996" lon="-122.420785">
      </trkpt>
      <trkpt lat="37.771681" lon="-122.420558">
      </trkpt>
      <trkpt lat="37.771684" lon="-122.420509">
      </trkpt>
      <trkpt lat="37.77176" lon="-122.42040999999999">
      </trkpt>
      <trkpt lat="37.771685999999995" lon="-122.42035299999999">
      </trkpt>
      <trkpt lat="37.771589999999996" lon="-122.420316">
      </trkpt>
      <trkpt lat="37.771376" lon="-122.42029699999999">
      </trkpt>
      <trkpt lat="37.771324" lon="-122.420293">
      </trkpt>
      <trkpt lat="37.771142" lon="-122.420279">
      </trkpt>
      <trkpt lat="37.771026" lon="-122.420266">
      </trkpt>
      <trkpt lat="37.770810999999995" lon="-122.420244">
      </trkpt>
      <trkpt lat="37.770652" lon="-122.42022499999999">
      </trkpt>
      <trkpt lat="37.770571" lon="-122.42021799999999">
      </trkpt>
      <trkpt lat="37.770464" lon="-122.420206">
      </trkpt>
      <trkpt lat="37.770419" lon="-122.42020199999999">
      </trkpt>
      <trkpt lat="37.770375" lon="-122.420147">
      </trkpt>
      <trkpt lat="37.770353" lon="-122.42011799999999">
      </trkpt>
      <trkpt lat="37.770334999999996" lon="-122.42008899999999">
      </trkpt>
      <trkpt lat="37.770325" lon="-122.420063">
      </trkpt>
      <trkpt lat="37.770319" lon="-122.420035">
      </trkpt>
      <trkpt lat="37.77032" lon="-122.420003">
      </trkpt>
      <trkpt lat="37.770329" lon="-122.419967">
      </trkpt>
      <trkpt lat="37.770344" lon="-122.419934">
      </trkpt>
      <trkpt lat="37.770362" lon="-122.419902">
      </trkpt>
      <trkpt lat="37.77039" lon="-122.419868">
      </trkpt>
      <trkpt lat="37.770421" lon="-122.419857">
      </trkpt>
      <trkpt lat="37.770517999999996" lon="-122.41981899999999">
      </trkpt>
      <trkpt lat="37.770638" lon="-122.419772">
      </trkpt>
      <trkpt lat="37.770826" lon="-122.41971099999999">
      </trkpt>
      <trkpt lat="37.770814" lon="-122.419618">
      </trkpt>
      <trkpt lat="37.77081" lon="-122.41959">
      </trkpt>
      <trkpt lat="37.770807999999995" lon="-122.419562">
      </trkpt>
      <trkpt lat="37.770761" lon="-122.418982">
      </trkpt>
      <trkpt lat="37.770807" lon="-122.41896999999999">
      </trkpt>
      <trkpt lat="37.770876" lon="-122.41895299999999">
      </trkpt>
      <trkpt lat="37.77092" lon="-122.419528">
      </trkpt>
      <trkpt lat="37.770922" lon="-122.41955399999999">
      </trkpt>
      <trkpt lat="37.770925" lon="-122.419584">
      </trkpt>
      <trkpt lat="37.770933" lon="-122.41967299999999">
      </trkpt>
      <trkpt lat="37.771015" lon="-122.419646">
      </trkpt>
      <trkpt lat="37.77118" lon="-122.41958">
      </trkpt>
      <trkpt lat="37.771339" lon="-122.419513">
      </trkpt>
      <trkpt lat="37.77151" lon="-122.41943599999999">
      </trkpt>
      <trkpt lat="37.771563" lon="-122.419411">
      </trkpt>
      <trkpt lat="37.77169" lon="-122.41935">
      </trkpt>
      <trkpt lat="37.771848" lon="-122.419271">
      </trkpt>
      <trkpt lat="37.771934" lon="-122.419226">
      </trkpt>
      <trkpt lat="37.771968" lon="-122.419208">
      </trkpt>
      <trkpt lat="37.772037" lon="-122.41916499999999">
      </trkpt>
      <trkpt lat="37.772101" lon="-122.41912699999999">
      </trkpt>
      <trkpt lat="37.772268" lon="-122.41901499999999">
      </trkpt>
      <trkpt lat="37.77232" lon="-122.41897999999999">
      </trkpt>
      <trkpt lat="37.772492" lon="-122.418865">
      </trkpt>
      <trkpt lat="37.772698999999996" lon="-122.41872699999999">
      </trkpt>
      <trkpt lat="37.77283" lon="-122.418627">
      </trkpt>
      <trkpt lat="37.772960999999995" lon="-122.418533">
      </trkpt>
      <trkpt lat="37.773176" lon="-122.418584">
      </trkpt>
      <trkpt lat="37.773055" lon="-122.418725">
      </trkpt>
      <trkpt lat="37.772974999999995" lon="-122.41882799999999">
      </trkpt>
      <trkpt lat="37.772856999999995" lon="-122.418972">
      </trkpt>
      <trkpt lat="37.772762" lon="-122.41909199999999">
      </trkpt>
      <trkpt lat="37.772647" lon="-122.419237">
      </trkpt>
      <trkpt lat="37.772424" lon="-122.41951999999999">
      </trkpt>
      <trkpt lat="37.772285" lon="-122.41970099999999">
      </trkpt>
      <trkpt lat="37.772146" lon="-122.41989199999999">
      </trkpt>
      <trkpt lat="37.772057" lon="-122.42000999999999">
      </trkpt>
      <trkpt lat="37.771907" lon="-122.42022">
      </trkpt>
      <trkpt lat="37.771867" lon="-122.42026999999999">
      </trkpt>
      <trkpt lat="37.771854999999995" lon="-122.42028499999999">
      </trkpt>
      <trkpt lat="37.771816" lon="-122.42033599999999">
      </trkpt>
      <trkpt lat="37.77176" lon="-122.42040999999999">
      </trkpt>
      <trkpt lat="37.771685999999995" lon="-122.42035299999999">
      </trkpt>
      <trkpt lat="37.771589999999996" lon="-122.420316">
      </trkpt>
      <trkpt lat="37.771376" lon="-122.42029699999999">
      </trkpt>
      <trkpt lat="37.771324" lon="-122.420293">
      </trkpt>
      <trkpt lat="37.771142" lon="-122.420279">
      </trkpt>
      <trkpt lat="37.771026" lon="-122.420266">
      </trkpt>
      <trkpt lat="37.770810999999995" lon="-122.420244">
      </trkpt>
      <trkpt lat="37.770652" lon="-122.42022499999999">
      </trkpt>
      <trkpt lat="37.770571" lon="-122.42021799999999">
      </trkpt>
      <trkpt lat="37.770464" lon="-122.420206">
      </trkpt>
      <trkpt lat="37.770419" lon="-122.42020199999999">
      </trkpt>
      <trkpt lat="37.770264999999995" lon="-122.420188">
      </trkpt>
      <trkpt lat="37.770235" lon="-122.42018499999999">
      </trkpt>
      <trkpt lat="37.770120999999996" lon="-122.420177">
      </trkpt>
      <trkpt lat="37.770007" lon="-122.420169">
      </trkpt>
      <trkpt lat="37.770002999999996" lon="-122.419967">
      </trkpt>
      <trkpt lat="37.769999999999996" lon="-122.419837">
      </trkpt>
      <trkpt lat="37.769996" lon="-122.41974099999999">
      </trkpt>
      <trkpt lat="37.769993" lon="-122.41964999999999">
      </trkpt>
      <trkpt lat="37.769991" lon="-122.419586">
      </trkpt>
      <trkpt lat="37.769981" lon="-122.41942399999999">
      </trkpt>
      <trkpt lat="37.769964" lon="-122.41926">
      </trkpt>
      <trkpt lat="37.769945" lon="-122.419091">
      </trkpt>
      <trkpt lat="37.769918" lon="-122.418911">
      </trkpt>
      <trkpt lat="37.769898" lon="-122.418786">
      </trkpt>
      <trkpt lat="37.769892999999996" lon="-122.418753">
      </trkpt>
      <trkpt lat="37.769870999999995" lon="-122.418618">
      </trkpt>
      <trkpt lat="37.769818" lon="-122.418297">
      </trkpt>
      <trkpt lat="37.769732999999995" lon="-122.418138">
      </trkpt>
      <trkpt lat="37.769659" lon="-122.418066">
      </trkpt>
      <trkpt lat="37.769639999999995" lon="-122.418049">
      </trkpt>
      <trkpt lat="37.769563" lon="-122.417994">
      </trkpt>
      <trkpt lat="37.769498" lon="-122.41795499999999">
      </trkpt>
      <trkpt lat="37.769425999999996" lon="-122.41792">
      </trkpt>
      <trkpt lat="37.769304999999996" lon="-122.41787199999999">
      </trkpt>
      <trkpt lat="37.769178" lon="-122.41788">
      </trkpt>
      <trkpt lat="37.769054" lon="-122.41788299999999">
      </trkpt>
      <trkpt lat="37.768952" lon="-122.417884">
      </trkpt>
      <trkpt lat="37.76885" lon="-122.41788199999999">
      </trkpt>
      <trkpt lat="37.768800999999996" lon="-122.417873">
      </trkpt>
      <trkpt lat="37.768730999999995" lon="-122.417842">
      </trkpt>
      <trkpt lat="37.768618" lon="-122.417835">
      </trkpt>
      <trkpt lat="37.76858" lon="-122.41783199999999">
      </trkpt>
      <trkpt lat="37.76857" lon="-122.41783099999999">
      </trkpt>
      <trkpt lat="37.768494" lon="-122.417825">
      </trkpt>
      <trkpt lat="37.768488" lon="-122.417824">
      </trkpt>
      <trkpt lat="37.768406" lon="-122.417817">
      </trkpt>
      <trkpt lat="37.768345" lon="-122.417812">
      </trkpt>
      <trkpt lat="37.768342" lon="-122.417811">
      </trkpt>
      <trkpt lat="37.767046" lon="-122.417687">
      </trkpt>
      <trkpt lat="37.766892999999996" lon="-122.417672">
      </trkpt>
      <trkpt lat="37.766884999999995" lon="-122.417671">
      </trkpt>
      <trkpt lat="37.766804" lon="-122.41766399999999">
      </trkpt>
      <trkpt lat="37.766797" lon="-122.417789">
      </trkpt>
      <trkpt lat="37.766785" lon="-122.417976">
      </trkpt>
      <trkpt lat="37.766759" lon="-122.418416">
      </trkpt>
      <trkpt lat="37.766739" lon="-122.418747">
      </trkpt>
      <trkpt lat="37.766717" lon="-122.4191">
      </trkpt>
      <trkpt lat="37.766689" lon="-122.419737">
      </trkpt>
      <trkpt lat="37.766677" lon="-122.419844">
      </trkpt>
      <trkpt lat="37.766753" lon="-122.41985199999999">
      </trkpt>
      <trkpt lat="37.767142" lon="-122.419889">
      </trkpt>
      <trkpt lat="37.767300999999996" lon="-122.419906">
      </trkpt>
      <trkpt lat="37.767693" lon="-122.419946">
      </trkpt>
      <trkpt lat="37.768042" lon="-122.41998">
      </trkpt>
      <trkpt lat="37.768207" lon="-122.41999799999999">
      </trkpt>
      <trkpt lat="37.768277" lon="-122.42000499999999">
      </trkpt>
      <trkpt lat="37.768361" lon="-122.42001499999999">
      </trkpt>
      <trkpt lat="37.768414" lon="-122.420018">
      </trkpt>
      <trkpt lat="37.768473" lon="-122.420024">
      </trkpt>
      <trkpt lat="37.768591" lon="-122.42003199999999">
      </trkpt>
      <trkpt lat="37.768929" lon="-122.42004999999999">
      </trkpt>
      <trkpt lat="37.769059" lon="-122.420059">
      </trkpt>
      <trkpt lat="37.769104" lon="-122.420062">
      </trkpt>
      <trkpt lat="37.769059" lon="-122.420059">
      </trkpt>
      <trkpt lat="37.768929" lon="-122.42004999999999">
      </trkpt>
      <trkpt lat="37.768591" lon="-122.42003199999999">
      </trkpt>
      <trkpt lat="37.768473" lon="-122.420024">
      </trkpt>
      <trkpt lat="37.768414" lon="-122.420018">
      </trkpt>
      <trkpt lat="37.768361" lon="-122.42001499999999">
      </trkpt>
      <trkpt lat="37.768277" lon="-122.42000499999999">
      </trkpt>
      <trkpt lat="37.768207" lon="-122.41999799999999">
      </trkpt>
      <trkpt lat="37.768042" lon="-122.41998">
      </trkpt>
      <trkpt lat="37.767693" lon="-122.419946">
      </trkpt>
      <trkpt lat="37.767300999999996" lon="-122.419906">
      </trkpt>
      <trkpt lat="37.767142" lon="-122.419889">
      </trkpt>
      <trkpt lat="37.766753" lon="-122.41985199999999">
      </trkpt>
      <trkpt lat="37.766677" lon="-122.419844">
      </trkpt>
      <trkpt lat="37.76667" lon="-122.419969">
      </trkpt>
      <trkpt lat="37.766633" lon="-122.420654">
      </trkpt>
      <trkpt lat="37.766613" lon="-122.421008">
      </trkpt>
      <trkpt lat="37.76661" lon="-122.42105699999999">
      </trkpt>
      <trkpt lat="37.766675" lon="-122.421064">
      </trkpt>
      <trkpt lat="37.767292999999995" lon="-122.421123">
      </trkpt>
      <trkpt lat="37.767629" lon="-122.421156">
      </trkpt>
      <trkpt lat="37.767772" lon="-122.42116899999999">
      </trkpt>
      <trkpt lat="37.768136999999996" lon="-122.42120399999999">
      </trkpt>
      <trkpt lat="37.768205" lon="-122.42120999999999">
      </trkpt>
      <trkpt lat="37.768215999999995" lon="-122.421022">
      </trkpt>
      <trkpt lat="37.768229999999996" lon="-122.420797">
      </trkpt>
      <trkpt lat="37.768254999999996" lon="-122.42036999999999">
      </trkpt>
      <trkpt lat="37.768263999999995" lon="-122.420214">
      </trkpt>
      <trkpt lat="37.768269" lon="-122.420136">
      </trkpt>
      <trkpt lat="37.768277" lon="-122.42000499999999">
      </trkpt>
      <trkpt lat="37.768284" lon="-122.419878">
      </trkpt>
      <trkpt lat="37.768321" lon="-122.419247">
      </trkpt>
      <trkpt lat="37.768254999999996" lon="-122.419241">
      </trkpt>
      <trkpt lat="37.767747" lon="-122.41919499999999">
      </trkpt>
      <trkpt lat="37.767607" lon="-122.41918199999999">
      </trkpt>
      <trkpt lat="37.767392" lon="-122.419162">
      </trkpt>
      <trkpt lat="37.767032" lon="-122.419129">
      </trkpt>
      <trkpt lat="37.766717" lon="-122.4191">
      </trkpt>
      <trkpt lat="37.766689" lon="-122.419737">
      </trkpt>
      <trkpt lat="37.766677" lon="-122.419844">
      </trkpt>
      <trkpt lat="37.76667" lon="-122.419969">
      </trkpt>
      <trkpt lat="37.766633" lon="-122.420654">
      </trkpt>
      <trkpt lat="37.766613" lon="-122.421008">
      </trkpt>
      <trkpt lat="37.76661" lon="-122.42105699999999">
      </trkpt>
      <trkpt lat="37.766604" lon="-122.42115799999999">
      </trkpt>
      <trkpt lat="37.766583" lon="-122.42152999999999">
      </trkpt>
      <trkpt lat="37.766644" lon="-122.421538">
      </trkpt>
      <trkpt lat="37.76712" lon="-122.421584">
      </trkpt>
      <trkpt lat="37.766644" lon="-122.421538">
      </trkpt>
      <trkpt lat="37.766583" lon="-122.42152999999999">
      </trkpt>
      <trkpt lat="37.766557999999996" lon="-122.42194599999999">
      </trkpt>
      <trkpt lat="37.766551" lon="-122.422067">
      </trkpt>
      <trkpt lat="37.766487" lon="-122.42205999999999">
      </trkpt>
      <trkpt lat="37.766124999999995" lon="-122.422024">
      </trkpt>
      <trkpt lat="37.766129" lon="-122.421978">
      </trkpt>
      <trkpt lat="37.766132" lon="-122.421911">
      </trkpt>
      <trkpt lat="37.766137" lon="-122.42180599999999">
      </trkpt>
      <trkpt lat="37.766132" lon="-122.421911">
      </trkpt>
      <trkpt lat="37.766129" lon="-122.421978">
      </trkpt>
      <trkpt lat="37.766124999999995" lon="-122.422024">
      </trkpt>
      <trkpt lat="37.76572" lon="-122.42198499999999">
      </trkpt>
      <trkpt lat="37.76502" lon="-122.421916">
      </trkpt>
      <trkpt lat="37.764916" lon="-122.42190599999999">
      </trkpt>
      <trkpt lat="37.764832" lon="-122.421898">
      </trkpt>
      <trkpt lat="37.76398" lon="-122.42181599999999">
      </trkpt>
      <trkpt lat="37.763394999999996" lon="-122.42175999999999">
      </trkpt>
      <trkpt lat="37.763303" lon="-122.421752">
      </trkpt>
      <trkpt lat="37.76323" lon="-122.421745">
      </trkpt>
      <trkpt lat="37.762944999999995" lon="-122.421717">
      </trkpt>
      <trkpt lat="37.762927" lon="-122.42171499999999">
      </trkpt>
      <trkpt lat="37.76257" lon="-122.42168">
      </trkpt>
      <trkpt lat="37.762515" lon="-122.421674">
      </trkpt>
      <trkpt lat="37.761891999999996" lon="-122.42161399999999">
      </trkpt>
      <trkpt lat="37.761776" lon="-122.42160299999999">
      </trkpt>
      <trkpt lat="37.761699" lon="-122.421595">
      </trkpt>
      <trkpt lat="37.761624999999995" lon="-122.421588">
      </trkpt>
      <trkpt lat="37.761534" lon="-122.421579">
      </trkpt>
      <trkpt lat="37.760757999999996" lon="-122.421504">
      </trkpt>
      <trkpt lat="37.760759" lon="-122.421459">
      </trkpt>
      <trkpt lat="37.760763" lon="-122.421398">
      </trkpt>
      <trkpt lat="37.760766" lon="-122.421351">
      </trkpt>
      <trkpt lat="37.760779" lon="-122.42113599999999">
      </trkpt>
      <trkpt lat="37.760766" lon="-122.421351">
      </trkpt>
      <trkpt lat="37.760763" lon="-122.421398">
      </trkpt>
      <trkpt lat="37.760759" lon="-122.421459">
      </trkpt>
      <trkpt lat="37.760757999999996" lon="-122.421504">
      </trkpt>
      <trkpt lat="37.760179" lon="-122.421449">
      </trkpt>
      <trkpt lat="37.760101" lon="-122.42143999999999">
      </trkpt>
      <trkpt lat="37.760104" lon="-122.421392">
      </trkpt>
      <trkpt lat="37.760107999999995" lon="-122.421329">
      </trkpt>
      <trkpt lat="37.760148" lon="-122.42066">
      </trkpt>
      <trkpt lat="37.759834" lon="-122.42062999999999">
      </trkpt>
      <trkpt lat="37.759277999999995" lon="-122.420577">
      </trkpt>
      <trkpt lat="37.758645" lon="-122.42051699999999">
      </trkpt>
      <trkpt lat="37.758551" lon="-122.420508">
      </trkpt>
      <trkpt lat="37.758590999999996" lon="-122.41984199999999">
      </trkpt>
      <trkpt lat="37.758821999999995" lon="-122.419866">
      </trkpt>
      <trkpt lat="37.760104999999996" lon="-122.420002">
      </trkpt>
      <trkpt lat="37.760197999999995" lon="-122.41999899999999">
      </trkpt>
      <trkpt lat="37.760148" lon="-122.42066">
      </trkpt>
      <trkpt lat="37.759277999999995" lon="-122.420577">
      </trkpt>
      <trkpt lat="37.758645" lon="-122.42051699999999">
      </trkpt>
      <trkpt lat="37.758551" lon="-122.420508">
      </trkpt>
      <trkpt lat="37.758283" lon="-122.420479">
      </trkpt>
      <trkpt lat="37.757048" lon="-122.420357">
      </trkpt>
      <trkpt lat="37.756954" lon="-122.42034799999999">
      </trkpt>
      <trkpt lat="37.756972999999995" lon="-122.42002099999999">
      </trkpt>
      <trkpt lat="37.756993" lon="-122.41968999999999">
      </trkpt>
      <trkpt lat="37.757584" lon="-122.41974599999999">
      </trkpt>
      <trkpt lat="37.75851" lon="-122.419834">
      </trkpt>
      <trkpt lat="37.758590999999996" lon="-122.41984199999999">
      </trkpt>
      <trkpt lat="37.758629" lon="-122.419214">
      </trkpt>
      <trkpt lat="37.758637" lon="-122.41907499999999">
      </trkpt>
      <trkpt lat="37.758565999999995" lon="-122.419068">
      </trkpt>
      <trkpt lat="37.758413999999995" lon="-122.41905399999999">
      </trkpt>
      <trkpt lat="37.758216" lon="-122.419035">
      </trkpt>
      <trkpt lat="37.757121" lon="-122.41892999999999">
      </trkpt>
      <trkpt lat="37.757044" lon="-122.41892299999999">
      </trkpt>
      <trkpt lat="37.756971" lon="-122.418916">
      </trkpt>
      <trkpt lat="37.756855" lon="-122.418904">
      </trkpt>
      <trkpt lat="37.755969" lon="-122.418819">
      </trkpt>
      <trkpt lat="37.755769" lon="-122.41880099999999">
      </trkpt>
      <trkpt lat="37.755672" lon="-122.41879">
      </trkpt>
      <trkpt lat="37.755525" lon="-122.41877699999999">
      </trkpt>
      <trkpt lat="37.755444" lon="-122.41877">
      </trkpt>
      <trkpt lat="37.755435999999996" lon="-122.418909">
      </trkpt>
      <trkpt lat="37.755379" lon="-122.41979699999999">
      </trkpt>
      <trkpt lat="37.755373999999996" lon="-122.419873">
      </trkpt>
      <trkpt lat="37.755433" lon="-122.419878">
      </trkpt>
      <trkpt lat="37.755444" lon="-122.419879">
      </trkpt>
      <trkpt lat="37.75573" lon="-122.419906">
      </trkpt>
      <trkpt lat="37.756326" lon="-122.41995999999999">
      </trkpt>
      <trkpt lat="37.756389" lon="-122.41996599999999">
      </trkpt>
      <trkpt lat="37.756513999999996" lon="-122.419978">
      </trkpt>
      <trkpt lat="37.756889" lon="-122.420013">
      </trkpt>
      <trkpt lat="37.756972999999995" lon="-122.42002099999999">
      </trkpt>
      <trkpt lat="37.756993" lon="-122.41968999999999">
      </trkpt>
      <trkpt lat="37.75851" lon="-122.419834">
      </trkpt>
      <trkpt lat="37.758590999999996" lon="-122.41984199999999">
      </trkpt>
      <trkpt lat="37.758551" lon="-122.420508">
      </trkpt>
      <trkpt lat="37.758283" lon="-122.420479">
      </trkpt>
      <trkpt lat="37.75749" lon="-122.420401">
      </trkpt>
      <trkpt lat="37.757048" lon="-122.420357">
      </trkpt>
      <trkpt lat="37.756954" lon="-122.42034799999999">
      </trkpt>
      <trkpt lat="37.756972999999995" lon="-122.42002099999999">
      </trkpt>
      <trkpt lat="37.756993" lon="-122.41968999999999">
      </trkpt>
      <trkpt lat="37.75851" lon="-122.419834">
      </trkpt>
      <trkpt lat="37.758590999999996" lon="-122.41984199999999">
      </trkpt>
      <trkpt lat="37.758565" lon="-122.42026899999999">
      </trkpt>
      <trkpt lat="37.758590999999996" lon="-122.41984199999999">
      </trkpt>
      <trkpt lat="37.760104999999996" lon="-122.420002">
      </trkpt>
      <trkpt lat="37.760197999999995" lon="-122.41999899999999">
      </trkpt>
      <trkpt lat="37.760148" lon="-122.42066">
      </trkpt>
      <trkpt lat="37.759858" lon="-122.420632">
      </trkpt>
      <trkpt lat="37.759277999999995" lon="-122.420577">
      </trkpt>
      <trkpt lat="37.758645" lon="-122.42051699999999">
      </trkpt>
      <trkpt lat="37.758551" lon="-122.420508">
      </trkpt>
      <trkpt lat="37.75851" lon="-122.42117499999999">
      </trkpt>
      <trkpt lat="37.758507" lon="-122.421233">
      </trkpt>
      <trkpt lat="37.758503999999995" lon="-122.421285">
      </trkpt>
      <trkpt lat="37.758573999999996" lon="-122.421291">
      </trkpt>
      <trkpt lat="37.759378999999996" lon="-122.42137">
      </trkpt>
      <trkpt lat="37.760041" lon="-122.42143399999999">
      </trkpt>
      <trkpt lat="37.760101" lon="-122.42143999999999">
      </trkpt>
      <trkpt lat="37.760179" lon="-122.421449">
      </trkpt>
      <trkpt lat="37.760757999999996" lon="-122.421504">
      </trkpt>
      <trkpt lat="37.760759" lon="-122.421459">
      </trkpt>
      <trkpt lat="37.760763" lon="-122.421398">
      </trkpt>
      <trkpt lat="37.760766" lon="-122.421351">
      </trkpt>
      <trkpt lat="37.760779" lon="-122.42113599999999">
      </trkpt>
      <trkpt lat="37.760766" lon="-122.421351">
      </trkpt>
      <trkpt lat="37.760763" lon="-122.421398">
      </trkpt>
      <trkpt lat="37.760759" lon="-122.421459">
      </trkpt>
      <trkpt lat="37.760757999999996" lon="-122.421504">
      </trkpt>
      <trkpt lat="37.761534" lon="-122.421579">
      </trkpt>
      <trkpt lat="37.761624999999995" lon="-122.421588">
      </trkpt>
      <trkpt lat="37.761699" lon="-122.421595">
      </trkpt>
      <trkpt lat="37.761702" lon="-122.421551">
      </trkpt>
      <trkpt lat="37.761707" lon="-122.421481">
      </trkpt>
      <trkpt lat="37.761702" lon="-122.421551">
      </trkpt>
      <trkpt lat="37.761699" lon="-122.421595">
      </trkpt>
      <trkpt lat="37.761776" lon="-122.42160299999999">
      </trkpt>
      <trkpt lat="37.762515" lon="-122.421674">
      </trkpt>
      <trkpt lat="37.76257" lon="-122.42168">
      </trkpt>
      <trkpt lat="37.762927" lon="-122.42171499999999">
      </trkpt>
      <trkpt lat="37.76323" lon="-122.421745">
      </trkpt>
      <trkpt lat="37.763303" lon="-122.421752">
      </trkpt>
      <trkpt lat="37.763394999999996" lon="-122.42175999999999">
      </trkpt>
      <trkpt lat="37.76419" lon="-122.421836">
      </trkpt>
      <trkpt lat="37.764832" lon="-122.421898">
      </trkpt>
      <trkpt lat="37.764916" lon="-122.42190599999999">
      </trkpt>
      <trkpt lat="37.76502" lon="-122.421916">
      </trkpt>
      <trkpt lat="37.765451999999996" lon="-122.421959">
      </trkpt>
      <trkpt lat="37.76572" lon="-122.42198499999999">
      </trkpt>
      <trkpt lat="37.765722" lon="-122.421939">
      </trkpt>
      <trkpt lat="37.765726" lon="-122.42187799999999">
      </trkpt>
      <trkpt lat="37.76575" lon="-122.42146699999999">
      </trkpt>
      <trkpt lat="37.766517" lon="-122.421527">
      </trkpt>
      <trkpt lat="37.766583" lon="-122.42152999999999">
      </trkpt>
      <trkpt lat="37.76657" lon="-122.421745">
      </trkpt>
      <trkpt lat="37.766557999999996" lon="-122.42194599999999">
      </trkpt>
      <trkpt lat="37.766551" lon="-122.422067">
      </trkpt>
      <trkpt lat="37.766619" lon="-122.422074">
      </trkpt>
      <trkpt lat="37.766807" lon="-122.422094">
      </trkpt>
      <trkpt lat="37.767468" lon="-122.422156">
      </trkpt>
      <trkpt lat="37.767838999999995" lon="-122.422192">
      </trkpt>
      <trkpt lat="37.76807" lon="-122.422215">
      </trkpt>
      <trkpt lat="37.768145" lon="-122.42222199999999">
      </trkpt>
      <trkpt lat="37.768153" lon="-122.422089">
      </trkpt>
      <trkpt lat="37.768156999999995" lon="-122.422021">
      </trkpt>
      <trkpt lat="37.768195" lon="-122.42138399999999">
      </trkpt>
      <trkpt lat="37.768205" lon="-122.42120999999999">
      </trkpt>
      <trkpt lat="37.768136999999996" lon="-122.42120399999999">
      </trkpt>
      <trkpt lat="37.767927" lon="-122.421184">
      </trkpt>
      <trkpt lat="37.768136999999996" lon="-122.42120399999999">
      </trkpt>
      <trkpt lat="37.768205" lon="-122.42120999999999">
      </trkpt>
      <trkpt lat="37.768229999999996" lon="-122.420797">
      </trkpt>
      <trkpt lat="37.768305999999995" lon="-122.42080399999999">
      </trkpt>
      <trkpt lat="37.768857" lon="-122.420853">
      </trkpt>
      <trkpt lat="37.769978" lon="-122.420953">
      </trkpt>
      <trkpt lat="37.769994" lon="-122.420777">
      </trkpt>
      <trkpt lat="37.770002" lon="-122.420627">
      </trkpt>
      <trkpt lat="37.770011" lon="-122.42043899999999">
      </trkpt>
      <trkpt lat="37.770009" lon="-122.420356">
      </trkpt>
      <trkpt lat="37.770009" lon="-122.420305">
      </trkpt>
      <trkpt lat="37.770007" lon="-122.420169">
      </trkpt>
      <trkpt lat="37.770002999999996" lon="-122.419967">
      </trkpt>
      <trkpt lat="37.769999999999996" lon="-122.419837">
      </trkpt>
      <trkpt lat="37.769997" lon="-122.419764">
      </trkpt>
      <trkpt lat="37.769996" lon="-122.41974099999999">
      </trkpt>
      <trkpt lat="37.769991" lon="-122.419586">
      </trkpt>
      <trkpt lat="37.769981" lon="-122.41942399999999">
      </trkpt>
      <trkpt lat="37.769964" lon="-122.41926">
      </trkpt>
      <trkpt lat="37.769945" lon="-122.419091">
      </trkpt>
      <trkpt lat="37.769918" lon="-122.418911">
      </trkpt>
      <trkpt lat="37.769898" lon="-122.418786">
      </trkpt>
      <trkpt lat="37.769892999999996" lon="-122.418753">
      </trkpt>
      <trkpt lat="37.769870999999995" lon="-122.418618">
      </trkpt>
      <trkpt lat="37.769818" lon="-122.418297">
      </trkpt>
      <trkpt lat="37.769732999999995" lon="-122.418138">
      </trkpt>
      <trkpt lat="37.769659" lon="-122.418066">
      </trkpt>
      <trkpt lat="37.769639999999995" lon="-122.418049">
      </trkpt>
      <trkpt lat="37.769563" lon="-122.417994">
      </trkpt>
      <trkpt lat="37.769498" lon="-122.41795499999999">
      </trkpt>
      <trkpt lat="37.769425999999996" lon="-122.41792">
      </trkpt>
      <trkpt lat="37.769304999999996" lon="-122.41787199999999">
      </trkpt>
      <trkpt lat="37.769178" lon="-122.41788">
      </trkpt>
      <trkpt lat="37.769054" lon="-122.41788299999999">
      </trkpt>
      <trkpt lat="37.768952" lon="-122.417884">
      </trkpt>
      <trkpt lat="37.76885" lon="-122.41788199999999">
      </trkpt>
      <trkpt lat="37.768800999999996" lon="-122.417873">
      </trkpt>
      <trkpt lat="37.768730999999995" lon="-122.417842">
      </trkpt>
      <trkpt lat="37.768618" lon="-122.417835">
      </trkpt>
      <trkpt lat="37.76858" lon="-122.41783199999999">
      </trkpt>
      <trkpt lat="37.76857" lon="-122.41783099999999">
      </trkpt>
      <trkpt lat="37.768494" lon="-122.417825">
      </trkpt>
      <trkpt lat="37.768488" lon="-122.417824">
      </trkpt>
      <trkpt lat="37.768406" lon="-122.417817">
      </trkpt>
      <trkpt lat="37.768345" lon="-122.417812">
      </trkpt>
      <trkpt lat="37.768342" lon="-122.417811">
      </trkpt>
      <trkpt lat="37.767046" lon="-122.417687">
      </trkpt>
      <trkpt lat="37.766892999999996" lon="-122.417672">
      </trkpt>
      <trkpt lat="37.766884999999995" lon="-122.417671">
      </trkpt>
      <trkpt lat="37.766804" lon="-122.41766399999999">
      </trkpt>
      <trkpt lat="37.766797" lon="-122.417789">
      </trkpt>
      <trkpt lat="37.766785" lon="-122.417976">
      </trkpt>
      <trkpt lat="37.766759" lon="-122.418416">
      </trkpt>
      <trkpt lat="37.766739" lon="-122.418747">
      </trkpt>
      <trkpt lat="37.766717" lon="-122.4191">
      </trkpt>
      <trkpt lat="37.766689" lon="-122.419737">
      </trkpt>
      <trkpt lat="37.766677" lon="-122.419844">
      </trkpt>
      <trkpt lat="37.766753" lon="-122.41985199999999">
      </trkpt>
      <trkpt lat="37.767142" lon="-122.419889">
      </trkpt>
      <trkpt lat="37.767300999999996" lon="-122.419906">
      </trkpt>
      <trkpt lat="37.767693" lon="-122.419946">
      </trkpt>
      <trkpt lat="37.768042" lon="-122.41998">
      </trkpt>
      <trkpt lat="37.768207" lon="-122.41999799999999">
      </trkpt>
      <trkpt lat="37.768277" lon="-122.42000499999999">
      </trkpt>
      <trkpt lat="37.768361" lon="-122.42001499999999">
      </trkpt>
      <trkpt lat="37.768414" lon="-122.420018">
      </trkpt>
      <trkpt lat="37.768473" lon="-122.420024">
      </trkpt>
      <trkpt lat="37.768591" lon="-122.42003199999999">
      </trkpt>
      <trkpt lat="37.768929" lon="-122.42004999999999">
      </trkpt>
      <trkpt lat="37.769059" lon="-122.420059">
      </trkpt>
      <trkpt lat="37.769179" lon="-122.42006599999999">
      </trkpt>
      <trkpt lat="37.769441" lon="-122.420082">
      </trkpt>
      <trkpt lat="37.769543999999996" lon="-122.42002099999999">
      </trkpt>
      <trkpt lat="37.769591" lon="-122.420018">
      </trkpt>
      <trkpt lat="37.769661" lon="-122.420014">
      </trkpt>
      <trkpt lat="37.769788" lon="-122.420002">
      </trkpt>
      <trkpt lat="37.769898999999995" lon="-122.41998799999999">
      </trkpt>
      <trkpt lat="37.769918" lon="-122.419986">
      </trkpt>
      <trkpt lat="37.770002999999996" lon="-122.419967">
      </trkpt>
      <trkpt lat="37.770114" lon="-122.41994199999999">
      </trkpt>
      <trkpt lat="37.770202" lon="-122.41991999999999">
      </trkpt>
      <trkpt lat="37.770282" lon="-122.41989699999999">
      </trkpt>
      <trkpt lat="37.77039" lon="-122.419868">
      </trkpt>
      <trkpt lat="37.770421" lon="-122.419857">
      </trkpt>
      <trkpt lat="37.770517999999996" lon="-122.41981899999999">
      </trkpt>
      <trkpt lat="37.770638" lon="-122.419772">
      </trkpt>
      <trkpt lat="37.770826" lon="-122.41971099999999">
      </trkpt>
      <trkpt lat="37.770814" lon="-122.419618">
      </trkpt>
      <trkpt lat="37.77081" lon="-122.41959">
      </trkpt>
      <trkpt lat="37.770807999999995" lon="-122.419562">
      </trkpt>
      <trkpt lat="37.770783" lon="-122.41925599999999">
      </trkpt>
      <trkpt lat="37.770761" lon="-122.418982">
      </trkpt>
      <trkpt lat="37.770876" lon="-122.41895299999999">
      </trkpt>
      <trkpt lat="37.77092" lon="-122.419528">
      </trkpt>
      <trkpt lat="37.770922" lon="-122.41955399999999">
      </trkpt>
      <trkpt lat="37.770925" lon="-122.419584">
      </trkpt>
      <trkpt lat="37.770933" lon="-122.41967299999999">
      </trkpt>
      <trkpt lat="37.771015" lon="-122.419646">
      </trkpt>
      <trkpt lat="37.77118" lon="-122.41958">
      </trkpt>
      <trkpt lat="37.771339" lon="-122.419513">
      </trkpt>
      <trkpt lat="37.77151" lon="-122.41943599999999">
      </trkpt>
      <trkpt lat="37.771563" lon="-122.419411">
      </trkpt>
      <trkpt lat="37.77169" lon="-122.41935">
      </trkpt>
      <trkpt lat="37.771848" lon="-122.419271">
      </trkpt>
      <trkpt lat="37.771934" lon="-122.419226">
      </trkpt>
      <trkpt lat="37.771968" lon="-122.419208">
      </trkpt>
      <trkpt lat="37.772037" lon="-122.41916499999999">
      </trkpt>
      <trkpt lat="37.772101" lon="-122.41912699999999">
      </trkpt>
      <trkpt lat="37.772268" lon="-122.41901499999999">
      </trkpt>
      <trkpt lat="37.77232" lon="-122.41897999999999">
      </trkpt>
      <trkpt lat="37.772492" lon="-122.418865">
      </trkpt>
      <trkpt lat="37.772509" lon="-122.418765">
      </trkpt>
      <trkpt lat="37.772507" lon="-122.418752">
      </trkpt>
      <trkpt lat="37.772492" lon="-122.41867699999999">
      </trkpt>
      <trkpt lat="37.772459" lon="-122.41859">
      </trkpt>
      <trkpt lat="37.772399" lon="-122.418498">
      </trkpt>
      <trkpt lat="37.772238" lon="-122.41844999999999">
      </trkpt>
      <trkpt lat="37.771238" lon="-122.418146">
      </trkpt>
      <trkpt lat="37.771245" lon="-122.418264">
      </trkpt>
      <trkpt lat="37.771246999999995" lon="-122.41828799999999">
      </trkpt>
      <trkpt lat="37.771249" lon="-122.418319">
      </trkpt>
      <trkpt lat="37.771293" lon="-122.418797">
      </trkpt>
      <trkpt lat="37.771249" lon="-122.418319">
      </trkpt>
      <trkpt lat="37.771246999999995" lon="-122.41828799999999">
      </trkpt>
      <trkpt lat="37.771245" lon="-122.418264">
      </trkpt>
      <trkpt lat="37.771238" lon="-122.418146">
      </trkpt>
      <trkpt lat="37.771023" lon="-122.41807999999999">
      </trkpt>
      <trkpt lat="37.770900999999995" lon="-122.418033">
      </trkpt>
      <trkpt lat="37.770702" lon="-122.417948">
      </trkpt>
      <trkpt lat="37.7706" lon="-122.41788">
      </trkpt>
      <trkpt lat="37.770512" lon="-122.41780299999999">
      </trkpt>
      <trkpt lat="37.770437" lon="-122.417751">
      </trkpt>
      <trkpt lat="37.770385999999995" lon="-122.417729">
      </trkpt>
      <trkpt lat="37.770308" lon="-122.417721">
      </trkpt>
      <trkpt lat="37.770224" lon="-122.417733">
      </trkpt>
      <trkpt lat="37.770204" lon="-122.41773699999999">
      </trkpt>
      <trkpt lat="37.770108" lon="-122.417839">
      </trkpt>
      <trkpt lat="37.770042" lon="-122.417902">
      </trkpt>
      <trkpt lat="37.770022" lon="-122.417937">
      </trkpt>
      <trkpt lat="37.769959" lon="-122.41804599999999">
      </trkpt>
      <trkpt lat="37.76992" lon="-122.418149">
      </trkpt>
      <trkpt lat="37.770026" lon="-122.418886">
      </trkpt>
      <trkpt lat="37.770052" lon="-122.419067">
      </trkpt>
      <trkpt lat="37.770073" lon="-122.419241">
      </trkpt>
      <trkpt lat="37.770089" lon="-122.41941299999999">
      </trkpt>
      <trkpt lat="37.770098999999995" lon="-122.41958">
      </trkpt>
      <trkpt lat="37.770106999999996" lon="-122.419789">
      </trkpt>
      <trkpt lat="37.770108" lon="-122.419823">
      </trkpt>
      <trkpt lat="37.770114" lon="-122.41994199999999">
      </trkpt>
      <trkpt lat="37.770120999999996" lon="-122.420177">
      </trkpt>
      <trkpt lat="37.770119" lon="-122.420301">
      </trkpt>
      <trkpt lat="37.770106" lon="-122.42048299999999">
      </trkpt>
      <trkpt lat="37.770041" lon="-122.42103999999999">
      </trkpt>
      <trkpt lat="37.769988999999995" lon="-122.421134">
      </trkpt>
      <trkpt lat="37.76997" lon="-122.421253">
      </trkpt>
      <trkpt lat="37.769953" lon="-122.421369">
      </trkpt>
      <trkpt lat="37.769937" lon="-122.421488">
      </trkpt>
      <trkpt lat="37.769923999999996" lon="-122.421602">
      </trkpt>
      <trkpt lat="37.769918" lon="-122.421729">
      </trkpt>
      <trkpt lat="37.769886" lon="-122.422264">
      </trkpt>
      <trkpt lat="37.769878" lon="-122.422387">
      </trkpt>
      <trkpt lat="37.769973" lon="-122.422398">
      </trkpt>
      <trkpt lat="37.770261999999995" lon="-122.422427">
      </trkpt>
      <trkpt lat="37.771027" lon="-122.422496">
      </trkpt>
      <trkpt lat="37.771238" lon="-122.42251499999999">
      </trkpt>
      <trkpt lat="37.771409" lon="-122.42253">
      </trkpt>
      <trkpt lat="37.771437" lon="-122.42253199999999">
      </trkpt>
      <trkpt lat="37.771488999999995" lon="-122.42253799999999">
      </trkpt>
      <trkpt lat="37.771595999999995" lon="-122.422551">
      </trkpt>
      <trkpt lat="37.771704" lon="-122.42256599999999">
      </trkpt>
      <trkpt lat="37.771875" lon="-122.422581">
      </trkpt>
      <trkpt lat="37.772064" lon="-122.422598">
      </trkpt>
      <trkpt lat="37.77222" lon="-122.422613">
      </trkpt>
      <trkpt lat="37.772307999999995" lon="-122.422624">
      </trkpt>
      <trkpt lat="37.772397999999995" lon="-122.422636">
      </trkpt>
      <trkpt lat="37.772515999999996" lon="-122.42245299999999">
      </trkpt>
      <trkpt lat="37.772773" lon="-122.42212699999999">
      </trkpt>
      <trkpt lat="37.772898999999995" lon="-122.421966">
      </trkpt>
      <trkpt lat="37.772962" lon="-122.42191899999999">
      </trkpt>
      <trkpt lat="37.773011" lon="-122.421886">
      </trkpt>
      <trkpt lat="37.773033999999996" lon="-122.421872">
      </trkpt>
      <trkpt lat="37.773089999999996" lon="-122.421802">
      </trkpt>
      <trkpt lat="37.773533" lon="-122.42124299999999">
      </trkpt>
      <trkpt lat="37.773936" lon="-122.420723">
      </trkpt>
      <trkpt lat="37.773998999999996" lon="-122.420644">
      </trkpt>
      <trkpt lat="37.774108999999996" lon="-122.42050499999999">
      </trkpt>
      <trkpt lat="37.774339" lon="-122.420238">
      </trkpt>
      <trkpt lat="37.774266" lon="-122.420147">
      </trkpt>
      <trkpt lat="37.773904" lon="-122.41968999999999">
      </trkpt>
      <trkpt lat="37.773892" lon="-122.419676">
      </trkpt>
      <trkpt lat="37.773533" lon="-122.41922">
      </trkpt>
      <trkpt lat="37.773503" lon="-122.419106">
      </trkpt>
      <trkpt lat="37.773502" lon="-122.418971">
      </trkpt>
      <trkpt lat="37.773517999999996" lon="-122.41889099999999">
      </trkpt>
      <trkpt lat="37.773167" lon="-122.418776">
      </trkpt>
      <trkpt lat="37.773055" lon="-122.418725">
      </trkpt>
      <trkpt lat="37.77283" lon="-122.418627">
      </trkpt>
      <trkpt lat="37.772731" lon="-122.41859699999999">
      </trkpt>
      <trkpt lat="37.772461" lon="-122.418516">
      </trkpt>
      <trkpt lat="37.772399" lon="-122.418498">
      </trkpt>
      <trkpt lat="37.772238" lon="-122.41844999999999">
      </trkpt>
      <trkpt lat="37.772253" lon="-122.41832">
      </trkpt>
      <trkpt lat="37.772856" lon="-122.418503">
      </trkpt>
      <trkpt lat="37.772960999999995" lon="-122.418533">
      </trkpt>
      <trkpt lat="37.773074" lon="-122.418431">
      </trkpt>
      <trkpt lat="37.773192" lon="-122.41832799999999">
      </trkpt>
      <trkpt lat="37.773301" lon="-122.41825399999999">
      </trkpt>
      <trkpt lat="37.773379" lon="-122.418216">
      </trkpt>
      <trkpt lat="37.77348" lon="-122.41811399999999">
      </trkpt>
      <trkpt lat="37.773508" lon="-122.41808499999999">
      </trkpt>
      <trkpt lat="37.773775" lon="-122.417818">
      </trkpt>
      <trkpt lat="37.773885" lon="-122.417694">
      </trkpt>
      <trkpt lat="37.773967" lon="-122.417587">
      </trkpt>
      <trkpt lat="37.774052999999995" lon="-122.417476">
      </trkpt>
      <trkpt lat="37.774131" lon="-122.41738099999999">
      </trkpt>
      <trkpt lat="37.773993999999995" lon="-122.41720099999999">
      </trkpt>
      <trkpt lat="37.773976" lon="-122.417177">
      </trkpt>
      <trkpt lat="37.774052999999995" lon="-122.41708999999999">
      </trkpt>
      <trkpt lat="37.774094999999996" lon="-122.41704299999999">
      </trkpt>
      <trkpt lat="37.774181" lon="-122.41694299999999">
      </trkpt>
      <trkpt lat="37.774331" lon="-122.41713399999999">
      </trkpt>
      <trkpt lat="37.774546" lon="-122.417403">
      </trkpt>
      <trkpt lat="37.774577" lon="-122.417442">
      </trkpt>
      <trkpt lat="37.774615" lon="-122.41748899999999">
      </trkpt>
      <trkpt lat="37.774756" lon="-122.417666">
      </trkpt>
      <trkpt lat="37.774901" lon="-122.417847">
      </trkpt>
      <trkpt lat="37.774947" lon="-122.41790599999999">
      </trkpt>
      <trkpt lat="37.775148" lon="-122.41815799999999">
      </trkpt>
      <trkpt lat="37.77522" lon="-122.41824799999999">
      </trkpt>
      <trkpt lat="37.775256999999996" lon="-122.418295">
      </trkpt>
      <trkpt lat="37.775301" lon="-122.418351">
      </trkpt>
      <trkpt lat="37.775377999999996" lon="-122.418447">
      </trkpt>
      <trkpt lat="37.775438" lon="-122.418526">
      </trkpt>
      <trkpt lat="37.775484" lon="-122.41858599999999">
      </trkpt>
      <trkpt lat="37.775507" lon="-122.418617">
      </trkpt>
      <trkpt lat="37.775549999999996" lon="-122.418675">
      </trkpt>
      <trkpt lat="37.775604" lon="-122.4186">
      </trkpt>
      <trkpt lat="37.77572" lon="-122.41844499999999">
      </trkpt>
      <trkpt lat="37.775819" lon="-122.41832">
      </trkpt>
      <trkpt lat="37.776185" lon="-122.417856">
      </trkpt>
      <trkpt lat="37.776207" lon="-122.417828">
      </trkpt>
      <trkpt lat="37.776227" lon="-122.417802">
      </trkpt>
      <trkpt lat="37.776364" lon="-122.41762899999999">
      </trkpt>
      <trkpt lat="37.776509" lon="-122.417447">
      </trkpt>
      <trkpt lat="37.776557" lon="-122.41738699999999">
      </trkpt>
      <trkpt lat="37.776573" lon="-122.41741599999999">
      </trkpt>
      <trkpt lat="37.776585" lon="-122.41744399999999">
      </trkpt>
      <trkpt lat="37.776593" lon="-122.417463">
      </trkpt>
      <trkpt lat="37.776599999999995" lon="-122.41748">
      </trkpt>
      <trkpt lat="37.776619" lon="-122.41752699999999">
      </trkpt>
      <trkpt lat="37.776582" lon="-122.41757399999999">
      </trkpt>
      <trkpt lat="37.776543" lon="-122.41762">
      </trkpt>
      <trkpt lat="37.776447999999995" lon="-122.41774199999999">
      </trkpt>
      <trkpt lat="37.776368999999995" lon="-122.41784399999999">
      </trkpt>
      <trkpt lat="37.776316" lon="-122.417913">
      </trkpt>
      <trkpt lat="37.776215" lon="-122.418042">
      </trkpt>
      <trkpt lat="37.775706" lon="-122.418695">
      </trkpt>
      <trkpt lat="37.775467" lon="-122.41899799999999">
      </trkpt>
      <trkpt lat="37.775424" lon="-122.41905399999999">
      </trkpt>
      <trkpt lat="37.775396" lon="-122.41909">
      </trkpt>
      <trkpt lat="37.775316" lon="-122.419192">
      </trkpt>
      <trkpt lat="37.775408" lon="-122.419214">
      </trkpt>
      <trkpt lat="37.775566999999995" lon="-122.41924999999999">
      </trkpt>
      <trkpt lat="37.775714" lon="-122.41927799999999">
      </trkpt>
      <trkpt lat="37.775963999999995" lon="-122.41934099999999">
      </trkpt>
      <trkpt lat="37.776306999999996" lon="-122.41941">
      </trkpt>
      <trkpt lat="37.776388" lon="-122.41942499999999">
      </trkpt>
      <trkpt lat="37.776398" lon="-122.419338">
      </trkpt>
      <trkpt lat="37.776477" lon="-122.41871499999999">
      </trkpt>
      <trkpt lat="37.776536" lon="-122.418235">
      </trkpt>
      <trkpt lat="37.776564" lon="-122.418005">
      </trkpt>
      <trkpt lat="37.776573" lon="-122.41788199999999">
      </trkpt>
      <trkpt lat="37.776571" lon="-122.417846">
      </trkpt>
      <trkpt lat="37.776541" lon="-122.417856">
      </trkpt>
      <trkpt lat="37.77652" lon="-122.41783199999999">
      </trkpt>
      <trkpt lat="37.776447999999995" lon="-122.41774199999999">
      </trkpt>
      <trkpt lat="37.776421" lon="-122.417706">
      </trkpt>
      <trkpt lat="37.77641" lon="-122.41769099999999">
      </trkpt>
      <trkpt lat="37.776399" lon="-122.417677">
      </trkpt>
      <trkpt lat="37.776364" lon="-122.41762899999999">
      </trkpt>
      <trkpt lat="37.776509" lon="-122.417447">
      </trkpt>
      <trkpt lat="37.776557" lon="-122.41738699999999">
      </trkpt>
      <trkpt lat="37.776573" lon="-122.41741599999999">
      </trkpt>
      <trkpt lat="37.776585" lon="-122.41744399999999">
      </trkpt>
      <trkpt lat="37.776593" lon="-122.417463">
      </trkpt>
      <trkpt lat="37.776599999999995" lon="-122.41748">
      </trkpt>
      <trkpt lat="37.776619" lon="-122.41752699999999">
      </trkpt>
      <trkpt lat="37.776671" lon="-122.417644">
      </trkpt>
      <trkpt lat="37.776678" lon="-122.41765699999999">
      </trkpt>
      <trkpt lat="37.776737" lon="-122.417757">
      </trkpt>
      <trkpt lat="37.776764" lon="-122.417796">
      </trkpt>
      <trkpt lat="37.776787999999996" lon="-122.41783299999999">
      </trkpt>
      <trkpt lat="37.776834" lon="-122.417867">
      </trkpt>
      <trkpt lat="37.776880999999996" lon="-122.417874">
      </trkpt>
      <trkpt lat="37.777024999999995" lon="-122.417898">
      </trkpt>
      <trkpt lat="37.777038999999995" lon="-122.417896">
      </trkpt>
      <trkpt lat="37.777069999999995" lon="-122.417886">
      </trkpt>
      <trkpt lat="37.777178" lon="-122.417908">
      </trkpt>
      <trkpt lat="37.777194" lon="-122.41792">
      </trkpt>
      <trkpt lat="37.777206" lon="-122.41792699999999">
      </trkpt>
      <trkpt lat="37.777226999999996" lon="-122.41794">
      </trkpt>
      <trkpt lat="37.777274" lon="-122.41794999999999">
      </trkpt>
      <trkpt lat="37.777446999999995" lon="-122.417986">
      </trkpt>
      <trkpt lat="37.777466" lon="-122.41798899999999">
      </trkpt>
      <trkpt lat="37.777525" lon="-122.41800099999999">
      </trkpt>
      <trkpt lat="37.777605" lon="-122.418015">
      </trkpt>
      <trkpt lat="37.777633" lon="-122.418022">
      </trkpt>
      <trkpt lat="37.777657" lon="-122.418025">
      </trkpt>
      <trkpt lat="37.778362" lon="-122.418167">
      </trkpt>
      <trkpt lat="37.778388" lon="-122.418172">
      </trkpt>
      <trkpt lat="37.77849" lon="-122.41825399999999">
      </trkpt>
      <trkpt lat="37.778371" lon="-122.418301">
      </trkpt>
      <trkpt lat="37.778349" lon="-122.418302">
      </trkpt>
      <trkpt lat="37.778327999999995" lon="-122.418303">
      </trkpt>
      <trkpt lat="37.777964" lon="-122.418233">
      </trkpt>
      <trkpt lat="37.777736999999995" lon="-122.41819">
      </trkpt>
      <trkpt lat="37.777594" lon="-122.41816299999999">
      </trkpt>
      <trkpt lat="37.777587" lon="-122.41816299999999">
      </trkpt>
      <trkpt lat="37.777563" lon="-122.41816299999999">
      </trkpt>
      <trkpt lat="37.777542" lon="-122.41815899999999">
      </trkpt>
      <trkpt lat="37.777505" lon="-122.41815199999999">
      </trkpt>
      <trkpt lat="37.777453" lon="-122.41814199999999">
      </trkpt>
      <trkpt lat="37.777426999999996" lon="-122.418128">
      </trkpt>
      <trkpt lat="37.777401" lon="-122.418123">
      </trkpt>
      <trkpt lat="37.776843" lon="-122.418014">
      </trkpt>
      <trkpt lat="37.776804" lon="-122.41800099999999">
      </trkpt>
      <trkpt lat="37.776764" lon="-122.41797799999999">
      </trkpt>
      <trkpt lat="37.77674" lon="-122.417949">
      </trkpt>
      <trkpt lat="37.776669999999996" lon="-122.41782099999999">
      </trkpt>
      <trkpt lat="37.776658" lon="-122.417818">
      </trkpt>
      <trkpt lat="37.776635999999996" lon="-122.417823">
      </trkpt>
      <trkpt lat="37.77661" lon="-122.41783">
      </trkpt>
      <trkpt lat="37.776571" lon="-122.417846">
      </trkpt>
      <trkpt lat="37.776541" lon="-122.417856">
      </trkpt>
      <trkpt lat="37.77652" lon="-122.41783199999999">
      </trkpt>
      <trkpt lat="37.776447999999995" lon="-122.41774199999999">
      </trkpt>
      <trkpt lat="37.776421" lon="-122.417706">
      </trkpt>
      <trkpt lat="37.77641" lon="-122.41769099999999">
      </trkpt>
      <trkpt lat="37.776399" lon="-122.417677">
      </trkpt>
      <trkpt lat="37.776364" lon="-122.41762899999999">
      </trkpt>
      <trkpt lat="37.776509" lon="-122.417447">
      </trkpt>
      <trkpt lat="37.776557" lon="-122.41738699999999">
      </trkpt>
      <trkpt lat="37.776573" lon="-122.41741599999999">
      </trkpt>
      <trkpt lat="37.776585" lon="-122.41744399999999">
      </trkpt>
      <trkpt lat="37.776593" lon="-122.417463">
      </trkpt>
      <trkpt lat="37.776599999999995" lon="-122.41748">
      </trkpt>
      <trkpt lat="37.776619" lon="-122.41752699999999">
      </trkpt>
      <trkpt lat="37.776671" lon="-122.417644">
      </trkpt>
      <trkpt lat="37.776678" lon="-122.41765699999999">
      </trkpt>
      <trkpt lat="37.776737" lon="-122.417757">
      </trkpt>
      <trkpt lat="37.776764" lon="-122.417796">
      </trkpt>
      <trkpt lat="37.776787999999996" lon="-122.41783299999999">
      </trkpt>
      <trkpt lat="37.776834" lon="-122.417867">
      </trkpt>
      <trkpt lat="37.776880999999996" lon="-122.417874">
      </trkpt>
      <trkpt lat="37.777024999999995" lon="-122.417898">
      </trkpt>
      <trkpt lat="37.777038999999995" lon="-122.417896">
      </trkpt>
      <trkpt lat="37.777069999999995" lon="-122.417886">
      </trkpt>
      <trkpt lat="37.777178" lon="-122.417908">
      </trkpt>
      <trkpt lat="37.777194" lon="-122.41792">
      </trkpt>
      <trkpt lat="37.777206" lon="-122.41792699999999">
      </trkpt>
      <trkpt lat="37.777226999999996" lon="-122.41794">
      </trkpt>
      <trkpt lat="37.777274" lon="-122.41794999999999">
      </trkpt>
      <trkpt lat="37.777446999999995" lon="-122.417986">
      </trkpt>
      <trkpt lat="37.777466" lon="-122.41798899999999">
      </trkpt>
      <trkpt lat="37.777525" lon="-122.41800099999999">
      </trkpt>
      <trkpt lat="37.777605" lon="-122.418015">
      </trkpt>
      <trkpt lat="37.777633" lon="-122.418022">
      </trkpt>
      <trkpt lat="37.777657" lon="-122.418025">
      </trkpt>
      <trkpt lat="37.778362" lon="-122.418167">
      </trkpt>
      <trkpt lat="37.778388" lon="-122.418172">
      </trkpt>
      <trkpt lat="37.77849" lon="-122.41825399999999">
      </trkpt>
      <trkpt lat="37.778618" lon="-122.418278">
      </trkpt>
      <trkpt lat="37.778787" lon="-122.41831099999999">
      </trkpt>
      <trkpt lat="37.779252" lon="-122.41840099999999">
      </trkpt>
      <trkpt lat="37.779388" lon="-122.418426">
      </trkpt>
      <trkpt lat="37.779506" lon="-122.41844999999999">
      </trkpt>
      <trkpt lat="37.779768" lon="-122.418503">
      </trkpt>
      <trkpt lat="37.779785" lon="-122.418506">
      </trkpt>
      <trkpt lat="37.780063999999996" lon="-122.41856299999999">
      </trkpt>
      <trkpt lat="37.780139999999996" lon="-122.418578">
      </trkpt>
      <trkpt lat="37.780204999999995" lon="-122.418596">
      </trkpt>
      <trkpt lat="37.780274999999996" lon="-122.41861499999999">
      </trkpt>
      <trkpt lat="37.780392" lon="-122.41864799999999">
      </trkpt>
      <trkpt lat="37.780496" lon="-122.418669">
      </trkpt>
      <trkpt lat="37.780778" lon="-122.418725">
      </trkpt>
      <trkpt lat="37.78092" lon="-122.41875399999999">
      </trkpt>
      <trkpt lat="37.780941999999996" lon="-122.41875499999999">
      </trkpt>
      <trkpt lat="37.780964999999995" lon="-122.41874999999999">
      </trkpt>
      <trkpt lat="37.780989999999996" lon="-122.41874999999999">
      </trkpt>
      <trkpt lat="37.781168" lon="-122.41878899999999">
      </trkpt>
      <trkpt lat="37.781242" lon="-122.41881099999999">
      </trkpt>
      <trkpt lat="37.781255" lon="-122.418712">
      </trkpt>
      <trkpt lat="37.781296999999995" lon="-122.418386">
      </trkpt>
      <trkpt lat="37.781438" lon="-122.41727499999999">
      </trkpt>
      <trkpt lat="37.781451" lon="-122.41717299999999">
      </trkpt>
      <trkpt lat="37.78154" lon="-122.41719099999999">
      </trkpt>
      <trkpt lat="37.781681999999996" lon="-122.41722">
      </trkpt>
      <trkpt lat="37.781815" lon="-122.41724599999999">
      </trkpt>
      <trkpt lat="37.782315" lon="-122.417346">
      </trkpt>
      <trkpt lat="37.782384" lon="-122.41735999999999">
      </trkpt>
      <trkpt lat="37.782371999999995" lon="-122.41746699999999">
      </trkpt>
      <trkpt lat="37.782295999999995" lon="-122.41805">
      </trkpt>
      <trkpt lat="37.782238" lon="-122.4185">
      </trkpt>
      <trkpt lat="37.782187" lon="-122.418899">
      </trkpt>
      <trkpt lat="37.782174" lon="-122.419005">
      </trkpt>
      <trkpt lat="37.782095" lon="-122.418989">
      </trkpt>
      <trkpt lat="37.781707" lon="-122.418911">
      </trkpt>
      <trkpt lat="37.781608999999996" lon="-122.418892">
      </trkpt>
      <trkpt lat="37.78134" lon="-122.418838">
      </trkpt>
      <trkpt lat="37.781242" lon="-122.41881099999999">
      </trkpt>
      <trkpt lat="37.781168" lon="-122.41878899999999">
      </trkpt>
      <trkpt lat="37.780989999999996" lon="-122.41874999999999">
      </trkpt>
      <trkpt lat="37.780964999999995" lon="-122.41874999999999">
      </trkpt>
      <trkpt lat="37.780941999999996" lon="-122.41875499999999">
      </trkpt>
      <trkpt lat="37.78092" lon="-122.41875399999999">
      </trkpt>
      <trkpt lat="37.780778" lon="-122.418725">
      </trkpt>
      <trkpt lat="37.780764999999995" lon="-122.41882799999999">
      </trkpt>
      <trkpt lat="37.780756" lon="-122.41889599999999">
      </trkpt>
      <trkpt lat="37.78074" lon="-122.41894599999999">
      </trkpt>
      <trkpt lat="37.78071" lon="-122.419185">
      </trkpt>
      <trkpt lat="37.780685999999996" lon="-122.41936899999999">
      </trkpt>
      <trkpt lat="37.780688" lon="-122.419426">
      </trkpt>
      <trkpt lat="37.780625" lon="-122.419922">
      </trkpt>
      <trkpt lat="37.780595999999996" lon="-122.42014999999999">
      </trkpt>
      <trkpt lat="37.780592" lon="-122.42018499999999">
      </trkpt>
      <trkpt lat="37.780581999999995" lon="-122.42026299999999">
      </trkpt>
      <trkpt lat="37.780969" lon="-122.42034">
      </trkpt>
      <trkpt lat="37.781045999999996" lon="-122.420357">
      </trkpt>
      <trkpt lat="37.781056" lon="-122.420279">
      </trkpt>
      <trkpt lat="37.781228999999996" lon="-122.41892399999999">
      </trkpt>
      <trkpt lat="37.781242" lon="-122.41881099999999">
      </trkpt>
      <trkpt lat="37.78134" lon="-122.418838">
      </trkpt>
      <trkpt lat="37.781608999999996" lon="-122.418892">
      </trkpt>
      <trkpt lat="37.781707" lon="-122.418911">
      </trkpt>
      <trkpt lat="37.781645" lon="-122.419405">
      </trkpt>
      <trkpt lat="37.78171" lon="-122.419418">
      </trkpt>
      <trkpt lat="37.781645" lon="-122.419405">
      </trkpt>
      <trkpt lat="37.781639999999996" lon="-122.419443">
      </trkpt>
      <trkpt lat="37.781580999999996" lon="-122.41991999999999">
      </trkpt>
      <trkpt lat="37.781524" lon="-122.420374">
      </trkpt>
      <trkpt lat="37.781514" lon="-122.42045399999999">
      </trkpt>
      <trkpt lat="37.781134" lon="-122.42037699999999">
      </trkpt>
      <trkpt lat="37.781045999999996" lon="-122.420357">
      </trkpt>
      <trkpt lat="37.781056" lon="-122.420279">
      </trkpt>
      <trkpt lat="37.781228999999996" lon="-122.41892399999999">
      </trkpt>
      <trkpt lat="37.781242" lon="-122.41881099999999">
      </trkpt>
      <trkpt lat="37.781255" lon="-122.418712">
      </trkpt>
      <trkpt lat="37.781296999999995" lon="-122.418386">
      </trkpt>
      <trkpt lat="37.781438" lon="-122.41727499999999">
      </trkpt>
      <trkpt lat="37.781451" lon="-122.41717299999999">
      </trkpt>
      <trkpt lat="37.78154" lon="-122.41719099999999">
      </trkpt>
      <trkpt lat="37.781681999999996" lon="-122.41722">
      </trkpt>
      <trkpt lat="37.781815" lon="-122.41724599999999">
      </trkpt>
      <trkpt lat="37.782315" lon="-122.417346">
      </trkpt>
      <trkpt lat="37.782384" lon="-122.41735999999999">
      </trkpt>
      <trkpt lat="37.782371999999995" lon="-122.41746699999999">
      </trkpt>
      <trkpt lat="37.782295999999995" lon="-122.41805">
      </trkpt>
      <trkpt lat="37.782252" lon="-122.418391">
      </trkpt>
      <trkpt lat="37.782238" lon="-122.4185">
      </trkpt>
      <trkpt lat="37.782187" lon="-122.418899">
      </trkpt>
      <trkpt lat="37.782174" lon="-122.419005">
      </trkpt>
      <trkpt lat="37.782256" lon="-122.419021">
      </trkpt>
      <trkpt lat="37.782728" lon="-122.41911499999999">
      </trkpt>
      <trkpt lat="37.783028" lon="-122.419175">
      </trkpt>
      <trkpt lat="37.783106" lon="-122.419192">
      </trkpt>
      <trkpt lat="37.783118" lon="-122.419095">
      </trkpt>
      <trkpt lat="37.783125999999996" lon="-122.41903599999999">
      </trkpt>
      <trkpt lat="37.783152" lon="-122.418831">
      </trkpt>
      <trkpt lat="37.783268" lon="-122.417919">
      </trkpt>
      <trkpt lat="37.783283999999995" lon="-122.41779299999999">
      </trkpt>
      <trkpt lat="37.783302" lon="-122.41765199999999">
      </trkpt>
      <trkpt lat="37.783315" lon="-122.417548">
      </trkpt>
      <trkpt lat="37.783325999999995" lon="-122.417459">
      </trkpt>
      <trkpt lat="37.783356999999995" lon="-122.41721899999999">
      </trkpt>
      <trkpt lat="37.78346" lon="-122.41640799999999">
      </trkpt>
      <trkpt lat="37.783524" lon="-122.415903">
      </trkpt>
      <trkpt lat="37.783457" lon="-122.41588999999999">
      </trkpt>
      <trkpt lat="37.782855999999995" lon="-122.415769">
      </trkpt>
      <trkpt lat="37.782764" lon="-122.41574999999999">
      </trkpt>
      <trkpt lat="37.782719" lon="-122.415741">
      </trkpt>
      <trkpt lat="37.782668" lon="-122.415731">
      </trkpt>
      <trkpt lat="37.782593" lon="-122.41571599999999">
      </trkpt>
      <trkpt lat="37.782579999999996" lon="-122.415819">
      </trkpt>
      <trkpt lat="37.782564" lon="-122.415945">
      </trkpt>
      <trkpt lat="37.78255" lon="-122.41605799999999">
      </trkpt>
      <trkpt lat="37.782432" lon="-122.416985">
      </trkpt>
      <trkpt lat="37.781954" lon="-122.416889">
      </trkpt>
      <trkpt lat="37.782432" lon="-122.416985">
      </trkpt>
      <trkpt lat="37.782412" lon="-122.41713999999999">
      </trkpt>
      <trkpt lat="37.782396999999996" lon="-122.417267">
      </trkpt>
      <trkpt lat="37.782384" lon="-122.41735999999999">
      </trkpt>
      <trkpt lat="37.782371999999995" lon="-122.41746699999999">
      </trkpt>
      <trkpt lat="37.782295999999995" lon="-122.41805">
      </trkpt>
      <trkpt lat="37.782238" lon="-122.4185">
      </trkpt>
      <trkpt lat="37.782187" lon="-122.418899">
      </trkpt>
      <trkpt lat="37.782174" lon="-122.419005">
      </trkpt>
      <trkpt lat="37.782095" lon="-122.418989">
      </trkpt>
      <trkpt lat="37.781707" lon="-122.418911">
      </trkpt>
      <trkpt lat="37.781608999999996" lon="-122.418892">
      </trkpt>
      <trkpt lat="37.78134" lon="-122.418838">
      </trkpt>
      <trkpt lat="37.781242" lon="-122.41881099999999">
      </trkpt>
      <trkpt lat="37.781255" lon="-122.418712">
      </trkpt>
      <trkpt lat="37.781296999999995" lon="-122.418386">
      </trkpt>
      <trkpt lat="37.781438" lon="-122.41727499999999">
      </trkpt>
      <trkpt lat="37.781451" lon="-122.41717299999999">
      </trkpt>
      <trkpt lat="37.781462" lon="-122.417082">
      </trkpt>
      <trkpt lat="37.781585" lon="-122.416118">
      </trkpt>
      <trkpt lat="37.781647" lon="-122.415634">
      </trkpt>
      <trkpt lat="37.781659999999995" lon="-122.415527">
      </trkpt>
      <trkpt lat="37.781583" lon="-122.41551199999999">
      </trkpt>
      <trkpt lat="37.781361" lon="-122.41546699999999">
      </trkpt>
      <trkpt lat="37.780941999999996" lon="-122.41538299999999">
      </trkpt>
      <trkpt lat="37.780812" lon="-122.41535599999999">
      </trkpt>
      <trkpt lat="37.780726" lon="-122.41533899999999">
      </trkpt>
      <trkpt lat="37.780738" lon="-122.415245">
      </trkpt>
      <trkpt lat="37.780806" lon="-122.414743">
      </trkpt>
      <trkpt lat="37.780878" lon="-122.414144">
      </trkpt>
      <trkpt lat="37.780919" lon="-122.413804">
      </trkpt>
      <trkpt lat="37.780933" lon="-122.413693">
      </trkpt>
      <trkpt lat="37.780944" lon="-122.413602">
      </trkpt>
      <trkpt lat="37.780984" lon="-122.413288">
      </trkpt>
      <trkpt lat="37.781000999999996" lon="-122.41314999999999">
      </trkpt>
      <trkpt lat="37.780938" lon="-122.413074">
      </trkpt>
      <trkpt lat="37.780856" lon="-122.41297499999999">
      </trkpt>
      <trkpt lat="37.780584" lon="-122.41264899999999">
      </trkpt>
      <trkpt lat="37.780527" lon="-122.412576">
      </trkpt>
      <trkpt lat="37.780481" lon="-122.412635">
      </trkpt>
      <trkpt lat="37.780429" lon="-122.412702">
      </trkpt>
      <trkpt lat="37.780336999999996" lon="-122.41282">
      </trkpt>
      <trkpt lat="37.779627" lon="-122.413733">
      </trkpt>
      <trkpt lat="37.779578" lon="-122.41379599999999">
      </trkpt>
      <trkpt lat="37.779008" lon="-122.41452899999999">
      </trkpt>
      <trkpt lat="37.778881999999996" lon="-122.41469099999999">
      </trkpt>
      <trkpt lat="37.778828" lon="-122.41475899999999">
      </trkpt>
      <trkpt lat="37.778881" lon="-122.41482699999999">
      </trkpt>
      <trkpt lat="37.778901" lon="-122.41485499999999">
      </trkpt>
      <trkpt lat="37.778903" lon="-122.414868">
      </trkpt>
      <trkpt lat="37.778891" lon="-122.41495599999999">
      </trkpt>
      <trkpt lat="37.778832" lon="-122.41488899999999">
      </trkpt>
      <trkpt lat="37.778776" lon="-122.41482599999999">
      </trkpt>
      <trkpt lat="37.778735" lon="-122.414779">
      </trkpt>
      <trkpt lat="37.77872" lon="-122.41476399999999">
      </trkpt>
      <trkpt lat="37.778709" lon="-122.414749">
      </trkpt>
      <trkpt lat="37.778681" lon="-122.414715">
      </trkpt>
      <trkpt lat="37.778625999999996" lon="-122.414645">
      </trkpt>
      <trkpt lat="37.778506" lon="-122.41449499999999">
      </trkpt>
      <trkpt lat="37.778241" lon="-122.41416199999999">
      </trkpt>
      <trkpt lat="37.777768" lon="-122.41356499999999">
      </trkpt>
      <trkpt lat="37.777739" lon="-122.413528">
      </trkpt>
      <trkpt lat="37.777633" lon="-122.413394">
      </trkpt>
      <trkpt lat="37.777536" lon="-122.413275">
      </trkpt>
      <trkpt lat="37.777454999999996" lon="-122.413175">
      </trkpt>
      <trkpt lat="37.777387999999995" lon="-122.413091">
      </trkpt>
      <trkpt lat="37.777324" lon="-122.41301">
      </trkpt>
      <trkpt lat="37.777266" lon="-122.412937">
      </trkpt>
      <trkpt lat="37.777255" lon="-122.41292399999999">
      </trkpt>
      <trkpt lat="37.777018" lon="-122.412627">
      </trkpt>
      <trkpt lat="37.776702" lon="-122.412229">
      </trkpt>
      <trkpt lat="37.776652999999996" lon="-122.412168">
      </trkpt>
      <trkpt lat="37.776728" lon="-122.41207399999999">
      </trkpt>
      <trkpt lat="37.778347" lon="-122.41003599999999">
      </trkpt>
      <trkpt lat="37.77842" lon="-122.409945">
      </trkpt>
      <trkpt lat="37.778762" lon="-122.41037299999999">
      </trkpt>
      <trkpt lat="37.778785" lon="-122.410401">
      </trkpt>
      <trkpt lat="37.778912999999996" lon="-122.410562">
      </trkpt>
      <trkpt lat="37.779131" lon="-122.41083599999999">
      </trkpt>
      <trkpt lat="37.779156" lon="-122.410867">
      </trkpt>
      <trkpt lat="37.779211" lon="-122.41093599999999">
      </trkpt>
      <trkpt lat="37.779295" lon="-122.411041">
      </trkpt>
      <trkpt lat="37.779453" lon="-122.411239">
      </trkpt>
      <trkpt lat="37.779461999999995" lon="-122.41125">
      </trkpt>
      <trkpt lat="37.779599" lon="-122.41142199999999">
      </trkpt>
      <trkpt lat="37.779648" lon="-122.411484">
      </trkpt>
      <trkpt lat="37.779775" lon="-122.411644">
      </trkpt>
      <trkpt lat="37.779913" lon="-122.411817">
      </trkpt>
      <trkpt lat="37.780011" lon="-122.411941">
      </trkpt>
      <trkpt lat="37.780052" lon="-122.41188899999999">
      </trkpt>
      <trkpt lat="37.780076" lon="-122.41185999999999">
      </trkpt>
      <trkpt lat="37.780696" lon="-122.41107799999999">
      </trkpt>
      <trkpt lat="37.781085999999995" lon="-122.410586">
      </trkpt>
      <trkpt lat="37.781707" lon="-122.40977799999999">
      </trkpt>
      <trkpt lat="37.781763999999995" lon="-122.409703">
      </trkpt>
      <trkpt lat="37.781735" lon="-122.409667">
      </trkpt>
      <trkpt lat="37.781441" lon="-122.40929899999999">
      </trkpt>
      <trkpt lat="37.78141" lon="-122.40925899999999">
      </trkpt>
      <trkpt lat="37.781385" lon="-122.409229">
      </trkpt>
      <trkpt lat="37.781057" lon="-122.40881999999999">
      </trkpt>
      <trkpt lat="37.780978" lon="-122.408722">
      </trkpt>
      <trkpt lat="37.780907" lon="-122.408632">
      </trkpt>
      <trkpt lat="37.780677" lon="-122.408345">
      </trkpt>
      <trkpt lat="37.780592999999996" lon="-122.40823999999999">
      </trkpt>
      <trkpt lat="37.780549" lon="-122.40818499999999">
      </trkpt>
      <trkpt lat="37.780477999999995" lon="-122.40827499999999">
      </trkpt>
      <trkpt lat="37.779671" lon="-122.409289">
      </trkpt>
      <trkpt lat="37.779271" lon="-122.409791">
      </trkpt>
      <trkpt lat="37.778852" lon="-122.41031699999999">
      </trkpt>
      <trkpt lat="37.778835" lon="-122.410338">
      </trkpt>
      <trkpt lat="37.778785" lon="-122.410401">
      </trkpt>
      <trkpt lat="37.778912999999996" lon="-122.410562">
      </trkpt>
      <trkpt lat="37.778842" lon="-122.410654">
      </trkpt>
      <trkpt lat="37.778804" lon="-122.410705">
      </trkpt>
      <trkpt lat="37.778655" lon="-122.41091399999999">
      </trkpt>
      <trkpt lat="37.778804" lon="-122.410705">
      </trkpt>
      <trkpt lat="37.778842" lon="-122.410654">
      </trkpt>
      <trkpt lat="37.778912999999996" lon="-122.410562">
      </trkpt>
      <trkpt lat="37.779131" lon="-122.41083599999999">
      </trkpt>
      <trkpt lat="37.779156" lon="-122.410867">
      </trkpt>
      <trkpt lat="37.779211" lon="-122.41093599999999">
      </trkpt>
      <trkpt lat="37.779295" lon="-122.411041">
      </trkpt>
      <trkpt lat="37.779453" lon="-122.411239">
      </trkpt>
      <trkpt lat="37.779461999999995" lon="-122.41125">
      </trkpt>
      <trkpt lat="37.779599" lon="-122.41142199999999">
      </trkpt>
      <trkpt lat="37.779648" lon="-122.411484">
      </trkpt>
      <trkpt lat="37.779913" lon="-122.411817">
      </trkpt>
      <trkpt lat="37.780011" lon="-122.411941">
      </trkpt>
      <trkpt lat="37.780091" lon="-122.412039">
      </trkpt>
      <trkpt lat="37.780161" lon="-122.41212399999999">
      </trkpt>
      <trkpt lat="37.780257" lon="-122.41234899999999">
      </trkpt>
      <trkpt lat="37.780318" lon="-122.412427">
      </trkpt>
      <trkpt lat="37.780349" lon="-122.41246699999999">
      </trkpt>
      <trkpt lat="37.780407" lon="-122.41254099999999">
      </trkpt>
      <trkpt lat="37.780431" lon="-122.412571">
      </trkpt>
      <trkpt lat="37.780443" lon="-122.41258599999999">
      </trkpt>
      <trkpt lat="37.780454999999996" lon="-122.41260199999999">
      </trkpt>
      <trkpt lat="37.780481" lon="-122.412635">
      </trkpt>
      <trkpt lat="37.780429" lon="-122.412702">
      </trkpt>
      <trkpt lat="37.779627" lon="-122.413733">
      </trkpt>
      <trkpt lat="37.779578" lon="-122.41379599999999">
      </trkpt>
      <trkpt lat="37.779008" lon="-122.41452899999999">
      </trkpt>
      <trkpt lat="37.778881999999996" lon="-122.41469099999999">
      </trkpt>
      <trkpt lat="37.778828" lon="-122.41475899999999">
      </trkpt>
      <trkpt lat="37.778881" lon="-122.41482699999999">
      </trkpt>
      <trkpt lat="37.778901" lon="-122.41485499999999">
      </trkpt>
      <trkpt lat="37.778903" lon="-122.414868">
      </trkpt>
      <trkpt lat="37.778891" lon="-122.41495599999999">
      </trkpt>
      <trkpt lat="37.778832" lon="-122.41488899999999">
      </trkpt>
      <trkpt lat="37.778776" lon="-122.41482599999999">
      </trkpt>
      <trkpt lat="37.778735" lon="-122.414779">
      </trkpt>
      <trkpt lat="37.77872" lon="-122.41476399999999">
      </trkpt>
      <trkpt lat="37.778709" lon="-122.414749">
      </trkpt>
      <trkpt lat="37.778681" lon="-122.414715">
      </trkpt>
      <trkpt lat="37.778625999999996" lon="-122.414645">
      </trkpt>
      <trkpt lat="37.778506" lon="-122.41449499999999">
      </trkpt>
      <trkpt lat="37.778241" lon="-122.41416199999999">
      </trkpt>
      <trkpt lat="37.777768" lon="-122.41356499999999">
      </trkpt>
      <trkpt lat="37.777739" lon="-122.413528">
      </trkpt>
      <trkpt lat="37.777633" lon="-122.413394">
      </trkpt>
      <trkpt lat="37.777536" lon="-122.413275">
      </trkpt>
      <trkpt lat="37.777454999999996" lon="-122.413175">
      </trkpt>
      <trkpt lat="37.777387999999995" lon="-122.413091">
      </trkpt>
      <trkpt lat="37.777324" lon="-122.41301">
      </trkpt>
      <trkpt lat="37.777266" lon="-122.412937">
      </trkpt>
      <trkpt lat="37.777255" lon="-122.41292399999999">
      </trkpt>
      <trkpt lat="37.777018" lon="-122.412627">
      </trkpt>
      <trkpt lat="37.776702" lon="-122.412229">
      </trkpt>
      <trkpt lat="37.776652999999996" lon="-122.412168">
      </trkpt>
      <trkpt lat="37.776728" lon="-122.41207399999999">
      </trkpt>
      <trkpt lat="37.778116" lon="-122.410326">
      </trkpt>
      <trkpt lat="37.778347" lon="-122.41003599999999">
      </trkpt>
      <trkpt lat="37.77842" lon="-122.409945">
      </trkpt>
      <trkpt lat="37.77847" lon="-122.409881">
      </trkpt>
      <trkpt lat="37.778487999999996" lon="-122.409858">
      </trkpt>
      <trkpt lat="37.779053" lon="-122.40914599999999">
      </trkpt>
      <trkpt lat="37.779233999999995" lon="-122.408918">
      </trkpt>
      <trkpt lat="37.779305" lon="-122.408829">
      </trkpt>
      <trkpt lat="37.779246" lon="-122.408757">
      </trkpt>
      <trkpt lat="37.77894" lon="-122.408383">
      </trkpt>
      <trkpt lat="37.778872" lon="-122.4083">
      </trkpt>
      <trkpt lat="37.778852" lon="-122.40827499999999">
      </trkpt>
      <trkpt lat="37.778791" lon="-122.40835299999999">
      </trkpt>
      <trkpt lat="37.778408999999996" lon="-122.408839">
      </trkpt>
      <trkpt lat="37.778296999999995" lon="-122.408982">
      </trkpt>
      <trkpt lat="37.778045" lon="-122.409301">
      </trkpt>
      <trkpt lat="37.778031" lon="-122.409319">
      </trkpt>
      <trkpt lat="37.777975999999995" lon="-122.40938799999999">
      </trkpt>
      <trkpt lat="37.777902" lon="-122.409481">
      </trkpt>
      <trkpt lat="37.777553" lon="-122.40992299999999">
      </trkpt>
      <trkpt lat="37.777498" lon="-122.409855">
      </trkpt>
      <trkpt lat="37.777066999999995" lon="-122.409318">
      </trkpt>
      <trkpt lat="37.776902" lon="-122.40911299999999">
      </trkpt>
      <trkpt lat="37.776407" lon="-122.408508">
      </trkpt>
      <trkpt lat="37.776401" lon="-122.40849999999999">
      </trkpt>
      <trkpt lat="37.776320999999996" lon="-122.408401">
      </trkpt>
      <trkpt lat="37.776441" lon="-122.408249">
      </trkpt>
      <trkpt lat="37.776677" lon="-122.40795">
      </trkpt>
      <trkpt lat="37.776753" lon="-122.407854">
      </trkpt>
      <trkpt lat="37.776798" lon="-122.40779699999999">
      </trkpt>
      <trkpt lat="37.776883999999995" lon="-122.407889">
      </trkpt>
      <trkpt lat="37.777006" lon="-122.40804">
      </trkpt>
      <trkpt lat="37.777031" lon="-122.40807099999999">
      </trkpt>
      <trkpt lat="37.777069" lon="-122.408119">
      </trkpt>
      <trkpt lat="37.777225" lon="-122.40831299999999">
      </trkpt>
      <trkpt lat="37.777288999999996" lon="-122.40839199999999">
      </trkpt>
      <trkpt lat="37.777612" lon="-122.408796">
      </trkpt>
      <trkpt lat="37.77765" lon="-122.40884399999999">
      </trkpt>
      <trkpt lat="37.777806" lon="-122.409037">
      </trkpt>
      <trkpt lat="37.777834999999996" lon="-122.40907399999999">
      </trkpt>
      <trkpt lat="37.777975" lon="-122.40924899999999">
      </trkpt>
      <trkpt lat="37.778031" lon="-122.409319">
      </trkpt>
      <trkpt lat="37.777975999999995" lon="-122.40938799999999">
      </trkpt>
      <trkpt lat="37.777902" lon="-122.409481">
      </trkpt>
      <trkpt lat="37.777553" lon="-122.40992299999999">
      </trkpt>
      <trkpt lat="37.777091999999996" lon="-122.410506">
      </trkpt>
      <trkpt lat="37.776689999999995" lon="-122.411014">
      </trkpt>
      <trkpt lat="37.776288" lon="-122.411521">
      </trkpt>
      <trkpt lat="37.776213" lon="-122.411616">
      </trkpt>
      <trkpt lat="37.776151999999996" lon="-122.41153899999999">
      </trkpt>
      <trkpt lat="37.77606" lon="-122.411423">
      </trkpt>
      <trkpt lat="37.775952" lon="-122.411288">
      </trkpt>
      <trkpt lat="37.775804" lon="-122.41109999999999">
      </trkpt>
      <trkpt lat="37.77542" lon="-122.41062099999999">
      </trkpt>
      <trkpt lat="37.775164" lon="-122.410299">
      </trkpt>
      <trkpt lat="37.775073" lon="-122.410184">
      </trkpt>
      <trkpt lat="37.774992" lon="-122.410083">
      </trkpt>
      <trkpt lat="37.775067" lon="-122.409989">
      </trkpt>
      <trkpt lat="37.775166" lon="-122.409863">
      </trkpt>
      <trkpt lat="37.775459" lon="-122.409492">
      </trkpt>
      <trkpt lat="37.775876" lon="-122.40896699999999">
      </trkpt>
      <trkpt lat="37.775962" lon="-122.408857">
      </trkpt>
      <trkpt lat="37.776123" lon="-122.40865199999999">
      </trkpt>
      <trkpt lat="37.776320999999996" lon="-122.408401">
      </trkpt>
      <trkpt lat="37.776441" lon="-122.408249">
      </trkpt>
      <trkpt lat="37.776677" lon="-122.40795">
      </trkpt>
      <trkpt lat="37.776753" lon="-122.407854">
      </trkpt>
      <trkpt lat="37.776798" lon="-122.40779699999999">
      </trkpt>
      <trkpt lat="37.776883999999995" lon="-122.407889">
      </trkpt>
      <trkpt lat="37.777006" lon="-122.40804">
      </trkpt>
      <trkpt lat="37.777031" lon="-122.40807099999999">
      </trkpt>
      <trkpt lat="37.777069" lon="-122.408119">
      </trkpt>
      <trkpt lat="37.777225" lon="-122.40831299999999">
      </trkpt>
      <trkpt lat="37.777288999999996" lon="-122.40839199999999">
      </trkpt>
      <trkpt lat="37.777612" lon="-122.408796">
      </trkpt>
      <trkpt lat="37.77765" lon="-122.40884399999999">
      </trkpt>
      <trkpt lat="37.777806" lon="-122.409037">
      </trkpt>
      <trkpt lat="37.777834999999996" lon="-122.40907399999999">
      </trkpt>
      <trkpt lat="37.777975" lon="-122.40924899999999">
      </trkpt>
      <trkpt lat="37.778031" lon="-122.409319">
      </trkpt>
      <trkpt lat="37.777975999999995" lon="-122.40938799999999">
      </trkpt>
      <trkpt lat="37.777902" lon="-122.409481">
      </trkpt>
      <trkpt lat="37.777553" lon="-122.40992299999999">
      </trkpt>
      <trkpt lat="37.777091999999996" lon="-122.410506">
      </trkpt>
      <trkpt lat="37.776689999999995" lon="-122.411014">
      </trkpt>
      <trkpt lat="37.776288" lon="-122.411521">
      </trkpt>
      <trkpt lat="37.776213" lon="-122.411616">
      </trkpt>
      <trkpt lat="37.776151999999996" lon="-122.41153899999999">
      </trkpt>
      <trkpt lat="37.77606" lon="-122.411423">
      </trkpt>
      <trkpt lat="37.775952" lon="-122.411288">
      </trkpt>
      <trkpt lat="37.775804" lon="-122.41109999999999">
      </trkpt>
      <trkpt lat="37.77542" lon="-122.41062099999999">
      </trkpt>
      <trkpt lat="37.775164" lon="-122.410299">
      </trkpt>
      <trkpt lat="37.775073" lon="-122.410184">
      </trkpt>
      <trkpt lat="37.774992" lon="-122.410083">
      </trkpt>
      <trkpt lat="37.775067" lon="-122.409989">
      </trkpt>
      <trkpt lat="37.775166" lon="-122.409863">
      </trkpt>
      <trkpt lat="37.775459" lon="-122.409492">
      </trkpt>
      <trkpt lat="37.775876" lon="-122.40896699999999">
      </trkpt>
      <trkpt lat="37.775962" lon="-122.408857">
      </trkpt>
      <trkpt lat="37.775894" lon="-122.40876999999999">
      </trkpt>
      <trkpt lat="37.775525" lon="-122.408301">
      </trkpt>
      <trkpt lat="37.775365" lon="-122.408097">
      </trkpt>
      <trkpt lat="37.775525" lon="-122.408301">
      </trkpt>
      <trkpt lat="37.775894" lon="-122.40876999999999">
      </trkpt>
      <trkpt lat="37.775962" lon="-122.408857">
      </trkpt>
      <trkpt lat="37.776320999999996" lon="-122.408401">
      </trkpt>
      <trkpt lat="37.776441" lon="-122.408249">
      </trkpt>
      <trkpt lat="37.776677" lon="-122.40795">
      </trkpt>
      <trkpt lat="37.776753" lon="-122.407854">
      </trkpt>
      <trkpt lat="37.776798" lon="-122.40779699999999">
      </trkpt>
      <trkpt lat="37.776824999999995" lon="-122.40776299999999">
      </trkpt>
      <trkpt lat="37.776965" lon="-122.407586">
      </trkpt>
      <trkpt lat="37.777179" lon="-122.407314">
      </trkpt>
      <trkpt lat="37.777398999999996" lon="-122.407035">
      </trkpt>
      <trkpt lat="37.777569" lon="-122.40682">
      </trkpt>
      <trkpt lat="37.777628" lon="-122.40674399999999">
      </trkpt>
      <trkpt lat="37.777685999999996" lon="-122.406672">
      </trkpt>
      <trkpt lat="37.777859" lon="-122.40645199999999">
      </trkpt>
      <trkpt lat="37.778014999999996" lon="-122.40625499999999">
      </trkpt>
      <trkpt lat="37.77809" lon="-122.40616">
      </trkpt>
      <trkpt lat="37.778162" lon="-122.40606899999999">
      </trkpt>
      <trkpt lat="37.778093999999996" lon="-122.40598299999999">
      </trkpt>
      <trkpt lat="37.777232999999995" lon="-122.40490199999999">
      </trkpt>
      <trkpt lat="37.776931" lon="-122.404522">
      </trkpt>
      <trkpt lat="37.776841999999995" lon="-122.404634">
      </trkpt>
      <trkpt lat="37.776621999999996" lon="-122.404912">
      </trkpt>
      <trkpt lat="37.776165999999996" lon="-122.40549">
      </trkpt>
      <trkpt lat="37.775591" lon="-122.406217">
      </trkpt>
      <trkpt lat="37.775572" lon="-122.40624199999999">
      </trkpt>
      <trkpt lat="37.77552" lon="-122.406308">
      </trkpt>
      <trkpt lat="37.775464" lon="-122.40637799999999">
      </trkpt>
      <trkpt lat="37.775313" lon="-122.40656999999999">
      </trkpt>
      <trkpt lat="37.775101" lon="-122.40683899999999">
      </trkpt>
      <trkpt lat="37.774646" lon="-122.407415">
      </trkpt>
      <trkpt lat="37.774639" lon="-122.407423">
      </trkpt>
      <trkpt lat="37.774359" lon="-122.407778">
      </trkpt>
      <trkpt lat="37.774187" lon="-122.407996">
      </trkpt>
      <trkpt lat="37.774108" lon="-122.40809499999999">
      </trkpt>
      <trkpt lat="37.774001999999996" lon="-122.407984">
      </trkpt>
      <trkpt lat="37.774108" lon="-122.40809499999999">
      </trkpt>
      <trkpt lat="37.773859" lon="-122.408411">
      </trkpt>
      <trkpt lat="37.77384" lon="-122.408435">
      </trkpt>
      <trkpt lat="37.773759999999996" lon="-122.408536">
      </trkpt>
      <trkpt lat="37.773703999999995" lon="-122.408464">
      </trkpt>
      <trkpt lat="37.773635" lon="-122.408378">
      </trkpt>
      <trkpt lat="37.773523999999995" lon="-122.40823999999999">
      </trkpt>
      <trkpt lat="37.773418" lon="-122.408107">
      </trkpt>
      <trkpt lat="37.773167" lon="-122.407792">
      </trkpt>
      <trkpt lat="37.772949" lon="-122.407516">
      </trkpt>
      <trkpt lat="37.772898" lon="-122.40745199999999">
      </trkpt>
      <trkpt lat="37.772753" lon="-122.40727">
      </trkpt>
      <trkpt lat="37.772677" lon="-122.40718">
      </trkpt>
      <trkpt lat="37.772642" lon="-122.407139">
      </trkpt>
      <trkpt lat="37.77252" lon="-122.406995">
      </trkpt>
      <trkpt lat="37.772389" lon="-122.40698099999999">
      </trkpt>
      <trkpt lat="37.772255" lon="-122.406797">
      </trkpt>
      <trkpt lat="37.772197" lon="-122.40672699999999">
      </trkpt>
      <trkpt lat="37.772002" lon="-122.406492">
      </trkpt>
      <trkpt lat="37.771854999999995" lon="-122.406317">
      </trkpt>
      <trkpt lat="37.771842" lon="-122.406296">
      </trkpt>
      <trkpt lat="37.771799" lon="-122.406228">
      </trkpt>
      <trkpt lat="37.771699999999996" lon="-122.406031">
      </trkpt>
      <trkpt lat="37.771626" lon="-122.405909">
      </trkpt>
      <trkpt lat="37.771603" lon="-122.405811">
      </trkpt>
      <trkpt lat="37.771378999999996" lon="-122.405542">
      </trkpt>
      <trkpt lat="37.771302999999996" lon="-122.405446">
      </trkpt>
      <trkpt lat="37.771226" lon="-122.40554399999999">
      </trkpt>
      <trkpt lat="37.770900999999995" lon="-122.405957">
      </trkpt>
      <trkpt lat="37.770631" lon="-122.406302">
      </trkpt>
      <trkpt lat="37.770688" lon="-122.406374">
      </trkpt>
      <trkpt lat="37.770706" lon="-122.406397">
      </trkpt>
      <trkpt lat="37.771488999999995" lon="-122.407387">
      </trkpt>
      <trkpt lat="37.771536" lon="-122.407409">
      </trkpt>
      <trkpt lat="37.771488999999995" lon="-122.407387">
      </trkpt>
      <trkpt lat="37.770706" lon="-122.406397">
      </trkpt>
      <trkpt lat="37.770688" lon="-122.406374">
      </trkpt>
      <trkpt lat="37.770631" lon="-122.406302">
      </trkpt>
      <trkpt lat="37.770495" lon="-122.40646799999999">
      </trkpt>
      <trkpt lat="37.770179" lon="-122.406863">
      </trkpt>
      <trkpt lat="37.770142" lon="-122.406908">
      </trkpt>
      <trkpt lat="37.77007" lon="-122.406998">
      </trkpt>
      <trkpt lat="37.770136" lon="-122.40708099999999">
      </trkpt>
      <trkpt lat="37.770146" lon="-122.40709299999999">
      </trkpt>
      <trkpt lat="37.770469999999996" lon="-122.40749799999999">
      </trkpt>
      <trkpt lat="37.770368999999995" lon="-122.40763399999999">
      </trkpt>
      <trkpt lat="37.770373" lon="-122.40768299999999">
      </trkpt>
      <trkpt lat="37.770229" lon="-122.407879">
      </trkpt>
      <trkpt lat="37.770254" lon="-122.407992">
      </trkpt>
      <trkpt lat="37.770254" lon="-122.407992">
      </trkpt>
      <trkpt lat="37.770148" lon="-122.408135">
      </trkpt>
      <trkpt lat="37.770089" lon="-122.408059">
      </trkpt>
      <trkpt lat="37.770001" lon="-122.407934">
      </trkpt>
      <trkpt lat="37.770219999999995" lon="-122.40765599999999">
      </trkpt>
      <trkpt lat="37.770368999999995" lon="-122.40763399999999">
      </trkpt>
      <trkpt lat="37.770469999999996" lon="-122.40749799999999">
      </trkpt>
      <trkpt lat="37.771301" lon="-122.408536">
      </trkpt>
      <trkpt lat="37.771737" lon="-122.409082">
      </trkpt>
      <trkpt lat="37.772538" lon="-122.410083">
      </trkpt>
      <trkpt lat="37.772324999999995" lon="-122.41035199999999">
      </trkpt>
      <trkpt lat="37.772059999999996" lon="-122.410688">
      </trkpt>
      <trkpt lat="37.771648" lon="-122.41121">
      </trkpt>
      <trkpt lat="37.771587" lon="-122.411287">
      </trkpt>
      <trkpt lat="37.77151" lon="-122.411384">
      </trkpt>
      <trkpt lat="37.771375" lon="-122.41155499999999">
      </trkpt>
      <trkpt lat="37.771236" lon="-122.41173699999999">
      </trkpt>
      <trkpt lat="37.770702" lon="-122.412408">
      </trkpt>
      <trkpt lat="37.770665" lon="-122.41245199999999">
      </trkpt>
      <trkpt lat="37.770644" lon="-122.412478">
      </trkpt>
      <trkpt lat="37.770587" lon="-122.41237299999999">
      </trkpt>
      <trkpt lat="37.770438999999996" lon="-122.412184">
      </trkpt>
      <trkpt lat="37.770320999999996" lon="-122.412047">
      </trkpt>
      <trkpt lat="37.770277" lon="-122.411991">
      </trkpt>
      <trkpt lat="37.770188999999995" lon="-122.411884">
      </trkpt>
      <trkpt lat="37.769915" lon="-122.411547">
      </trkpt>
      <trkpt lat="37.769863" lon="-122.41148299999999">
      </trkpt>
      <trkpt lat="37.769704999999995" lon="-122.41128499999999">
      </trkpt>
      <trkpt lat="37.769694" lon="-122.41126999999999">
      </trkpt>
      <trkpt lat="37.769624" lon="-122.411183">
      </trkpt>
      <trkpt lat="37.769563999999995" lon="-122.411102">
      </trkpt>
      <trkpt lat="37.76951" lon="-122.411035">
      </trkpt>
      <trkpt lat="37.76943" lon="-122.41087499999999">
      </trkpt>
      <trkpt lat="37.769334" lon="-122.410872">
      </trkpt>
      <trkpt lat="37.769324" lon="-122.410798">
      </trkpt>
      <trkpt lat="37.769307" lon="-122.410685">
      </trkpt>
      <trkpt lat="37.769296" lon="-122.410613">
      </trkpt>
      <trkpt lat="37.769287" lon="-122.410556">
      </trkpt>
      <trkpt lat="37.769208" lon="-122.410091">
      </trkpt>
      <trkpt lat="37.769137" lon="-122.40958099999999">
      </trkpt>
      <trkpt lat="37.769118999999996" lon="-122.409235">
      </trkpt>
      <trkpt lat="37.769121999999996" lon="-122.408926">
      </trkpt>
      <trkpt lat="37.769154" lon="-122.40846499999999">
      </trkpt>
      <trkpt lat="37.769155999999995" lon="-122.40844">
      </trkpt>
      <trkpt lat="37.76921" lon="-122.408334">
      </trkpt>
      <trkpt lat="37.769124" lon="-122.408245">
      </trkpt>
      <trkpt lat="37.769062" lon="-122.408182">
      </trkpt>
      <trkpt lat="37.768994" lon="-122.40811199999999">
      </trkpt>
      <trkpt lat="37.768955" lon="-122.40807099999999">
      </trkpt>
      <trkpt lat="37.768896" lon="-122.40802699999999">
      </trkpt>
      <trkpt lat="37.768794" lon="-122.40795">
      </trkpt>
      <trkpt lat="37.768574" lon="-122.407832">
      </trkpt>
      <trkpt lat="37.768498" lon="-122.40782499999999">
      </trkpt>
      <trkpt lat="37.768445" lon="-122.40782">
      </trkpt>
      <trkpt lat="37.768361999999996" lon="-122.40781399999999">
      </trkpt>
      <trkpt lat="37.768305999999995" lon="-122.40875199999999">
      </trkpt>
      <trkpt lat="37.768273" lon="-122.40932699999999">
      </trkpt>
      <trkpt lat="37.768249" lon="-122.409745">
      </trkpt>
      <trkpt lat="37.768195999999996" lon="-122.41060999999999">
      </trkpt>
      <trkpt lat="37.768194" lon="-122.41064399999999">
      </trkpt>
      <trkpt lat="37.768187" lon="-122.41075099999999">
      </trkpt>
      <trkpt lat="37.768119999999996" lon="-122.41074499999999">
      </trkpt>
      <trkpt lat="37.76781" lon="-122.41072199999999">
      </trkpt>
      <trkpt lat="37.767202999999995" lon="-122.410664">
      </trkpt>
      <trkpt lat="37.767208" lon="-122.410579">
      </trkpt>
      <trkpt lat="37.767210999999996" lon="-122.410534">
      </trkpt>
      <trkpt lat="37.767215" lon="-122.410471">
      </trkpt>
      <trkpt lat="37.767224999999996" lon="-122.41032">
      </trkpt>
      <trkpt lat="37.767215" lon="-122.410471">
      </trkpt>
      <trkpt lat="37.767210999999996" lon="-122.410534">
      </trkpt>
      <trkpt lat="37.767208" lon="-122.410579">
      </trkpt>
      <trkpt lat="37.767202999999995" lon="-122.410664">
      </trkpt>
      <trkpt lat="37.766981" lon="-122.410642">
      </trkpt>
      <trkpt lat="37.766901" lon="-122.410635">
      </trkpt>
      <trkpt lat="37.766842" lon="-122.410629">
      </trkpt>
      <trkpt lat="37.766422" lon="-122.41059">
      </trkpt>
      <trkpt lat="37.766329999999996" lon="-122.41058">
      </trkpt>
      <trkpt lat="37.765713999999996" lon="-122.410522">
      </trkpt>
      <trkpt lat="37.765608" lon="-122.410512">
      </trkpt>
      <trkpt lat="37.765601" lon="-122.410624">
      </trkpt>
      <trkpt lat="37.765567" lon="-122.411204">
      </trkpt>
      <trkpt lat="37.765549" lon="-122.41148899999999">
      </trkpt>
      <trkpt lat="37.765654" lon="-122.411501">
      </trkpt>
      <trkpt lat="37.765854" lon="-122.411497">
      </trkpt>
      <trkpt lat="37.766194" lon="-122.41145399999999">
      </trkpt>
      <trkpt lat="37.766338999999995" lon="-122.41146599999999">
      </trkpt>
      <trkpt lat="37.766456" lon="-122.411476">
      </trkpt>
      <trkpt lat="37.766802999999996" lon="-122.41150599999999">
      </trkpt>
      <trkpt lat="37.766844999999996" lon="-122.41150999999999">
      </trkpt>
      <trkpt lat="37.766894" lon="-122.41075">
      </trkpt>
      <trkpt lat="37.766901" lon="-122.410635">
      </trkpt>
      <trkpt lat="37.766842" lon="-122.410629">
      </trkpt>
      <trkpt lat="37.766422" lon="-122.41059">
      </trkpt>
      <trkpt lat="37.766329999999996" lon="-122.41058">
      </trkpt>
      <trkpt lat="37.765713999999996" lon="-122.410522">
      </trkpt>
      <trkpt lat="37.765608" lon="-122.410512">
      </trkpt>
      <trkpt lat="37.765601" lon="-122.410624">
      </trkpt>
      <trkpt lat="37.765567" lon="-122.411204">
      </trkpt>
      <trkpt lat="37.765549" lon="-122.41148899999999">
      </trkpt>
      <trkpt lat="37.765529" lon="-122.41183199999999">
      </trkpt>
      <trkpt lat="37.765501" lon="-122.41233199999999">
      </trkpt>
      <trkpt lat="37.765494" lon="-122.412449">
      </trkpt>
      <trkpt lat="37.765409" lon="-122.412437">
      </trkpt>
      <trkpt lat="37.764461" lon="-122.412351">
      </trkpt>
      <trkpt lat="37.764275999999995" lon="-122.412334">
      </trkpt>
      <trkpt lat="37.764207" lon="-122.412326">
      </trkpt>
      <trkpt lat="37.764199999999995" lon="-122.41243399999999">
      </trkpt>
      <trkpt lat="37.764171999999995" lon="-122.412866">
      </trkpt>
      <trkpt lat="37.764153" lon="-122.41291">
      </trkpt>
      <trkpt lat="37.764103999999996" lon="-122.41302599999999">
      </trkpt>
      <trkpt lat="37.764013999999996" lon="-122.413016">
      </trkpt>
      <trkpt lat="37.763793" lon="-122.412995">
      </trkpt>
      <trkpt lat="37.763793" lon="-122.413085">
      </trkpt>
      <trkpt lat="37.763791999999995" lon="-122.413112">
      </trkpt>
      <trkpt lat="37.763791" lon="-122.41319499999999">
      </trkpt>
      <trkpt lat="37.763781" lon="-122.41323299999999">
      </trkpt>
      <trkpt lat="37.763728" lon="-122.41344099999999">
      </trkpt>
      <trkpt lat="37.763442999999995" lon="-122.413516">
      </trkpt>
      <trkpt lat="37.763332999999996" lon="-122.41335099999999">
      </trkpt>
      <trkpt lat="37.763424" lon="-122.413327">
      </trkpt>
      <trkpt lat="37.763781" lon="-122.41323299999999">
      </trkpt>
      <trkpt lat="37.763791" lon="-122.41319499999999">
      </trkpt>
      <trkpt lat="37.763791999999995" lon="-122.413112">
      </trkpt>
      <trkpt lat="37.763793" lon="-122.413085">
      </trkpt>
      <trkpt lat="37.763793" lon="-122.412995">
      </trkpt>
      <trkpt lat="37.764013999999996" lon="-122.413016">
      </trkpt>
      <trkpt lat="37.764103999999996" lon="-122.41302599999999">
      </trkpt>
      <trkpt lat="37.764058" lon="-122.41313299999999">
      </trkpt>
      <trkpt lat="37.763878" lon="-122.413523">
      </trkpt>
      <trkpt lat="37.763836" lon="-122.413612">
      </trkpt>
      <trkpt lat="37.763743999999996" lon="-122.41363299999999">
      </trkpt>
      <trkpt lat="37.762389999999996" lon="-122.41399399999999">
      </trkpt>
      <trkpt lat="37.762260999999995" lon="-122.41402799999999">
      </trkpt>
      <trkpt lat="37.762237999999996" lon="-122.414035">
      </trkpt>
      <trkpt lat="37.762166" lon="-122.413985">
      </trkpt>
      <trkpt lat="37.762172" lon="-122.413882">
      </trkpt>
      <trkpt lat="37.762174" lon="-122.413851">
      </trkpt>
      <trkpt lat="37.762209999999996" lon="-122.41319299999999">
      </trkpt>
      <trkpt lat="37.762229999999995" lon="-122.41296299999999">
      </trkpt>
      <trkpt lat="37.762237999999996" lon="-122.412849">
      </trkpt>
      <trkpt lat="37.762167999999996" lon="-122.412841">
      </trkpt>
      <trkpt lat="37.762082" lon="-122.41283299999999">
      </trkpt>
      <trkpt lat="37.761612" lon="-122.41278799999999">
      </trkpt>
      <trkpt lat="37.761606" lon="-122.412877">
      </trkpt>
      <trkpt lat="37.761604" lon="-122.412903">
      </trkpt>
      <trkpt lat="37.761601999999996" lon="-122.412932">
      </trkpt>
      <trkpt lat="37.761598" lon="-122.413">
      </trkpt>
      <trkpt lat="37.761590999999996" lon="-122.413108">
      </trkpt>
      <trkpt lat="37.761576" lon="-122.41334699999999">
      </trkpt>
      <trkpt lat="37.761559" lon="-122.413607">
      </trkpt>
      <trkpt lat="37.761556" lon="-122.41366199999999">
      </trkpt>
      <trkpt lat="37.761542" lon="-122.41387599999999">
      </trkpt>
      <trkpt lat="37.761387" lon="-122.413861">
      </trkpt>
      <trkpt lat="37.761294" lon="-122.413849">
      </trkpt>
      <trkpt lat="37.760765" lon="-122.41379699999999">
      </trkpt>
      <trkpt lat="37.76072" lon="-122.413792">
      </trkpt>
      <trkpt lat="37.760644" lon="-122.41378599999999">
      </trkpt>
      <trkpt lat="37.76057" lon="-122.41377299999999">
      </trkpt>
      <trkpt lat="37.760574999999996" lon="-122.413697">
      </trkpt>
      <trkpt lat="37.760607" lon="-122.413168">
      </trkpt>
      <trkpt lat="37.760625999999995" lon="-122.41285099999999">
      </trkpt>
      <trkpt lat="37.760629" lon="-122.412808">
      </trkpt>
      <trkpt lat="37.760633" lon="-122.412741">
      </trkpt>
      <trkpt lat="37.760636" lon="-122.41269399999999">
      </trkpt>
      <trkpt lat="37.760327" lon="-122.41266499999999">
      </trkpt>
      <trkpt lat="37.760264" lon="-122.41265899999999">
      </trkpt>
      <trkpt lat="37.760204" lon="-122.41265299999999">
      </trkpt>
      <trkpt lat="37.760070999999996" lon="-122.412641">
      </trkpt>
      <trkpt lat="37.759496" lon="-122.41258099999999">
      </trkpt>
      <trkpt lat="37.759492" lon="-122.412674">
      </trkpt>
      <trkpt lat="37.759491" lon="-122.41270399999999">
      </trkpt>
      <trkpt lat="37.759492" lon="-122.412674">
      </trkpt>
      <trkpt lat="37.759496" lon="-122.41258099999999">
      </trkpt>
      <trkpt lat="37.759112" lon="-122.412548">
      </trkpt>
      <trkpt lat="37.759035" lon="-122.412534">
      </trkpt>
      <trkpt lat="37.758973" lon="-122.412523">
      </trkpt>
      <trkpt lat="37.758331" lon="-122.41246299999999">
      </trkpt>
      <trkpt lat="37.758049" lon="-122.412436">
      </trkpt>
      <trkpt lat="37.757509999999996" lon="-122.412385">
      </trkpt>
      <trkpt lat="37.757436" lon="-122.41237799999999">
      </trkpt>
      <trkpt lat="37.757372" lon="-122.41237199999999">
      </trkpt>
      <trkpt lat="37.757177" lon="-122.412353">
      </trkpt>
      <trkpt lat="37.756578" lon="-122.412295">
      </trkpt>
      <trkpt lat="37.756025" lon="-122.412244">
      </trkpt>
      <trkpt lat="37.75591" lon="-122.412233">
      </trkpt>
      <trkpt lat="37.755838" lon="-122.41222599999999">
      </trkpt>
      <trkpt lat="37.755779" lon="-122.41222099999999">
      </trkpt>
      <trkpt lat="37.755266999999996" lon="-122.412168">
      </trkpt>
      <trkpt lat="37.754872999999996" lon="-122.412132">
      </trkpt>
      <trkpt lat="37.75432" lon="-122.412081">
      </trkpt>
      <trkpt lat="37.754238" lon="-122.41207299999999">
      </trkpt>
      <trkpt lat="37.754171" lon="-122.412067">
      </trkpt>
      <trkpt lat="37.75372" lon="-122.412026">
      </trkpt>
      <trkpt lat="37.753409" lon="-122.411997">
      </trkpt>
      <trkpt lat="37.752722" lon="-122.41190499999999">
      </trkpt>
      <trkpt lat="37.752642" lon="-122.411896">
      </trkpt>
      <trkpt lat="37.752632999999996" lon="-122.41203399999999">
      </trkpt>
      <trkpt lat="37.752618" lon="-122.41225999999999">
      </trkpt>
      <trkpt lat="37.752604999999996" lon="-122.412454">
      </trkpt>
      <trkpt lat="37.752603" lon="-122.41248499999999">
      </trkpt>
      <trkpt lat="37.752578" lon="-122.412897">
      </trkpt>
      <trkpt lat="37.752576" lon="-122.41293499999999">
      </trkpt>
      <trkpt lat="37.752570999999996" lon="-122.41301299999999">
      </trkpt>
      <trkpt lat="37.752497" lon="-122.413007">
      </trkpt>
      <trkpt lat="37.752483999999995" lon="-122.413006">
      </trkpt>
      <trkpt lat="37.752122" lon="-122.412971">
      </trkpt>
      <trkpt lat="37.750976" lon="-122.41286199999999">
      </trkpt>
      <trkpt lat="37.750943" lon="-122.413384">
      </trkpt>
      <trkpt lat="37.750917" lon="-122.41382499999999">
      </trkpt>
      <trkpt lat="37.75091" lon="-122.41395">
      </trkpt>
      <trkpt lat="37.750983" lon="-122.413957">
      </trkpt>
      <trkpt lat="37.751021" lon="-122.41395999999999">
      </trkpt>
      <trkpt lat="37.75129" lon="-122.413986">
      </trkpt>
      <trkpt lat="37.751021" lon="-122.41395999999999">
      </trkpt>
      <trkpt lat="37.750983" lon="-122.413957">
      </trkpt>
      <trkpt lat="37.75091" lon="-122.41395">
      </trkpt>
      <trkpt lat="37.750907" lon="-122.41401099999999">
      </trkpt>
      <trkpt lat="37.750903" lon="-122.41408299999999">
      </trkpt>
      <trkpt lat="37.750876" lon="-122.41451599999999">
      </trkpt>
      <trkpt lat="37.750848999999995" lon="-122.414952">
      </trkpt>
      <trkpt lat="37.750847" lon="-122.41498999999999">
      </trkpt>
      <trkpt lat="37.750844" lon="-122.415036">
      </trkpt>
      <trkpt lat="37.75084" lon="-122.41510699999999">
      </trkpt>
      <trkpt lat="37.750839" lon="-122.415132">
      </trkpt>
      <trkpt lat="37.750838" lon="-122.41514699999999">
      </trkpt>
      <trkpt lat="37.750834999999995" lon="-122.41519299999999">
      </trkpt>
      <trkpt lat="37.750831999999996" lon="-122.415239">
      </trkpt>
      <trkpt lat="37.750813" lon="-122.41555899999999">
      </trkpt>
      <trkpt lat="37.750786" lon="-122.41601">
      </trkpt>
      <trkpt lat="37.750778" lon="-122.416129">
      </trkpt>
      <trkpt lat="37.750769" lon="-122.416269">
      </trkpt>
      <trkpt lat="37.750758" lon="-122.416468">
      </trkpt>
      <trkpt lat="37.750744999999995" lon="-122.416681">
      </trkpt>
      <trkpt lat="37.750682" lon="-122.416675">
      </trkpt>
      <trkpt lat="37.750216" lon="-122.41663199999999">
      </trkpt>
      <trkpt lat="37.749215" lon="-122.41654">
      </trkpt>
      <trkpt lat="37.74914" lon="-122.416533">
      </trkpt>
      <trkpt lat="37.74911" lon="-122.41697599999999">
      </trkpt>
      <trkpt lat="37.749106" lon="-122.41706699999999">
      </trkpt>
      <trkpt lat="37.749100999999996" lon="-122.41716299999999">
      </trkpt>
      <trkpt lat="37.749074" lon="-122.417592">
      </trkpt>
      <trkpt lat="37.749057" lon="-122.417868">
      </trkpt>
      <trkpt lat="37.749047999999995" lon="-122.418036">
      </trkpt>
      <trkpt lat="37.74904" lon="-122.418149">
      </trkpt>
      <trkpt lat="37.74912" lon="-122.41815799999999">
      </trkpt>
      <trkpt lat="37.749393999999995" lon="-122.418185">
      </trkpt>
      <trkpt lat="37.749767" lon="-122.418222">
      </trkpt>
      <trkpt lat="37.749393999999995" lon="-122.418185">
      </trkpt>
      <trkpt lat="37.74912" lon="-122.41815799999999">
      </trkpt>
      <trkpt lat="37.74904" lon="-122.418149">
      </trkpt>
      <trkpt lat="37.74903" lon="-122.418289">
      </trkpt>
      <trkpt lat="37.749002999999995" lon="-122.418735">
      </trkpt>
      <trkpt lat="37.748978" lon="-122.41917799999999">
      </trkpt>
      <trkpt lat="37.748973" lon="-122.41925699999999">
      </trkpt>
      <trkpt lat="37.748968" lon="-122.419332">
      </trkpt>
      <trkpt lat="37.74894" lon="-122.41980099999999">
      </trkpt>
      <trkpt lat="37.749007999999996" lon="-122.41980699999999">
      </trkpt>
      <trkpt lat="37.749341" lon="-122.419837">
      </trkpt>
      <trkpt lat="37.749348" lon="-122.419838">
      </trkpt>
      <trkpt lat="37.749341" lon="-122.419837">
      </trkpt>
      <trkpt lat="37.749007999999996" lon="-122.41980699999999">
      </trkpt>
      <trkpt lat="37.74894" lon="-122.41980099999999">
      </trkpt>
      <trkpt lat="37.748915" lon="-122.420245">
      </trkpt>
      <trkpt lat="37.748908" lon="-122.420366">
      </trkpt>
      <trkpt lat="37.748899" lon="-122.420503">
      </trkpt>
      <trkpt lat="37.748878" lon="-122.42085">
      </trkpt>
      <trkpt lat="37.748944" lon="-122.420856">
      </trkpt>
      <trkpt lat="37.749095" lon="-122.42087">
      </trkpt>
      <trkpt lat="37.750482999999996" lon="-122.42099999999999">
      </trkpt>
      <trkpt lat="37.750461" lon="-122.421369">
      </trkpt>
      <trkpt lat="37.750457" lon="-122.42143899999999">
      </trkpt>
      <trkpt lat="37.750388" lon="-122.421432">
      </trkpt>
      <trkpt lat="37.750369" lon="-122.42143">
      </trkpt>
      <trkpt lat="37.749962" lon="-122.421391">
      </trkpt>
      <trkpt lat="37.749905" lon="-122.421386">
      </trkpt>
      <trkpt lat="37.748931" lon="-122.421292">
      </trkpt>
      <trkpt lat="37.74885" lon="-122.421284">
      </trkpt>
      <trkpt lat="37.748843" lon="-122.42140099999999">
      </trkpt>
      <trkpt lat="37.748794" lon="-122.422207">
      </trkpt>
      <trkpt lat="37.748779" lon="-122.422449">
      </trkpt>
      <trkpt lat="37.748774999999995" lon="-122.422522">
      </trkpt>
      <trkpt lat="37.748768999999996" lon="-122.42262199999999">
      </trkpt>
      <trkpt lat="37.748764" lon="-122.422714">
      </trkpt>
      <trkpt lat="37.748723" lon="-122.42346699999999">
      </trkpt>
      <trkpt lat="37.748764" lon="-122.422714">
      </trkpt>
      <trkpt lat="37.748768999999996" lon="-122.42262199999999">
      </trkpt>
      <trkpt lat="37.748706" lon="-122.42261599999999">
      </trkpt>
      <trkpt lat="37.748143" lon="-122.42255899999999">
      </trkpt>
      <trkpt lat="37.748078" lon="-122.42255">
      </trkpt>
      <trkpt lat="37.748052" lon="-122.422643">
      </trkpt>
      <trkpt lat="37.747943" lon="-122.423052">
      </trkpt>
      <trkpt lat="37.747906" lon="-122.42367399999999">
      </trkpt>
      <trkpt lat="37.747897" lon="-122.423822">
      </trkpt>
      <trkpt lat="37.74785" lon="-122.424612">
      </trkpt>
      <trkpt lat="37.747845" lon="-122.42471099999999">
      </trkpt>
      <trkpt lat="37.747924999999995" lon="-122.424719">
      </trkpt>
      <trkpt lat="37.748082" lon="-122.424734">
      </trkpt>
      <trkpt lat="37.748553" lon="-122.424779">
      </trkpt>
      <trkpt lat="37.748581" lon="-122.424782">
      </trkpt>
      <trkpt lat="37.748636" lon="-122.424787">
      </trkpt>
      <trkpt lat="37.748628" lon="-122.42493499999999">
      </trkpt>
      <trkpt lat="37.748568999999996" lon="-122.42492899999999">
      </trkpt>
      <trkpt lat="37.747918" lon="-122.424866">
      </trkpt>
      <trkpt lat="37.747836" lon="-122.424858">
      </trkpt>
      <trkpt lat="37.747828999999996" lon="-122.42497399999999">
      </trkpt>
      <trkpt lat="37.747793" lon="-122.42558899999999">
      </trkpt>
      <trkpt lat="37.747778" lon="-122.425845">
      </trkpt>
      <trkpt lat="37.747755" lon="-122.426238">
      </trkpt>
      <trkpt lat="37.747713999999995" lon="-122.426924">
      </trkpt>
      <trkpt lat="37.747713" lon="-122.426941">
      </trkpt>
      <trkpt lat="37.747706" lon="-122.427049">
      </trkpt>
      <trkpt lat="37.747706" lon="-122.427065">
      </trkpt>
      <trkpt lat="37.747626" lon="-122.42705799999999">
      </trkpt>
      <trkpt lat="37.747614" lon="-122.427056">
      </trkpt>
      <trkpt lat="37.747113999999996" lon="-122.42701299999999">
      </trkpt>
      <trkpt lat="37.747062" lon="-122.427008">
      </trkpt>
      <trkpt lat="37.746988" lon="-122.42699999999999">
      </trkpt>
      <trkpt lat="37.746978" lon="-122.426999">
      </trkpt>
      <trkpt lat="37.746901" lon="-122.426992">
      </trkpt>
      <trkpt lat="37.746825" lon="-122.42698499999999">
      </trkpt>
      <trkpt lat="37.746815999999995" lon="-122.42698399999999">
      </trkpt>
      <trkpt lat="37.746499" lon="-122.42695599999999">
      </trkpt>
      <trkpt lat="37.746497" lon="-122.426975">
      </trkpt>
      <trkpt lat="37.746491" lon="-122.42707399999999">
      </trkpt>
      <trkpt lat="37.746410999999995" lon="-122.428343">
      </trkpt>
      <trkpt lat="37.746491" lon="-122.42707399999999">
      </trkpt>
      <trkpt lat="37.746497" lon="-122.426975">
      </trkpt>
      <trkpt lat="37.746499" lon="-122.42695599999999">
      </trkpt>
      <trkpt lat="37.746176999999996" lon="-122.42692799999999">
      </trkpt>
      <trkpt lat="37.746097999999996" lon="-122.42692">
      </trkpt>
      <trkpt lat="37.746097" lon="-122.42693799999999">
      </trkpt>
      <trkpt lat="37.746091" lon="-122.427036">
      </trkpt>
      <trkpt lat="37.746089" lon="-122.427054">
      </trkpt>
      <trkpt lat="37.745968" lon="-122.428986">
      </trkpt>
      <trkpt lat="37.74596" lon="-122.429116">
      </trkpt>
      <trkpt lat="37.745951" lon="-122.429265">
      </trkpt>
      <trkpt lat="37.745923999999995" lon="-122.42972599999999">
      </trkpt>
      <trkpt lat="37.745951" lon="-122.429265">
      </trkpt>
      <trkpt lat="37.74596" lon="-122.429116">
      </trkpt>
      <trkpt lat="37.745968" lon="-122.428986">
      </trkpt>
      <trkpt lat="37.746089" lon="-122.427054">
      </trkpt>
      <trkpt lat="37.746091" lon="-122.427036">
      </trkpt>
      <trkpt lat="37.746097" lon="-122.42693799999999">
      </trkpt>
      <trkpt lat="37.746097999999996" lon="-122.42692">
      </trkpt>
      <trkpt lat="37.746023" lon="-122.426913">
      </trkpt>
      <trkpt lat="37.745430999999996" lon="-122.426851">
      </trkpt>
      <trkpt lat="37.745383" lon="-122.426846">
      </trkpt>
      <trkpt lat="37.745301999999995" lon="-122.426839">
      </trkpt>
      <trkpt lat="37.74523" lon="-122.42683199999999">
      </trkpt>
      <trkpt lat="37.745197" lon="-122.426829">
      </trkpt>
      <trkpt lat="37.74458" lon="-122.42676999999999">
      </trkpt>
      <trkpt lat="37.744498" lon="-122.426761">
      </trkpt>
      <trkpt lat="37.744427" lon="-122.426756">
      </trkpt>
      <trkpt lat="37.744107" lon="-122.426727">
      </trkpt>
      <trkpt lat="37.743793" lon="-122.42669699999999">
      </trkpt>
      <trkpt lat="37.743781999999996" lon="-122.42669599999999">
      </trkpt>
      <trkpt lat="37.743705" lon="-122.426689">
      </trkpt>
      <trkpt lat="37.743704" lon="-122.426707">
      </trkpt>
      <trkpt lat="37.743697" lon="-122.42680899999999">
      </trkpt>
      <trkpt lat="37.743697" lon="-122.426822">
      </trkpt>
      <trkpt lat="37.743578" lon="-122.42876799999999">
      </trkpt>
      <trkpt lat="37.743570999999996" lon="-122.428884">
      </trkpt>
      <trkpt lat="37.743562" lon="-122.429037">
      </trkpt>
      <trkpt lat="37.743442" lon="-122.431017">
      </trkpt>
      <trkpt lat="37.743437" lon="-122.431101">
      </trkpt>
      <trkpt lat="37.744245" lon="-122.43118">
      </trkpt>
      <trkpt lat="37.744948" lon="-122.431248">
      </trkpt>
      <trkpt lat="37.745031999999995" lon="-122.43125599999999">
      </trkpt>
      <trkpt lat="37.745132999999996" lon="-122.431265">
      </trkpt>
      <trkpt lat="37.745723999999996" lon="-122.431316">
      </trkpt>
      <trkpt lat="37.745827999999996" lon="-122.431325">
      </trkpt>
      <trkpt lat="37.746552" lon="-122.431404">
      </trkpt>
      <trkpt lat="37.746629999999996" lon="-122.431412">
      </trkpt>
      <trkpt lat="37.746728" lon="-122.43141999999999">
      </trkpt>
      <trkpt lat="37.747445" lon="-122.431478">
      </trkpt>
      <trkpt lat="37.747496" lon="-122.431483">
      </trkpt>
      <trkpt lat="37.748138" lon="-122.431542">
      </trkpt>
      <trkpt lat="37.748228999999995" lon="-122.431557">
      </trkpt>
      <trkpt lat="37.748219" lon="-122.43172">
      </trkpt>
      <trkpt lat="37.74821" lon="-122.431877">
      </trkpt>
      <trkpt lat="37.748104" lon="-122.433647">
      </trkpt>
      <trkpt lat="37.748095" lon="-122.433802">
      </trkpt>
      <trkpt lat="37.747313" lon="-122.43372699999999">
      </trkpt>
      <trkpt lat="37.74717" lon="-122.433713">
      </trkpt>
      <trkpt lat="37.746722999999996" lon="-122.43368199999999">
      </trkpt>
      <trkpt lat="37.746646999999996" lon="-122.43368699999999">
      </trkpt>
      <trkpt lat="37.746587999999996" lon="-122.43369999999999">
      </trkpt>
      <trkpt lat="37.746539" lon="-122.43372199999999">
      </trkpt>
      <trkpt lat="37.746506" lon="-122.43374299999999">
      </trkpt>
      <trkpt lat="37.746432999999996" lon="-122.433798">
      </trkpt>
      <trkpt lat="37.7464" lon="-122.43382799999999">
      </trkpt>
      <trkpt lat="37.745612" lon="-122.43472299999999">
      </trkpt>
      <trkpt lat="37.745697" lon="-122.433522">
      </trkpt>
      <trkpt lat="37.745214" lon="-122.433488">
      </trkpt>
      <trkpt lat="37.74527" lon="-122.432706">
      </trkpt>
      <trkpt lat="37.745214" lon="-122.433488">
      </trkpt>
      <trkpt lat="37.745272" lon="-122.433492">
      </trkpt>
      <trkpt lat="37.745697" lon="-122.433522">
      </trkpt>
      <trkpt lat="37.745612" lon="-122.43472299999999">
      </trkpt>
      <trkpt lat="37.745556" lon="-122.43577599999999">
      </trkpt>
      <trkpt lat="37.745486" lon="-122.435769">
      </trkpt>
      <trkpt lat="37.74476" lon="-122.435704">
      </trkpt>
      <trkpt lat="37.744778" lon="-122.435378">
      </trkpt>
      <trkpt lat="37.74476" lon="-122.435704">
      </trkpt>
      <trkpt lat="37.745486" lon="-122.435769">
      </trkpt>
      <trkpt lat="37.745556" lon="-122.43577599999999">
      </trkpt>
      <trkpt lat="37.745565" lon="-122.435891">
      </trkpt>
      <trkpt lat="37.7455" lon="-122.43699">
      </trkpt>
      <trkpt lat="37.745443" lon="-122.437956">
      </trkpt>
      <trkpt lat="37.745408999999995" lon="-122.438527">
      </trkpt>
      <trkpt lat="37.745318" lon="-122.440068">
      </trkpt>
      <trkpt lat="37.745380999999995" lon="-122.4401">
      </trkpt>
      <trkpt lat="37.745393" lon="-122.440103">
      </trkpt>
      <trkpt lat="37.745453" lon="-122.440125">
      </trkpt>
      <trkpt lat="37.745526999999996" lon="-122.440146">
      </trkpt>
      <trkpt lat="37.745602" lon="-122.440159">
      </trkpt>
      <trkpt lat="37.745685" lon="-122.44017099999999">
      </trkpt>
      <trkpt lat="37.745737" lon="-122.440174">
      </trkpt>
      <trkpt lat="37.745740999999995" lon="-122.44010399999999">
      </trkpt>
      <trkpt lat="37.745737" lon="-122.440174">
      </trkpt>
      <trkpt lat="37.745765" lon="-122.440176">
      </trkpt>
      <trkpt lat="37.745847" lon="-122.440175">
      </trkpt>
      <trkpt lat="37.745925" lon="-122.440169">
      </trkpt>
      <trkpt lat="37.746362" lon="-122.44011599999999">
      </trkpt>
      <trkpt lat="37.746455" lon="-122.44010499999999">
      </trkpt>
      <trkpt lat="37.746518" lon="-122.440102">
      </trkpt>
      <trkpt lat="37.74659" lon="-122.440107">
      </trkpt>
      <trkpt lat="37.746658" lon="-122.44012">
      </trkpt>
      <trkpt lat="37.746731" lon="-122.44014399999999">
      </trkpt>
      <trkpt lat="37.746804999999995" lon="-122.44017799999999">
      </trkpt>
      <trkpt lat="37.746842" lon="-122.44020099999999">
      </trkpt>
      <trkpt lat="37.746884" lon="-122.440227">
      </trkpt>
      <trkpt lat="37.746956" lon="-122.44028399999999">
      </trkpt>
      <trkpt lat="37.747021" lon="-122.440355">
      </trkpt>
      <trkpt lat="37.747082999999996" lon="-122.440438">
      </trkpt>
      <trkpt lat="37.747136999999995" lon="-122.44053199999999">
      </trkpt>
      <trkpt lat="37.747178" lon="-122.440631">
      </trkpt>
      <trkpt lat="37.747216" lon="-122.440744">
      </trkpt>
      <trkpt lat="37.747240999999995" lon="-122.44085299999999">
      </trkpt>
      <trkpt lat="37.747256" lon="-122.440964">
      </trkpt>
      <trkpt lat="37.747262" lon="-122.441074">
      </trkpt>
      <trkpt lat="37.747257" lon="-122.44117999999999">
      </trkpt>
      <trkpt lat="37.747243" lon="-122.441284">
      </trkpt>
      <trkpt lat="37.747219" lon="-122.441379">
      </trkpt>
      <trkpt lat="37.746927" lon="-122.44226099999999">
      </trkpt>
      <trkpt lat="37.746663" lon="-122.44308799999999">
      </trkpt>
      <trkpt lat="37.746634" lon="-122.443179">
      </trkpt>
      <trkpt lat="37.746611" lon="-122.44326299999999">
      </trkpt>
      <trkpt lat="37.746601999999996" lon="-122.443311">
      </trkpt>
      <trkpt lat="37.746595" lon="-122.443345">
      </trkpt>
      <trkpt lat="37.74659" lon="-122.443379">
      </trkpt>
      <trkpt lat="37.746586" lon="-122.44341899999999">
      </trkpt>
      <trkpt lat="37.746514999999995" lon="-122.443417">
      </trkpt>
      <trkpt lat="37.746435" lon="-122.44341399999999">
      </trkpt>
      <trkpt lat="37.746007999999996" lon="-122.44339699999999">
      </trkpt>
      <trkpt lat="37.745903999999996" lon="-122.443393">
      </trkpt>
      <trkpt lat="37.745908" lon="-122.443215">
      </trkpt>
      <trkpt lat="37.7459" lon="-122.44311499999999">
      </trkpt>
      <trkpt lat="37.745886" lon="-122.44301999999999">
      </trkpt>
      <trkpt lat="37.745827" lon="-122.44273">
      </trkpt>
      <trkpt lat="37.745822" lon="-122.44264199999999">
      </trkpt>
      <trkpt lat="37.745821" lon="-122.442555">
      </trkpt>
      <trkpt lat="37.745841" lon="-122.44241199999999">
      </trkpt>
      <trkpt lat="37.745854" lon="-122.442357">
      </trkpt>
      <trkpt lat="37.745875" lon="-122.44229999999999">
      </trkpt>
      <trkpt lat="37.745892" lon="-122.442284">
      </trkpt>
      <trkpt lat="37.745917" lon="-122.44227699999999">
      </trkpt>
      <trkpt lat="37.745925" lon="-122.442275">
      </trkpt>
      <trkpt lat="37.745943" lon="-122.44227099999999">
      </trkpt>
      <trkpt lat="37.74599" lon="-122.442275">
      </trkpt>
      <trkpt lat="37.746188" lon="-122.442319">
      </trkpt>
      <trkpt lat="37.746241999999995" lon="-122.442314">
      </trkpt>
      <trkpt lat="37.746302" lon="-122.442281">
      </trkpt>
      <trkpt lat="37.746345999999996" lon="-122.442235">
      </trkpt>
      <trkpt lat="37.746372" lon="-122.44217499999999">
      </trkpt>
      <trkpt lat="37.746489" lon="-122.4418">
      </trkpt>
      <trkpt lat="37.746511" lon="-122.441706">
      </trkpt>
      <trkpt lat="37.746559999999995" lon="-122.441496">
      </trkpt>
      <trkpt lat="37.746565" lon="-122.44143799999999">
      </trkpt>
      <trkpt lat="37.746562" lon="-122.44138299999999">
      </trkpt>
      <trkpt lat="37.746548" lon="-122.441327">
      </trkpt>
      <trkpt lat="37.746474" lon="-122.44124">
      </trkpt>
      <trkpt lat="37.746285" lon="-122.441155">
      </trkpt>
      <trkpt lat="37.746264" lon="-122.44114599999999">
      </trkpt>
      <trkpt lat="37.746285" lon="-122.441155">
      </trkpt>
      <trkpt lat="37.746474" lon="-122.44124">
      </trkpt>
      <trkpt lat="37.746548" lon="-122.441327">
      </trkpt>
      <trkpt lat="37.746562" lon="-122.44138299999999">
      </trkpt>
      <trkpt lat="37.746565" lon="-122.44143799999999">
      </trkpt>
      <trkpt lat="37.746559999999995" lon="-122.441496">
      </trkpt>
      <trkpt lat="37.746511" lon="-122.441706">
      </trkpt>
      <trkpt lat="37.746489" lon="-122.4418">
      </trkpt>
      <trkpt lat="37.746372" lon="-122.44217499999999">
      </trkpt>
      <trkpt lat="37.746345999999996" lon="-122.442235">
      </trkpt>
      <trkpt lat="37.746302" lon="-122.442281">
      </trkpt>
      <trkpt lat="37.746241999999995" lon="-122.442314">
      </trkpt>
      <trkpt lat="37.746218999999996" lon="-122.44231599999999">
      </trkpt>
      <trkpt lat="37.746188" lon="-122.442319">
      </trkpt>
      <trkpt lat="37.74599" lon="-122.442275">
      </trkpt>
      <trkpt lat="37.745943" lon="-122.44227099999999">
      </trkpt>
      <trkpt lat="37.745925" lon="-122.442275">
      </trkpt>
      <trkpt lat="37.745917" lon="-122.44227699999999">
      </trkpt>
      <trkpt lat="37.745892" lon="-122.442284">
      </trkpt>
      <trkpt lat="37.745875" lon="-122.44229999999999">
      </trkpt>
      <trkpt lat="37.745854" lon="-122.442357">
      </trkpt>
      <trkpt lat="37.745841" lon="-122.44241199999999">
      </trkpt>
      <trkpt lat="37.745821" lon="-122.442555">
      </trkpt>
      <trkpt lat="37.745822" lon="-122.44264199999999">
      </trkpt>
      <trkpt lat="37.745827" lon="-122.44273">
      </trkpt>
      <trkpt lat="37.745886" lon="-122.44301999999999">
      </trkpt>
      <trkpt lat="37.7459" lon="-122.44311499999999">
      </trkpt>
      <trkpt lat="37.745908" lon="-122.443215">
      </trkpt>
      <trkpt lat="37.745903999999996" lon="-122.443393">
      </trkpt>
      <trkpt lat="37.746007999999996" lon="-122.44339699999999">
      </trkpt>
      <trkpt lat="37.746435" lon="-122.44341399999999">
      </trkpt>
      <trkpt lat="37.746514999999995" lon="-122.443417">
      </trkpt>
      <trkpt lat="37.746586" lon="-122.44341899999999">
      </trkpt>
      <trkpt lat="37.74659" lon="-122.443522">
      </trkpt>
      <trkpt lat="37.746601" lon="-122.443604">
      </trkpt>
      <trkpt lat="37.746621" lon="-122.443681">
      </trkpt>
      <trkpt lat="37.746651" lon="-122.443759">
      </trkpt>
      <trkpt lat="37.74669" lon="-122.443829">
      </trkpt>
      <trkpt lat="37.746728" lon="-122.443878">
      </trkpt>
      <trkpt lat="37.746741" lon="-122.443901">
      </trkpt>
      <trkpt lat="37.746756" lon="-122.443924">
      </trkpt>
      <trkpt lat="37.74677" lon="-122.44396099999999">
      </trkpt>
      <trkpt lat="37.746777" lon="-122.443998">
      </trkpt>
      <trkpt lat="37.746744" lon="-122.444075">
      </trkpt>
      <trkpt lat="37.746711" lon="-122.44416799999999">
      </trkpt>
      <trkpt lat="37.746687" lon="-122.444268">
      </trkpt>
      <trkpt lat="37.746674999999996" lon="-122.44435299999999">
      </trkpt>
      <trkpt lat="37.746672" lon="-122.44437699999999">
      </trkpt>
      <trkpt lat="37.746663" lon="-122.444503">
      </trkpt>
      <trkpt lat="37.746693" lon="-122.44456799999999">
      </trkpt>
      <trkpt lat="37.746716" lon="-122.444639">
      </trkpt>
      <trkpt lat="37.746742999999995" lon="-122.444706">
      </trkpt>
      <trkpt lat="37.746783" lon="-122.444762">
      </trkpt>
      <trkpt lat="37.746823" lon="-122.44479199999999">
      </trkpt>
      <trkpt lat="37.746867" lon="-122.444813">
      </trkpt>
      <trkpt lat="37.746947" lon="-122.444842">
      </trkpt>
      <trkpt lat="37.747034" lon="-122.444879">
      </trkpt>
      <trkpt lat="37.74693" lon="-122.44495699999999">
      </trkpt>
      <trkpt lat="37.74688" lon="-122.444963">
      </trkpt>
      <trkpt lat="37.746845" lon="-122.44496099999999">
      </trkpt>
      <trkpt lat="37.746801999999995" lon="-122.444948">
      </trkpt>
      <trkpt lat="37.746756" lon="-122.44491699999999">
      </trkpt>
      <trkpt lat="37.746731" lon="-122.444893">
      </trkpt>
      <trkpt lat="37.746718" lon="-122.44488">
      </trkpt>
      <trkpt lat="37.746683" lon="-122.44483199999999">
      </trkpt>
      <trkpt lat="37.746652999999995" lon="-122.44477699999999">
      </trkpt>
      <trkpt lat="37.746631" lon="-122.444711">
      </trkpt>
      <trkpt lat="37.746629" lon="-122.44464199999999">
      </trkpt>
      <trkpt lat="37.746663" lon="-122.444503">
      </trkpt>
      <trkpt lat="37.746672" lon="-122.44437699999999">
      </trkpt>
      <trkpt lat="37.746641" lon="-122.444143">
      </trkpt>
      <trkpt lat="37.746643" lon="-122.44407299999999">
      </trkpt>
      <trkpt lat="37.74664" lon="-122.44402199999999">
      </trkpt>
      <trkpt lat="37.746631" lon="-122.443946">
      </trkpt>
      <trkpt lat="37.746617" lon="-122.443888">
      </trkpt>
      <trkpt lat="37.746587999999996" lon="-122.44380199999999">
      </trkpt>
      <trkpt lat="37.746553999999996" lon="-122.44371199999999">
      </trkpt>
      <trkpt lat="37.746531999999995" lon="-122.443629">
      </trkpt>
      <trkpt lat="37.746519" lon="-122.443529">
      </trkpt>
      <trkpt lat="37.746514999999995" lon="-122.443417">
      </trkpt>
      <trkpt lat="37.746586" lon="-122.44341899999999">
      </trkpt>
      <trkpt lat="37.74659" lon="-122.443522">
      </trkpt>
      <trkpt lat="37.746601" lon="-122.443604">
      </trkpt>
      <trkpt lat="37.746621" lon="-122.443681">
      </trkpt>
      <trkpt lat="37.746651" lon="-122.443759">
      </trkpt>
      <trkpt lat="37.74669" lon="-122.443829">
      </trkpt>
      <trkpt lat="37.746728" lon="-122.443878">
      </trkpt>
      <trkpt lat="37.746741" lon="-122.443901">
      </trkpt>
      <trkpt lat="37.746756" lon="-122.443924">
      </trkpt>
      <trkpt lat="37.74677" lon="-122.44396099999999">
      </trkpt>
      <trkpt lat="37.746777" lon="-122.443998">
      </trkpt>
      <trkpt lat="37.746744" lon="-122.444075">
      </trkpt>
      <trkpt lat="37.746711" lon="-122.44416799999999">
      </trkpt>
      <trkpt lat="37.746687" lon="-122.444268">
      </trkpt>
      <trkpt lat="37.746674999999996" lon="-122.44435299999999">
      </trkpt>
      <trkpt lat="37.746672" lon="-122.44437699999999">
      </trkpt>
      <trkpt lat="37.746663" lon="-122.444503">
      </trkpt>
      <trkpt lat="37.746693" lon="-122.44456799999999">
      </trkpt>
      <trkpt lat="37.746716" lon="-122.444639">
      </trkpt>
      <trkpt lat="37.746742999999995" lon="-122.444706">
      </trkpt>
      <trkpt lat="37.746783" lon="-122.444762">
      </trkpt>
      <trkpt lat="37.746823" lon="-122.44479199999999">
      </trkpt>
      <trkpt lat="37.746867" lon="-122.444813">
      </trkpt>
      <trkpt lat="37.746947" lon="-122.444842">
      </trkpt>
      <trkpt lat="37.747034" lon="-122.444879">
      </trkpt>
      <trkpt lat="37.747004" lon="-122.44509699999999">
      </trkpt>
      <trkpt lat="37.746959" lon="-122.445382">
      </trkpt>
      <trkpt lat="37.746846999999995" lon="-122.446075">
      </trkpt>
      <trkpt lat="37.746795" lon="-122.446422">
      </trkpt>
      <trkpt lat="37.746787" lon="-122.446479">
      </trkpt>
      <trkpt lat="37.746763" lon="-122.44667">
      </trkpt>
      <trkpt lat="37.746826" lon="-122.446911">
      </trkpt>
      <trkpt lat="37.746846999999995" lon="-122.44700399999999">
      </trkpt>
      <trkpt lat="37.746869" lon="-122.44712299999999">
      </trkpt>
      <trkpt lat="37.746924" lon="-122.44747799999999">
      </trkpt>
      <trkpt lat="37.746932" lon="-122.44758399999999">
      </trkpt>
      <trkpt lat="37.746931" lon="-122.44767399999999">
      </trkpt>
      <trkpt lat="37.746927" lon="-122.44775899999999">
      </trkpt>
      <trkpt lat="37.746919" lon="-122.447828">
      </trkpt>
      <trkpt lat="37.746905" lon="-122.447893">
      </trkpt>
      <trkpt lat="37.746952" lon="-122.447893">
      </trkpt>
      <trkpt lat="37.746995999999996" lon="-122.44789">
      </trkpt>
      <trkpt lat="37.747043999999995" lon="-122.447881">
      </trkpt>
      <trkpt lat="37.747146" lon="-122.447857">
      </trkpt>
      <trkpt lat="37.74716" lon="-122.44785399999999">
      </trkpt>
      <trkpt lat="37.747146" lon="-122.447857">
      </trkpt>
      <trkpt lat="37.747043999999995" lon="-122.447881">
      </trkpt>
      <trkpt lat="37.746995999999996" lon="-122.44789">
      </trkpt>
      <trkpt lat="37.746952" lon="-122.447893">
      </trkpt>
      <trkpt lat="37.746905" lon="-122.447893">
      </trkpt>
      <trkpt lat="37.74682" lon="-122.44789">
      </trkpt>
      <trkpt lat="37.746736999999996" lon="-122.44787799999999">
      </trkpt>
      <trkpt lat="37.746659" lon="-122.44785999999999">
      </trkpt>
      <trkpt lat="37.74658" lon="-122.44783">
      </trkpt>
      <trkpt lat="37.746511" lon="-122.447802">
      </trkpt>
      <trkpt lat="37.746480999999996" lon="-122.447921">
      </trkpt>
      <trkpt lat="37.746429" lon="-122.448127">
      </trkpt>
      <trkpt lat="37.746279" lon="-122.44873">
      </trkpt>
      <trkpt lat="37.746171" lon="-122.449164">
      </trkpt>
      <trkpt lat="37.746139" lon="-122.44929599999999">
      </trkpt>
      <trkpt lat="37.746108" lon="-122.44944299999999">
      </trkpt>
      <trkpt lat="37.746085" lon="-122.449579">
      </trkpt>
      <trkpt lat="37.746066" lon="-122.449715">
      </trkpt>
      <trkpt lat="37.74601" lon="-122.450182">
      </trkpt>
      <trkpt lat="37.745993999999996" lon="-122.450319">
      </trkpt>
      <trkpt lat="37.745976999999996" lon="-122.450437">
      </trkpt>
      <trkpt lat="37.745954999999995" lon="-122.45056699999999">
      </trkpt>
      <trkpt lat="37.745931999999996" lon="-122.450677">
      </trkpt>
      <trkpt lat="37.745913" lon="-122.45076499999999">
      </trkpt>
      <trkpt lat="37.745899" lon="-122.45082599999999">
      </trkpt>
      <trkpt lat="37.74601" lon="-122.45088">
      </trkpt>
      <trkpt lat="37.746027999999995" lon="-122.450886">
      </trkpt>
      <trkpt lat="37.746055999999996" lon="-122.45089">
      </trkpt>
      <trkpt lat="37.746086999999996" lon="-122.45088399999999">
      </trkpt>
      <trkpt lat="37.74612" lon="-122.45087199999999">
      </trkpt>
      <trkpt lat="37.746148" lon="-122.450852">
      </trkpt>
      <trkpt lat="37.746168999999995" lon="-122.450817">
      </trkpt>
      <trkpt lat="37.746186" lon="-122.45076499999999">
      </trkpt>
      <trkpt lat="37.746196999999995" lon="-122.450705">
      </trkpt>
      <trkpt lat="37.746233" lon="-122.450426">
      </trkpt>
      <trkpt lat="37.746247" lon="-122.45033699999999">
      </trkpt>
      <trkpt lat="37.746265" lon="-122.45025">
      </trkpt>
      <trkpt lat="37.746293" lon="-122.45016">
      </trkpt>
      <trkpt lat="37.746328999999996" lon="-122.45006699999999">
      </trkpt>
      <trkpt lat="37.746372" lon="-122.44997699999999">
      </trkpt>
      <trkpt lat="37.746466999999996" lon="-122.449795">
      </trkpt>
      <trkpt lat="37.746615" lon="-122.44952099999999">
      </trkpt>
      <trkpt lat="37.746663" lon="-122.449382">
      </trkpt>
      <trkpt lat="37.746686" lon="-122.449349">
      </trkpt>
      <trkpt lat="37.746708999999996" lon="-122.449317">
      </trkpt>
      <trkpt lat="37.746742" lon="-122.449276">
      </trkpt>
      <trkpt lat="37.746775" lon="-122.449243">
      </trkpt>
      <trkpt lat="37.746812" lon="-122.449209">
      </trkpt>
      <trkpt lat="37.746853" lon="-122.449176">
      </trkpt>
      <trkpt lat="37.746894999999995" lon="-122.449148">
      </trkpt>
      <trkpt lat="37.746939" lon="-122.44912199999999">
      </trkpt>
      <trkpt lat="37.746987" lon="-122.4491">
      </trkpt>
      <trkpt lat="37.747023999999996" lon="-122.449084">
      </trkpt>
      <trkpt lat="37.747046" lon="-122.449079">
      </trkpt>
      <trkpt lat="37.747102" lon="-122.44908">
      </trkpt>
      <trkpt lat="37.747062" lon="-122.44912099999999">
      </trkpt>
      <trkpt lat="37.747040999999996" lon="-122.449137">
      </trkpt>
      <trkpt lat="37.747001999999995" lon="-122.44915599999999">
      </trkpt>
      <trkpt lat="37.746958" lon="-122.44917799999999">
      </trkpt>
      <trkpt lat="37.746916" lon="-122.449203">
      </trkpt>
      <trkpt lat="37.746874999999996" lon="-122.449232">
      </trkpt>
      <trkpt lat="37.746857999999996" lon="-122.449247">
      </trkpt>
      <trkpt lat="37.746839" lon="-122.44926299999999">
      </trkpt>
      <trkpt lat="37.746804" lon="-122.44929499999999">
      </trkpt>
      <trkpt lat="37.746772" lon="-122.449328">
      </trkpt>
      <trkpt lat="37.746742999999995" lon="-122.449359">
      </trkpt>
      <trkpt lat="37.746718" lon="-122.44939199999999">
      </trkpt>
      <trkpt lat="37.746696" lon="-122.449423">
      </trkpt>
      <trkpt lat="37.746615" lon="-122.44952099999999">
      </trkpt>
      <trkpt lat="37.746718" lon="-122.449615">
      </trkpt>
      <trkpt lat="37.746759" lon="-122.449665">
      </trkpt>
      <trkpt lat="37.746795999999996" lon="-122.44971899999999">
      </trkpt>
      <trkpt lat="37.746829999999996" lon="-122.44980299999999">
      </trkpt>
      <trkpt lat="37.746846999999995" lon="-122.449863">
      </trkpt>
      <trkpt lat="37.746853" lon="-122.449911">
      </trkpt>
      <trkpt lat="37.746855" lon="-122.449958">
      </trkpt>
      <trkpt lat="37.746853" lon="-122.450414">
      </trkpt>
      <trkpt lat="37.74686" lon="-122.450519">
      </trkpt>
      <trkpt lat="37.746879" lon="-122.450626">
      </trkpt>
      <trkpt lat="37.7469" lon="-122.450678">
      </trkpt>
      <trkpt lat="37.746879" lon="-122.450626">
      </trkpt>
      <trkpt lat="37.74686" lon="-122.450519">
      </trkpt>
      <trkpt lat="37.746853" lon="-122.450414">
      </trkpt>
      <trkpt lat="37.746855" lon="-122.449958">
      </trkpt>
      <trkpt lat="37.746853" lon="-122.449911">
      </trkpt>
      <trkpt lat="37.746846999999995" lon="-122.449863">
      </trkpt>
      <trkpt lat="37.746829999999996" lon="-122.44980299999999">
      </trkpt>
      <trkpt lat="37.746795999999996" lon="-122.44971899999999">
      </trkpt>
      <trkpt lat="37.746759" lon="-122.449665">
      </trkpt>
      <trkpt lat="37.746718" lon="-122.449615">
      </trkpt>
      <trkpt lat="37.746615" lon="-122.44952099999999">
      </trkpt>
      <trkpt lat="37.746466999999996" lon="-122.449795">
      </trkpt>
      <trkpt lat="37.746372" lon="-122.44997699999999">
      </trkpt>
      <trkpt lat="37.746328999999996" lon="-122.45006699999999">
      </trkpt>
      <trkpt lat="37.746293" lon="-122.45016">
      </trkpt>
      <trkpt lat="37.746265" lon="-122.45025">
      </trkpt>
      <trkpt lat="37.746247" lon="-122.45033699999999">
      </trkpt>
      <trkpt lat="37.746233" lon="-122.450426">
      </trkpt>
      <trkpt lat="37.746196999999995" lon="-122.450705">
      </trkpt>
      <trkpt lat="37.746186" lon="-122.45076499999999">
      </trkpt>
      <trkpt lat="37.746168999999995" lon="-122.450817">
      </trkpt>
      <trkpt lat="37.746148" lon="-122.450852">
      </trkpt>
      <trkpt lat="37.74612" lon="-122.45087199999999">
      </trkpt>
      <trkpt lat="37.746086999999996" lon="-122.45088399999999">
      </trkpt>
      <trkpt lat="37.746055999999996" lon="-122.45089">
      </trkpt>
      <trkpt lat="37.746027999999995" lon="-122.450886">
      </trkpt>
      <trkpt lat="37.74601" lon="-122.45088">
      </trkpt>
      <trkpt lat="37.745899" lon="-122.45082599999999">
      </trkpt>
      <trkpt lat="37.745871" lon="-122.45094499999999">
      </trkpt>
      <trkpt lat="37.74584" lon="-122.451067">
      </trkpt>
      <trkpt lat="37.745802999999995" lon="-122.45119299999999">
      </trkpt>
      <trkpt lat="37.745706" lon="-122.45148499999999">
      </trkpt>
      <trkpt lat="37.745656" lon="-122.45162599999999">
      </trkpt>
      <trkpt lat="37.745605999999995" lon="-122.451724">
      </trkpt>
      <trkpt lat="37.745658" lon="-122.451831">
      </trkpt>
      <trkpt lat="37.745671" lon="-122.451878">
      </trkpt>
      <trkpt lat="37.745684" lon="-122.451934">
      </trkpt>
      <trkpt lat="37.745692" lon="-122.451989">
      </trkpt>
      <trkpt lat="37.745698999999995" lon="-122.45206499999999">
      </trkpt>
      <trkpt lat="37.745701" lon="-122.452151">
      </trkpt>
      <trkpt lat="37.745768999999996" lon="-122.452154">
      </trkpt>
      <trkpt lat="37.745944" lon="-122.452157">
      </trkpt>
      <trkpt lat="37.7461" lon="-122.45215599999999">
      </trkpt>
      <trkpt lat="37.746213999999995" lon="-122.45215599999999">
      </trkpt>
      <trkpt lat="37.746238999999996" lon="-122.452146">
      </trkpt>
      <trkpt lat="37.746263" lon="-122.452131">
      </trkpt>
      <trkpt lat="37.746283" lon="-122.452108">
      </trkpt>
      <trkpt lat="37.746300999999995" lon="-122.45208199999999">
      </trkpt>
      <trkpt lat="37.746415" lon="-122.451904">
      </trkpt>
      <trkpt lat="37.746417" lon="-122.452213">
      </trkpt>
      <trkpt lat="37.746415" lon="-122.451904">
      </trkpt>
      <trkpt lat="37.746300999999995" lon="-122.45208199999999">
      </trkpt>
      <trkpt lat="37.746283" lon="-122.452108">
      </trkpt>
      <trkpt lat="37.746263" lon="-122.452131">
      </trkpt>
      <trkpt lat="37.746238999999996" lon="-122.452146">
      </trkpt>
      <trkpt lat="37.746213999999995" lon="-122.45215599999999">
      </trkpt>
      <trkpt lat="37.7461" lon="-122.45215599999999">
      </trkpt>
      <trkpt lat="37.745944" lon="-122.452157">
      </trkpt>
      <trkpt lat="37.745768999999996" lon="-122.452154">
      </trkpt>
      <trkpt lat="37.745701" lon="-122.452151">
      </trkpt>
      <trkpt lat="37.745697" lon="-122.45223399999999">
      </trkpt>
      <trkpt lat="37.745681999999995" lon="-122.452355">
      </trkpt>
      <trkpt lat="37.745658" lon="-122.452548">
      </trkpt>
      <trkpt lat="37.745654" lon="-122.453431">
      </trkpt>
      <trkpt lat="37.745658999999996" lon="-122.45355599999999">
      </trkpt>
      <trkpt lat="37.745667" lon="-122.45366399999999">
      </trkpt>
      <trkpt lat="37.745686" lon="-122.4538">
      </trkpt>
      <trkpt lat="37.745692" lon="-122.45383">
      </trkpt>
      <trkpt lat="37.745712" lon="-122.45392199999999">
      </trkpt>
      <trkpt lat="37.745756" lon="-122.454044">
      </trkpt>
      <trkpt lat="37.745768999999996" lon="-122.45407999999999">
      </trkpt>
      <trkpt lat="37.745841" lon="-122.45422699999999">
      </trkpt>
      <trkpt lat="37.74604" lon="-122.454483">
      </trkpt>
      <trkpt lat="37.746099" lon="-122.454464">
      </trkpt>
      <trkpt lat="37.746248" lon="-122.454414">
      </trkpt>
      <trkpt lat="37.746489" lon="-122.454264">
      </trkpt>
      <trkpt lat="37.746702" lon="-122.454132">
      </trkpt>
      <trkpt lat="37.746722" lon="-122.45401899999999">
      </trkpt>
      <trkpt lat="37.746727" lon="-122.45396099999999">
      </trkpt>
      <trkpt lat="37.746725999999995" lon="-122.45390099999999">
      </trkpt>
      <trkpt lat="37.746717" lon="-122.45383899999999">
      </trkpt>
      <trkpt lat="37.746702" lon="-122.45378099999999">
      </trkpt>
      <trkpt lat="37.746651" lon="-122.45381599999999">
      </trkpt>
      <trkpt lat="37.746537" lon="-122.45380399999999">
      </trkpt>
      <trkpt lat="37.746449999999996" lon="-122.453761">
      </trkpt>
      <trkpt lat="37.746285" lon="-122.453553">
      </trkpt>
      <trkpt lat="37.746449999999996" lon="-122.453761">
      </trkpt>
      <trkpt lat="37.746537" lon="-122.45380399999999">
      </trkpt>
      <trkpt lat="37.746651" lon="-122.45381599999999">
      </trkpt>
      <trkpt lat="37.746702" lon="-122.45378099999999">
      </trkpt>
      <trkpt lat="37.746717" lon="-122.45383899999999">
      </trkpt>
      <trkpt lat="37.746725999999995" lon="-122.45390099999999">
      </trkpt>
      <trkpt lat="37.746727" lon="-122.45396099999999">
      </trkpt>
      <trkpt lat="37.746722" lon="-122.45401899999999">
      </trkpt>
      <trkpt lat="37.746702" lon="-122.454132">
      </trkpt>
      <trkpt lat="37.746489" lon="-122.454264">
      </trkpt>
      <trkpt lat="37.746248" lon="-122.454414">
      </trkpt>
      <trkpt lat="37.746099" lon="-122.454464">
      </trkpt>
      <trkpt lat="37.74604" lon="-122.454483">
      </trkpt>
      <trkpt lat="37.746089999999995" lon="-122.45456999999999">
      </trkpt>
      <trkpt lat="37.7461" lon="-122.454588">
      </trkpt>
      <trkpt lat="37.746128999999996" lon="-122.45463799999999">
      </trkpt>
      <trkpt lat="37.746164" lon="-122.454708">
      </trkpt>
      <trkpt lat="37.746193999999996" lon="-122.454781">
      </trkpt>
      <trkpt lat="37.746218999999996" lon="-122.454867">
      </trkpt>
      <trkpt lat="37.746347" lon="-122.455371">
      </trkpt>
      <trkpt lat="37.746356999999996" lon="-122.45540799999999">
      </trkpt>
      <trkpt lat="37.746361" lon="-122.455424">
      </trkpt>
      <trkpt lat="37.746373999999996" lon="-122.45547699999999">
      </trkpt>
      <trkpt lat="37.746387999999996" lon="-122.45552699999999">
      </trkpt>
      <trkpt lat="37.746393" lon="-122.455547">
      </trkpt>
      <trkpt lat="37.746404999999996" lon="-122.455591">
      </trkpt>
      <trkpt lat="37.746482" lon="-122.456063">
      </trkpt>
      <trkpt lat="37.746516" lon="-122.45618999999999">
      </trkpt>
      <trkpt lat="37.746531999999995" lon="-122.456256">
      </trkpt>
      <trkpt lat="37.746545" lon="-122.45630999999999">
      </trkpt>
      <trkpt lat="37.746441" lon="-122.456352">
      </trkpt>
      <trkpt lat="37.74643" lon="-122.456356">
      </trkpt>
      <trkpt lat="37.746336" lon="-122.45639399999999">
      </trkpt>
      <trkpt lat="37.746241" lon="-122.456441">
      </trkpt>
      <trkpt lat="37.746148999999996" lon="-122.456499">
      </trkpt>
      <trkpt lat="37.746061999999995" lon="-122.45656799999999">
      </trkpt>
      <trkpt lat="37.745978" lon="-122.456648">
      </trkpt>
      <trkpt lat="37.745521" lon="-122.457145">
      </trkpt>
      <trkpt lat="37.745501" lon="-122.457177">
      </trkpt>
      <trkpt lat="37.745495" lon="-122.457185">
      </trkpt>
      <trkpt lat="37.745436" lon="-122.457279">
      </trkpt>
      <trkpt lat="37.745384" lon="-122.457197">
      </trkpt>
      <trkpt lat="37.745337" lon="-122.457145">
      </trkpt>
      <trkpt lat="37.745307" lon="-122.45711399999999">
      </trkpt>
      <trkpt lat="37.745239" lon="-122.457062">
      </trkpt>
      <trkpt lat="37.745171" lon="-122.45702299999999">
      </trkpt>
      <trkpt lat="37.744892" lon="-122.456898">
      </trkpt>
      <trkpt lat="37.744834" lon="-122.45687199999999">
      </trkpt>
      <trkpt lat="37.744870999999996" lon="-122.456773">
      </trkpt>
      <trkpt lat="37.744915" lon="-122.45669">
      </trkpt>
      <trkpt lat="37.744968" lon="-122.456606">
      </trkpt>
      <trkpt lat="37.74503" lon="-122.456531">
      </trkpt>
      <trkpt lat="37.745526" lon="-122.455995">
      </trkpt>
      <trkpt lat="37.745616" lon="-122.455908">
      </trkpt>
      <trkpt lat="37.745712999999995" lon="-122.455822">
      </trkpt>
      <trkpt lat="37.745774999999995" lon="-122.455776">
      </trkpt>
      <trkpt lat="37.745712999999995" lon="-122.455822">
      </trkpt>
      <trkpt lat="37.745616" lon="-122.455908">
      </trkpt>
      <trkpt lat="37.745526" lon="-122.455995">
      </trkpt>
      <trkpt lat="37.745049" lon="-122.45651">
      </trkpt>
      <trkpt lat="37.74503" lon="-122.456531">
      </trkpt>
      <trkpt lat="37.744968" lon="-122.456606">
      </trkpt>
      <trkpt lat="37.744915" lon="-122.45669">
      </trkpt>
      <trkpt lat="37.744870999999996" lon="-122.456773">
      </trkpt>
      <trkpt lat="37.744834" lon="-122.45687199999999">
      </trkpt>
      <trkpt lat="37.744809" lon="-122.45696799999999">
      </trkpt>
      <trkpt lat="37.744788" lon="-122.45707499999999">
      </trkpt>
      <trkpt lat="37.744778" lon="-122.457186">
      </trkpt>
      <trkpt lat="37.744778" lon="-122.45729999999999">
      </trkpt>
      <trkpt lat="37.74479" lon="-122.457405">
      </trkpt>
      <trkpt lat="37.744872" lon="-122.45790799999999">
      </trkpt>
      <trkpt lat="37.744901" lon="-122.45808299999999">
      </trkpt>
      <trkpt lat="37.744975" lon="-122.45853899999999">
      </trkpt>
      <trkpt lat="37.745005" lon="-122.458681">
      </trkpt>
      <trkpt lat="37.74505" lon="-122.45881">
      </trkpt>
      <trkpt lat="37.745104999999995" lon="-122.45893099999999">
      </trkpt>
      <trkpt lat="37.745171" lon="-122.45903299999999">
      </trkpt>
      <trkpt lat="37.74521" lon="-122.459097">
      </trkpt>
      <trkpt lat="37.74523" lon="-122.45912999999999">
      </trkpt>
      <trkpt lat="37.745278" lon="-122.459234">
      </trkpt>
      <trkpt lat="37.745134" lon="-122.459418">
      </trkpt>
      <trkpt lat="37.744569999999996" lon="-122.460138">
      </trkpt>
      <trkpt lat="37.744011" lon="-122.46085599999999">
      </trkpt>
      <trkpt lat="37.743975999999996" lon="-122.46090199999999">
      </trkpt>
      <trkpt lat="37.743885999999996" lon="-122.46099799999999">
      </trkpt>
      <trkpt lat="37.743814" lon="-122.460982">
      </trkpt>
      <trkpt lat="37.743815" lon="-122.46082299999999">
      </trkpt>
      <trkpt lat="37.743803" lon="-122.45997">
      </trkpt>
      <trkpt lat="37.743806" lon="-122.459907">
      </trkpt>
      <trkpt lat="37.743818" lon="-122.459851">
      </trkpt>
      <trkpt lat="37.743840999999996" lon="-122.459791">
      </trkpt>
      <trkpt lat="37.743871999999996" lon="-122.459741">
      </trkpt>
      <trkpt lat="37.744054" lon="-122.459502">
      </trkpt>
      <trkpt lat="37.744273" lon="-122.45923699999999">
      </trkpt>
      <trkpt lat="37.744313" lon="-122.459188">
      </trkpt>
      <trkpt lat="37.744343" lon="-122.45915">
      </trkpt>
      <trkpt lat="37.7444" lon="-122.45917299999999">
      </trkpt>
      <trkpt lat="37.744313" lon="-122.45928699999999">
      </trkpt>
      <trkpt lat="37.744099999999996" lon="-122.459564">
      </trkpt>
      <trkpt lat="37.743919999999996" lon="-122.45979799999999">
      </trkpt>
      <trkpt lat="37.743888999999996" lon="-122.459851">
      </trkpt>
      <trkpt lat="37.743874999999996" lon="-122.459907">
      </trkpt>
      <trkpt lat="37.743868" lon="-122.459969">
      </trkpt>
      <trkpt lat="37.743876" lon="-122.460346">
      </trkpt>
      <trkpt lat="37.743885999999996" lon="-122.46083899999999">
      </trkpt>
      <trkpt lat="37.743885999999996" lon="-122.46099799999999">
      </trkpt>
      <trkpt lat="37.743814" lon="-122.460982">
      </trkpt>
      <trkpt lat="37.743815" lon="-122.46082299999999">
      </trkpt>
      <trkpt lat="37.743803" lon="-122.45997">
      </trkpt>
      <trkpt lat="37.743806" lon="-122.459907">
      </trkpt>
      <trkpt lat="37.743818" lon="-122.459851">
      </trkpt>
      <trkpt lat="37.743717" lon="-122.459953">
      </trkpt>
      <trkpt lat="37.743521" lon="-122.46019799999999">
      </trkpt>
      <trkpt lat="37.743449999999996" lon="-122.460297">
      </trkpt>
      <trkpt lat="37.743379999999995" lon="-122.460415">
      </trkpt>
      <trkpt lat="37.743325" lon="-122.460538">
      </trkpt>
      <trkpt lat="37.74328" lon="-122.460658">
      </trkpt>
      <trkpt lat="37.743241999999995" lon="-122.460781">
      </trkpt>
      <trkpt lat="37.743224" lon="-122.460848">
      </trkpt>
      <trkpt lat="37.743210999999995" lon="-122.460883">
      </trkpt>
      <trkpt lat="37.743195" lon="-122.460906">
      </trkpt>
      <trkpt lat="37.743176" lon="-122.460926">
      </trkpt>
      <trkpt lat="37.743144" lon="-122.46095199999999">
      </trkpt>
      <trkpt lat="37.743113" lon="-122.460961">
      </trkpt>
      <trkpt lat="37.743079" lon="-122.46095899999999">
      </trkpt>
      <trkpt lat="37.743079" lon="-122.46095899999999">
      </trkpt>
      <trkpt lat="37.743113" lon="-122.460961">
      </trkpt>
      <trkpt lat="37.743144" lon="-122.46095199999999">
      </trkpt>
      <trkpt lat="37.743176" lon="-122.460926">
      </trkpt>
      <trkpt lat="37.743195" lon="-122.460906">
      </trkpt>
      <trkpt lat="37.743210999999995" lon="-122.460883">
      </trkpt>
      <trkpt lat="37.743224" lon="-122.460848">
      </trkpt>
      <trkpt lat="37.743241999999995" lon="-122.460781">
      </trkpt>
      <trkpt lat="37.74328" lon="-122.460658">
      </trkpt>
      <trkpt lat="37.743325" lon="-122.460538">
      </trkpt>
      <trkpt lat="37.743379999999995" lon="-122.460415">
      </trkpt>
      <trkpt lat="37.743449999999996" lon="-122.460297">
      </trkpt>
      <trkpt lat="37.743521" lon="-122.46019799999999">
      </trkpt>
      <trkpt lat="37.743717" lon="-122.459953">
      </trkpt>
      <trkpt lat="37.743818" lon="-122.459851">
      </trkpt>
      <trkpt lat="37.743806" lon="-122.459907">
      </trkpt>
      <trkpt lat="37.743803" lon="-122.45997">
      </trkpt>
      <trkpt lat="37.743815" lon="-122.46082299999999">
      </trkpt>
      <trkpt lat="37.743814" lon="-122.460982">
      </trkpt>
      <trkpt lat="37.743812" lon="-122.461011">
      </trkpt>
      <trkpt lat="37.743772" lon="-122.461089">
      </trkpt>
      <trkpt lat="37.743753" lon="-122.461124">
      </trkpt>
      <trkpt lat="37.743502" lon="-122.461434">
      </trkpt>
      <trkpt lat="37.743337" lon="-122.461637">
      </trkpt>
      <trkpt lat="37.743275" lon="-122.4617">
      </trkpt>
      <trkpt lat="37.74321" lon="-122.46174099999999">
      </trkpt>
      <trkpt lat="37.743137" lon="-122.461761">
      </trkpt>
      <trkpt lat="37.743072" lon="-122.461754">
      </trkpt>
      <trkpt lat="37.742996" lon="-122.461721">
      </trkpt>
      <trkpt lat="37.742936" lon="-122.461672">
      </trkpt>
      <trkpt lat="37.742875999999995" lon="-122.461604">
      </trkpt>
      <trkpt lat="37.742782" lon="-122.461475">
      </trkpt>
      <trkpt lat="37.742709999999995" lon="-122.46139099999999">
      </trkpt>
      <trkpt lat="37.742627999999996" lon="-122.461304">
      </trkpt>
      <trkpt lat="37.742433999999996" lon="-122.46112699999999">
      </trkpt>
      <trkpt lat="37.741645" lon="-122.46037799999999">
      </trkpt>
      <trkpt lat="37.741206999999996" lon="-122.45996099999999">
      </trkpt>
      <trkpt lat="37.741158999999996" lon="-122.459925">
      </trkpt>
      <trkpt lat="37.741060999999995" lon="-122.459851">
      </trkpt>
      <trkpt lat="37.741067" lon="-122.45994499999999">
      </trkpt>
      <trkpt lat="37.741074" lon="-122.460034">
      </trkpt>
      <trkpt lat="37.741077" lon="-122.46017599999999">
      </trkpt>
      <trkpt lat="37.741078" lon="-122.46030599999999">
      </trkpt>
      <trkpt lat="37.741068999999996" lon="-122.460431">
      </trkpt>
      <trkpt lat="37.741048" lon="-122.46055899999999">
      </trkpt>
      <trkpt lat="37.741017" lon="-122.460684">
      </trkpt>
      <trkpt lat="37.740916999999996" lon="-122.460999">
      </trkpt>
      <trkpt lat="37.740894999999995" lon="-122.46106999999999">
      </trkpt>
      <trkpt lat="37.740975999999996" lon="-122.46107699999999">
      </trkpt>
      <trkpt lat="37.740992" lon="-122.461078">
      </trkpt>
      <trkpt lat="37.741087" lon="-122.461102">
      </trkpt>
      <trkpt lat="37.741188" lon="-122.461136">
      </trkpt>
      <trkpt lat="37.741288999999995" lon="-122.46118">
      </trkpt>
      <trkpt lat="37.741394" lon="-122.461238">
      </trkpt>
      <trkpt lat="37.741493" lon="-122.461298">
      </trkpt>
      <trkpt lat="37.741595" lon="-122.461368">
      </trkpt>
      <trkpt lat="37.741699" lon="-122.46144899999999">
      </trkpt>
      <trkpt lat="37.741794" lon="-122.46153699999999">
      </trkpt>
      <trkpt lat="37.741893999999995" lon="-122.46163899999999">
      </trkpt>
      <trkpt lat="37.741979" lon="-122.46173999999999">
      </trkpt>
      <trkpt lat="37.742069" lon="-122.461856">
      </trkpt>
      <trkpt lat="37.742146999999996" lon="-122.461975">
      </trkpt>
      <trkpt lat="37.742186" lon="-122.462042">
      </trkpt>
      <trkpt lat="37.742146999999996" lon="-122.461975">
      </trkpt>
      <trkpt lat="37.742069" lon="-122.461856">
      </trkpt>
      <trkpt lat="37.741979" lon="-122.46173999999999">
      </trkpt>
      <trkpt lat="37.741893999999995" lon="-122.46163899999999">
      </trkpt>
      <trkpt lat="37.741794" lon="-122.46153699999999">
      </trkpt>
      <trkpt lat="37.741699" lon="-122.46144899999999">
      </trkpt>
      <trkpt lat="37.741595" lon="-122.461368">
      </trkpt>
      <trkpt lat="37.741493" lon="-122.461298">
      </trkpt>
      <trkpt lat="37.741394" lon="-122.461238">
      </trkpt>
      <trkpt lat="37.741288999999995" lon="-122.46118">
      </trkpt>
      <trkpt lat="37.741188" lon="-122.461136">
      </trkpt>
      <trkpt lat="37.741087" lon="-122.461102">
      </trkpt>
      <trkpt lat="37.740992" lon="-122.461078">
      </trkpt>
      <trkpt lat="37.740975999999996" lon="-122.46107699999999">
      </trkpt>
      <trkpt lat="37.740894999999995" lon="-122.46106999999999">
      </trkpt>
      <trkpt lat="37.74087" lon="-122.46117299999999">
      </trkpt>
      <trkpt lat="37.740853" lon="-122.461272">
      </trkpt>
      <trkpt lat="37.740845" lon="-122.46137399999999">
      </trkpt>
      <trkpt lat="37.740818" lon="-122.461912">
      </trkpt>
      <trkpt lat="37.740795" lon="-122.462347">
      </trkpt>
      <trkpt lat="37.740852" lon="-122.46236599999999">
      </trkpt>
      <trkpt lat="37.740883" lon="-122.46237699999999">
      </trkpt>
      <trkpt lat="37.740961" lon="-122.46240999999999">
      </trkpt>
      <trkpt lat="37.741043" lon="-122.462452">
      </trkpt>
      <trkpt lat="37.741132" lon="-122.46252199999999">
      </trkpt>
      <trkpt lat="37.741211" lon="-122.46260199999999">
      </trkpt>
      <trkpt lat="37.741288" lon="-122.462694">
      </trkpt>
      <trkpt lat="37.741351" lon="-122.46279299999999">
      </trkpt>
      <trkpt lat="37.741382" lon="-122.462853">
      </trkpt>
      <trkpt lat="37.741414" lon="-122.46291599999999">
      </trkpt>
      <trkpt lat="37.74147" lon="-122.46303999999999">
      </trkpt>
      <trkpt lat="37.741906" lon="-122.464045">
      </trkpt>
      <trkpt lat="37.741924" lon="-122.46408699999999">
      </trkpt>
      <trkpt lat="37.741938999999995" lon="-122.46412">
      </trkpt>
      <trkpt lat="37.741982" lon="-122.464097">
      </trkpt>
      <trkpt lat="37.742041" lon="-122.46406499999999">
      </trkpt>
      <trkpt lat="37.742155" lon="-122.464011">
      </trkpt>
      <trkpt lat="37.742188999999996" lon="-122.46399699999999">
      </trkpt>
      <trkpt lat="37.742262" lon="-122.463966">
      </trkpt>
      <trkpt lat="37.742318" lon="-122.46394599999999">
      </trkpt>
      <trkpt lat="37.74235" lon="-122.46393499999999">
      </trkpt>
      <trkpt lat="37.742377999999995" lon="-122.46392499999999">
      </trkpt>
      <trkpt lat="37.742491" lon="-122.463893">
      </trkpt>
      <trkpt lat="37.742611" lon="-122.463866">
      </trkpt>
      <trkpt lat="37.74266" lon="-122.46385699999999">
      </trkpt>
      <trkpt lat="37.742768" lon="-122.463837">
      </trkpt>
      <trkpt lat="37.742852" lon="-122.46382899999999">
      </trkpt>
      <trkpt lat="37.742889" lon="-122.463825">
      </trkpt>
      <trkpt lat="37.742933" lon="-122.463821">
      </trkpt>
      <trkpt lat="37.743035" lon="-122.46380599999999">
      </trkpt>
      <trkpt lat="37.74306" lon="-122.463802">
      </trkpt>
      <trkpt lat="37.743323" lon="-122.463764">
      </trkpt>
      <trkpt lat="37.743316" lon="-122.463726">
      </trkpt>
      <trkpt lat="37.743311" lon="-122.463691">
      </trkpt>
      <trkpt lat="37.743303" lon="-122.463663">
      </trkpt>
      <trkpt lat="37.743286999999995" lon="-122.463625">
      </trkpt>
      <trkpt lat="37.742663" lon="-122.46219599999999">
      </trkpt>
      <trkpt lat="37.742588" lon="-122.462029">
      </trkpt>
      <trkpt lat="37.742515999999995" lon="-122.46188599999999">
      </trkpt>
      <trkpt lat="37.742436999999995" lon="-122.46174699999999">
      </trkpt>
      <trkpt lat="37.742343999999996" lon="-122.46160499999999">
      </trkpt>
      <trkpt lat="37.742246" lon="-122.461468">
      </trkpt>
      <trkpt lat="37.742139" lon="-122.46134099999999">
      </trkpt>
      <trkpt lat="37.742038" lon="-122.461232">
      </trkpt>
      <trkpt lat="37.74198" lon="-122.461175">
      </trkpt>
      <trkpt lat="37.742038" lon="-122.461232">
      </trkpt>
      <trkpt lat="37.742139" lon="-122.46134099999999">
      </trkpt>
      <trkpt lat="37.742246" lon="-122.461468">
      </trkpt>
      <trkpt lat="37.742343999999996" lon="-122.46160499999999">
      </trkpt>
      <trkpt lat="37.742436999999995" lon="-122.46174699999999">
      </trkpt>
      <trkpt lat="37.742515999999995" lon="-122.46188599999999">
      </trkpt>
      <trkpt lat="37.742588" lon="-122.462029">
      </trkpt>
      <trkpt lat="37.742663" lon="-122.46219599999999">
      </trkpt>
      <trkpt lat="37.743286999999995" lon="-122.463625">
      </trkpt>
      <trkpt lat="37.743303" lon="-122.463663">
      </trkpt>
      <trkpt lat="37.743311" lon="-122.463691">
      </trkpt>
      <trkpt lat="37.743316" lon="-122.463726">
      </trkpt>
      <trkpt lat="37.743323" lon="-122.463764">
      </trkpt>
      <trkpt lat="37.743462" lon="-122.46370499999999">
      </trkpt>
      <trkpt lat="37.743491" lon="-122.463692">
      </trkpt>
      <trkpt lat="37.743517" lon="-122.463681">
      </trkpt>
      <trkpt lat="37.743586" lon="-122.463647">
      </trkpt>
      <trkpt lat="37.743595" lon="-122.46361499999999">
      </trkpt>
      <trkpt lat="37.743607" lon="-122.463585">
      </trkpt>
      <trkpt lat="37.743623" lon="-122.46355799999999">
      </trkpt>
      <trkpt lat="37.743604" lon="-122.46345699999999">
      </trkpt>
      <trkpt lat="37.743569" lon="-122.46328899999999">
      </trkpt>
      <trkpt lat="37.743389" lon="-122.46287799999999">
      </trkpt>
      <trkpt lat="37.743459" lon="-122.462791">
      </trkpt>
      <trkpt lat="37.744504" lon="-122.46145">
      </trkpt>
      <trkpt lat="37.744622" lon="-122.4613">
      </trkpt>
      <trkpt lat="37.744561999999995" lon="-122.461259">
      </trkpt>
      <trkpt lat="37.744512" lon="-122.461225">
      </trkpt>
      <trkpt lat="37.744025" lon="-122.461107">
      </trkpt>
      <trkpt lat="37.743947" lon="-122.461046">
      </trkpt>
      <trkpt lat="37.743885999999996" lon="-122.46099799999999">
      </trkpt>
      <trkpt lat="37.743814" lon="-122.460982">
      </trkpt>
      <trkpt lat="37.743815" lon="-122.46082299999999">
      </trkpt>
      <trkpt lat="37.743803" lon="-122.45997">
      </trkpt>
      <trkpt lat="37.743806" lon="-122.459907">
      </trkpt>
      <trkpt lat="37.743818" lon="-122.459851">
      </trkpt>
      <trkpt lat="37.743717" lon="-122.459953">
      </trkpt>
      <trkpt lat="37.743521" lon="-122.46019799999999">
      </trkpt>
      <trkpt lat="37.743449999999996" lon="-122.460297">
      </trkpt>
      <trkpt lat="37.743379999999995" lon="-122.460415">
      </trkpt>
      <trkpt lat="37.743325" lon="-122.460538">
      </trkpt>
      <trkpt lat="37.74328" lon="-122.460658">
      </trkpt>
      <trkpt lat="37.743241999999995" lon="-122.460781">
      </trkpt>
      <trkpt lat="37.743224" lon="-122.460848">
      </trkpt>
      <trkpt lat="37.743210999999995" lon="-122.460883">
      </trkpt>
      <trkpt lat="37.743195" lon="-122.460906">
      </trkpt>
      <trkpt lat="37.743176" lon="-122.460926">
      </trkpt>
      <trkpt lat="37.743144" lon="-122.46095199999999">
      </trkpt>
      <trkpt lat="37.743113" lon="-122.460961">
      </trkpt>
      <trkpt lat="37.743079" lon="-122.46095899999999">
      </trkpt>
      <trkpt lat="37.74305" lon="-122.46095">
      </trkpt>
      <trkpt lat="37.743021999999996" lon="-122.46093499999999">
      </trkpt>
      <trkpt lat="37.742993999999996" lon="-122.46091899999999">
      </trkpt>
      <trkpt lat="37.742968" lon="-122.460889">
      </trkpt>
      <trkpt lat="37.742951999999995" lon="-122.46085599999999">
      </trkpt>
      <trkpt lat="37.74294" lon="-122.460815">
      </trkpt>
      <trkpt lat="37.742937" lon="-122.46078">
      </trkpt>
      <trkpt lat="37.742948" lon="-122.46072799999999">
      </trkpt>
      <trkpt lat="37.74297" lon="-122.460663">
      </trkpt>
      <trkpt lat="37.742999999999995" lon="-122.460595">
      </trkpt>
      <trkpt lat="37.743041999999996" lon="-122.46048599999999">
      </trkpt>
      <trkpt lat="37.743066" lon="-122.46041899999999">
      </trkpt>
      <trkpt lat="37.743089999999995" lon="-122.460359">
      </trkpt>
      <trkpt lat="37.743131" lon="-122.460242">
      </trkpt>
      <trkpt lat="37.743184" lon="-122.460107">
      </trkpt>
      <trkpt lat="37.743246" lon="-122.45996299999999">
      </trkpt>
      <trkpt lat="37.743314999999996" lon="-122.459819">
      </trkpt>
      <trkpt lat="37.743379" lon="-122.459696">
      </trkpt>
      <trkpt lat="37.743446" lon="-122.45957399999999">
      </trkpt>
      <trkpt lat="37.743477" lon="-122.45948899999999">
      </trkpt>
      <trkpt lat="37.743493" lon="-122.45940499999999">
      </trkpt>
      <trkpt lat="37.743482" lon="-122.459308">
      </trkpt>
      <trkpt lat="37.743442" lon="-122.459217">
      </trkpt>
      <trkpt lat="37.743399" lon="-122.459143">
      </trkpt>
      <trkpt lat="37.743347" lon="-122.45903999999999">
      </trkpt>
      <trkpt lat="37.743313" lon="-122.45895399999999">
      </trkpt>
      <trkpt lat="37.743272999999995" lon="-122.458851">
      </trkpt>
      <trkpt lat="37.743248" lon="-122.458783">
      </trkpt>
      <trkpt lat="37.743217" lon="-122.458732">
      </trkpt>
      <trkpt lat="37.743186" lon="-122.458692">
      </trkpt>
      <trkpt lat="37.743145999999996" lon="-122.45866699999999">
      </trkpt>
      <trkpt lat="37.743079" lon="-122.458635">
      </trkpt>
      <trkpt lat="37.742999" lon="-122.45862">
      </trkpt>
      <trkpt lat="37.742922" lon="-122.458641">
      </trkpt>
      <trkpt lat="37.742836" lon="-122.45866">
      </trkpt>
      <trkpt lat="37.742751" lon="-122.458683">
      </trkpt>
      <trkpt lat="37.742681999999995" lon="-122.458703">
      </trkpt>
      <trkpt lat="37.742623" lon="-122.45871899999999">
      </trkpt>
      <trkpt lat="37.742588999999995" lon="-122.45875">
      </trkpt>
      <trkpt lat="37.742506" lon="-122.45882599999999">
      </trkpt>
      <trkpt lat="37.742436999999995" lon="-122.458895">
      </trkpt>
      <trkpt lat="37.742415" lon="-122.45894">
      </trkpt>
      <trkpt lat="37.742398" lon="-122.45896499999999">
      </trkpt>
      <trkpt lat="37.74241" lon="-122.459032">
      </trkpt>
      <trkpt lat="37.742433" lon="-122.459127">
      </trkpt>
      <trkpt lat="37.742481" lon="-122.459246">
      </trkpt>
      <trkpt lat="37.742517" lon="-122.459345">
      </trkpt>
      <trkpt lat="37.74255" lon="-122.45947799999999">
      </trkpt>
      <trkpt lat="37.742588" lon="-122.459661">
      </trkpt>
      <trkpt lat="37.74259" lon="-122.459671">
      </trkpt>
      <trkpt lat="37.742624" lon="-122.45983">
      </trkpt>
      <trkpt lat="37.742649" lon="-122.45990599999999">
      </trkpt>
      <trkpt lat="37.742681999999995" lon="-122.45996099999999">
      </trkpt>
      <trkpt lat="37.742723" lon="-122.459994">
      </trkpt>
      <trkpt lat="37.742765" lon="-122.46000199999999">
      </trkpt>
      <trkpt lat="37.742815" lon="-122.459997">
      </trkpt>
      <trkpt lat="37.742864999999995" lon="-122.459966">
      </trkpt>
      <trkpt lat="37.74292" lon="-122.459879">
      </trkpt>
      <trkpt lat="37.742976" lon="-122.45978799999999">
      </trkpt>
      <trkpt lat="37.743024" lon="-122.459752">
      </trkpt>
      <trkpt lat="37.743066" lon="-122.459729">
      </trkpt>
      <trkpt lat="37.743134" lon="-122.459705">
      </trkpt>
      <trkpt lat="37.743179999999995" lon="-122.45966399999999">
      </trkpt>
      <trkpt lat="37.743252" lon="-122.45961199999999">
      </trkpt>
      <trkpt lat="37.743345999999995" lon="-122.459514">
      </trkpt>
      <trkpt lat="37.743404999999996" lon="-122.45941599999999">
      </trkpt>
      <trkpt lat="37.743482" lon="-122.459308">
      </trkpt>
      <trkpt lat="37.743493" lon="-122.45940499999999">
      </trkpt>
      <trkpt lat="37.743477" lon="-122.45948899999999">
      </trkpt>
      <trkpt lat="37.743446" lon="-122.45957399999999">
      </trkpt>
      <trkpt lat="37.743379" lon="-122.459696">
      </trkpt>
      <trkpt lat="37.743314999999996" lon="-122.459819">
      </trkpt>
      <trkpt lat="37.743246" lon="-122.45996299999999">
      </trkpt>
      <trkpt lat="37.743184" lon="-122.460107">
      </trkpt>
      <trkpt lat="37.743131" lon="-122.460242">
      </trkpt>
      <trkpt lat="37.743089999999995" lon="-122.460359">
      </trkpt>
      <trkpt lat="37.743066" lon="-122.46041899999999">
      </trkpt>
      <trkpt lat="37.743041999999996" lon="-122.46048599999999">
      </trkpt>
      <trkpt lat="37.742999999999995" lon="-122.460595">
      </trkpt>
      <trkpt lat="37.74297" lon="-122.460663">
      </trkpt>
      <trkpt lat="37.742948" lon="-122.46072799999999">
      </trkpt>
      <trkpt lat="37.742937" lon="-122.46078">
      </trkpt>
      <trkpt lat="37.74294" lon="-122.460815">
      </trkpt>
      <trkpt lat="37.742951999999995" lon="-122.46085599999999">
      </trkpt>
      <trkpt lat="37.742968" lon="-122.460889">
      </trkpt>
      <trkpt lat="37.742993999999996" lon="-122.46091899999999">
      </trkpt>
      <trkpt lat="37.743021999999996" lon="-122.46093499999999">
      </trkpt>
      <trkpt lat="37.74305" lon="-122.46095">
      </trkpt>
      <trkpt lat="37.743079" lon="-122.46095899999999">
      </trkpt>
      <trkpt lat="37.743113" lon="-122.460961">
      </trkpt>
      <trkpt lat="37.743144" lon="-122.46095199999999">
      </trkpt>
      <trkpt lat="37.743176" lon="-122.460926">
      </trkpt>
      <trkpt lat="37.743195" lon="-122.460906">
      </trkpt>
      <trkpt lat="37.743210999999995" lon="-122.460883">
      </trkpt>
      <trkpt lat="37.743224" lon="-122.460848">
      </trkpt>
      <trkpt lat="37.743241999999995" lon="-122.460781">
      </trkpt>
      <trkpt lat="37.74328" lon="-122.460658">
      </trkpt>
      <trkpt lat="37.743325" lon="-122.460538">
      </trkpt>
      <trkpt lat="37.743379999999995" lon="-122.460415">
      </trkpt>
      <trkpt lat="37.743449999999996" lon="-122.460297">
      </trkpt>
      <trkpt lat="37.743521" lon="-122.46019799999999">
      </trkpt>
      <trkpt lat="37.743717" lon="-122.459953">
      </trkpt>
      <trkpt lat="37.743818" lon="-122.459851">
      </trkpt>
      <trkpt lat="37.743806" lon="-122.459907">
      </trkpt>
      <trkpt lat="37.743803" lon="-122.45997">
      </trkpt>
      <trkpt lat="37.743815" lon="-122.46082299999999">
      </trkpt>
      <trkpt lat="37.743814" lon="-122.460982">
      </trkpt>
      <trkpt lat="37.743812" lon="-122.461011">
      </trkpt>
      <trkpt lat="37.743772" lon="-122.461089">
      </trkpt>
      <trkpt lat="37.743753" lon="-122.461124">
      </trkpt>
      <trkpt lat="37.743502" lon="-122.461434">
      </trkpt>
      <trkpt lat="37.743337" lon="-122.461637">
      </trkpt>
      <trkpt lat="37.743275" lon="-122.4617">
      </trkpt>
      <trkpt lat="37.74321" lon="-122.46174099999999">
      </trkpt>
      <trkpt lat="37.743137" lon="-122.461761">
      </trkpt>
      <trkpt lat="37.743072" lon="-122.461754">
      </trkpt>
      <trkpt lat="37.742996" lon="-122.461721">
      </trkpt>
      <trkpt lat="37.742936" lon="-122.461672">
      </trkpt>
      <trkpt lat="37.742875999999995" lon="-122.461604">
      </trkpt>
      <trkpt lat="37.742782" lon="-122.461475">
      </trkpt>
      <trkpt lat="37.742709999999995" lon="-122.46139099999999">
      </trkpt>
      <trkpt lat="37.742627999999996" lon="-122.461304">
      </trkpt>
      <trkpt lat="37.742433999999996" lon="-122.46112699999999">
      </trkpt>
      <trkpt lat="37.741645" lon="-122.46037799999999">
      </trkpt>
      <trkpt lat="37.741396" lon="-122.460141">
      </trkpt>
      <trkpt lat="37.741206999999996" lon="-122.45996099999999">
      </trkpt>
      <trkpt lat="37.741158999999996" lon="-122.459925">
      </trkpt>
      <trkpt lat="37.741060999999995" lon="-122.459851">
      </trkpt>
      <trkpt lat="37.741009" lon="-122.459806">
      </trkpt>
      <trkpt lat="37.7407" lon="-122.45952899999999">
      </trkpt>
      <trkpt lat="37.740704" lon="-122.459594">
      </trkpt>
      <trkpt lat="37.740714" lon="-122.45973199999999">
      </trkpt>
      <trkpt lat="37.740721" lon="-122.459896">
      </trkpt>
      <trkpt lat="37.740721" lon="-122.46004099999999">
      </trkpt>
      <trkpt lat="37.740718" lon="-122.46018199999999">
      </trkpt>
    </trkseg>
  </trk>
</gpx>