<?xml version="1.0" encoding="UTF-8"?>
<gpx xmlns="http://www.topografix.com/GPX/1/1" xmlns:xsi="http://www.w3.org/2001/XMLSchema-instance" xsi:schemaLocation="http://www.topografix.com/GPX/1/1 http://www.topografix.com/GPX/1/1/gpx.xsd" version="1.1" creator="gpx.py -- https://github.com/tkrajina/gpxpy">
  <metadata>
    <name>Route Sculptor Demo: horse</name>
    <desc></desc>
  </metadata>
  <trk>
    <name>Route Sculptor Demo: horse</name>
    <trkseg>
      <trkpt lat="37.739871" lon="-122.421199">
      </trkpt>
      <trkpt lat="37.740303" lon="-122.42225499999999">
      </trkpt>
      <trkpt lat="37.740514999999995" lon="-122.422772">
      </trkpt>
      <trkpt lat="37.740584" lon="-122.42294">
      </trkpt>
      <trkpt lat="37.740596" lon="-122.42296999999999">
      </trkpt>
      <trkpt lat="37.740646999999996" lon="-122.42309499999999">
      </trkpt>
      <trkpt lat="37.74058" lon="-122.42313899999999">
      </trkpt>
      <trkpt lat="37.740294" lon="-122.423324">
      </trkpt>
      <trkpt lat="37.740164" lon="-122.423407">
      </trkpt>
      <trkpt lat="37.740083999999996" lon="-122.423462">
      </trkpt>
      <trkpt lat="37.739974" lon="-122.423538">
      </trkpt>
      <trkpt lat="37.739954999999995" lon="-122.42354999999999">
      </trkpt>
      <trkpt lat="37.739868" lon="-122.42360699999999">
      </trkpt>
      <trkpt lat="37.739762" lon="-122.423672">
      </trkpt>
      <trkpt lat="37.739703" lon="-122.42370799999999">
      </trkpt>
      <trkpt lat="37.739695" lon="-122.42371399999999">
      </trkpt>
      <trkpt lat="37.739475999999996" lon="-122.42384999999999">
      </trkpt>
      <trkpt lat="37.739298" lon="-122.42392199999999">
      </trkpt>
      <trkpt lat="37.739194999999995" lon="-122.423941">
      </trkpt>
      <trkpt lat="37.739077" lon="-122.42394999999999">
      </trkpt>
      <trkpt lat="37.739038" lon="-122.423953">
      </trkpt>
      <trkpt lat="37.738924" lon="-122.42396099999999">
      </trkpt>
      <trkpt lat="37.738856999999996" lon="-122.42396699999999">
      </trkpt>
      <trkpt lat="37.738741" lon="-122.423974">
      </trkpt>
      <trkpt lat="37.737632" lon="-122.42404099999999">
      </trkpt>
      <trkpt lat="37.737441" lon="-122.42405199999999">
      </trkpt>
      <trkpt lat="37.737368" lon="-122.42405699999999">
      </trkpt>
      <trkpt lat="37.737341" lon="-122.42418699999999">
      </trkpt>
      <trkpt lat="37.737381" lon="-122.42470999999999">
      </trkpt>
      <trkpt lat="37.737386" lon="-122.42474999999999">
      </trkpt>
      <trkpt lat="37.737396" lon="-122.424791">
      </trkpt>
      <trkpt lat="37.737407" lon="-122.42482799999999">
      </trkpt>
      <trkpt lat="37.737434" lon="-122.42488499999999">
      </trkpt>
      <trkpt lat="37.737441" lon="-122.424903">
      </trkpt>
      <trkpt lat="37.737719" lon="-122.42546">
      </trkpt>
      <trkpt lat="37.737742" lon="-122.42549799999999">
      </trkpt>
      <trkpt lat="37.737764999999996" lon="-122.425536">
      </trkpt>
      <trkpt lat="37.73789" lon="-122.42544199999999">
      </trkpt>
      <trkpt lat="37.738223" lon="-122.42527399999999">
      </trkpt>
      <trkpt lat="37.738358" lon="-122.426076">
      </trkpt>
      <trkpt lat="37.738047" lon="-122.42642599999999">
      </trkpt>
      <trkpt lat="37.737885" lon="-122.426676">
      </trkpt>
      <trkpt lat="37.737269" lon="-122.427624">
      </trkpt>
      <trkpt lat="37.737214" lon="-122.427707">
      </trkpt>
      <trkpt lat="37.737168" lon="-122.42777699999999">
      </trkpt>
      <trkpt lat="37.737089" lon="-122.4279">
      </trkpt>
      <trkpt lat="37.736426" lon="-122.428919">
      </trkpt>
      <trkpt lat="37.736385999999996" lon="-122.42898">
      </trkpt>
      <trkpt lat="37.736925" lon="-122.429538">
      </trkpt>
      <trkpt lat="37.737252999999995" lon="-122.42987699999999">
      </trkpt>
      <trkpt lat="37.737454" lon="-122.43008499999999">
      </trkpt>
      <trkpt lat="37.736785999999995" lon="-122.43111499999999">
      </trkpt>
      <trkpt lat="37.736630999999996" lon="-122.431354">
      </trkpt>
      <trkpt lat="37.736678" lon="-122.431387">
      </trkpt>
      <trkpt lat="37.736716" lon="-122.431423">
      </trkpt>
      <trkpt lat="37.736764" lon="-122.431478">
      </trkpt>
      <trkpt lat="37.736813999999995" lon="-122.431547">
      </trkpt>
      <trkpt lat="37.736854" lon="-122.43162">
      </trkpt>
      <trkpt lat="37.736885" lon="-122.43169599999999">
      </trkpt>
      <trkpt lat="37.736903999999996" lon="-122.43177499999999">
      </trkpt>
      <trkpt lat="37.736914999999996" lon="-122.431855">
      </trkpt>
      <trkpt lat="37.736919" lon="-122.43193699999999">
      </trkpt>
      <trkpt lat="37.736909" lon="-122.43239">
      </trkpt>
      <trkpt lat="37.736914" lon="-122.43246699999999">
      </trkpt>
      <trkpt lat="37.736917" lon="-122.43248899999999">
      </trkpt>
      <trkpt lat="37.736926" lon="-122.432538">
      </trkpt>
      <trkpt lat="37.736945999999996" lon="-122.43260799999999">
      </trkpt>
      <trkpt lat="37.736954" lon="-122.432626">
      </trkpt>
      <trkpt lat="37.736945999999996" lon="-122.43260799999999">
      </trkpt>
      <trkpt lat="37.736926" lon="-122.432538">
      </trkpt>
      <trkpt lat="37.736917" lon="-122.43248899999999">
      </trkpt>
      <trkpt lat="37.736914" lon="-122.43246699999999">
      </trkpt>
      <trkpt lat="37.736909" lon="-122.43239">
      </trkpt>
      <trkpt lat="37.736919" lon="-122.43193699999999">
      </trkpt>
      <trkpt lat="37.736914999999996" lon="-122.431855">
      </trkpt>
      <trkpt lat="37.736903999999996" lon="-122.43177499999999">
      </trkpt>
      <trkpt lat="37.736885" lon="-122.43169599999999">
      </trkpt>
      <trkpt lat="37.736854" lon="-122.43162">
      </trkpt>
      <trkpt lat="37.736813999999995" lon="-122.431547">
      </trkpt>
      <trkpt lat="37.736764" lon="-122.431478">
      </trkpt>
      <trkpt lat="37.736716" lon="-122.431423">
      </trkpt>
      <trkpt lat="37.736678" lon="-122.431387">
      </trkpt>
      <trkpt lat="37.736630999999996" lon="-122.431354">
      </trkpt>
      <trkpt lat="37.736608" lon="-122.431377">
      </trkpt>
      <trkpt lat="37.736582999999996" lon="-122.431393">
      </trkpt>
      <trkpt lat="37.736563" lon="-122.431416">
      </trkpt>
      <trkpt lat="37.735898" lon="-122.432437">
      </trkpt>
      <trkpt lat="37.735876999999995" lon="-122.432476">
      </trkpt>
      <trkpt lat="37.735864" lon="-122.432513">
      </trkpt>
      <trkpt lat="37.735856" lon="-122.432554">
      </trkpt>
      <trkpt lat="37.735842999999996" lon="-122.4328">
      </trkpt>
      <trkpt lat="37.735845" lon="-122.432847">
      </trkpt>
      <trkpt lat="37.735853" lon="-122.432881">
      </trkpt>
      <trkpt lat="37.735867999999996" lon="-122.432913">
      </trkpt>
      <trkpt lat="37.735886" lon="-122.432937">
      </trkpt>
      <trkpt lat="37.736331" lon="-122.43339399999999">
      </trkpt>
      <trkpt lat="37.736663" lon="-122.433731">
      </trkpt>
      <trkpt lat="37.736708" lon="-122.433785">
      </trkpt>
      <trkpt lat="37.736754" lon="-122.433844">
      </trkpt>
      <trkpt lat="37.736796999999996" lon="-122.43390799999999">
      </trkpt>
      <trkpt lat="37.736838" lon="-122.433961">
      </trkpt>
      <trkpt lat="37.736882" lon="-122.43401">
      </trkpt>
      <trkpt lat="37.737109" lon="-122.434207">
      </trkpt>
      <trkpt lat="37.737158" lon="-122.434254">
      </trkpt>
      <trkpt lat="37.7372" lon="-122.43430599999999">
      </trkpt>
      <trkpt lat="37.737232999999996" lon="-122.434366">
      </trkpt>
      <trkpt lat="37.737257" lon="-122.434428">
      </trkpt>
      <trkpt lat="37.737272" lon="-122.434505">
      </trkpt>
      <trkpt lat="37.737273" lon="-122.434608">
      </trkpt>
      <trkpt lat="37.737257" lon="-122.434711">
      </trkpt>
      <trkpt lat="37.73723" lon="-122.43486499999999">
      </trkpt>
      <trkpt lat="37.737201" lon="-122.434962">
      </trkpt>
      <trkpt lat="37.737162" lon="-122.43504999999999">
      </trkpt>
      <trkpt lat="37.737119" lon="-122.435125">
      </trkpt>
      <trkpt lat="37.737052999999996" lon="-122.435203">
      </trkpt>
      <trkpt lat="37.73693" lon="-122.435317">
      </trkpt>
      <trkpt lat="37.736877" lon="-122.43536999999999">
      </trkpt>
      <trkpt lat="37.736874" lon="-122.435374">
      </trkpt>
      <trkpt lat="37.73683" lon="-122.435435">
      </trkpt>
      <trkpt lat="37.736799" lon="-122.435507">
      </trkpt>
      <trkpt lat="37.73654" lon="-122.436156">
      </trkpt>
      <trkpt lat="37.736433" lon="-122.43643499999999">
      </trkpt>
      <trkpt lat="37.736419999999995" lon="-122.436495">
      </trkpt>
      <trkpt lat="37.736421" lon="-122.436557">
      </trkpt>
      <trkpt lat="37.736574" lon="-122.437748">
      </trkpt>
      <trkpt lat="37.736585999999996" lon="-122.43781899999999">
      </trkpt>
      <trkpt lat="37.736602" lon="-122.43788099999999">
      </trkpt>
      <trkpt lat="37.736716" lon="-122.438161">
      </trkpt>
      <trkpt lat="37.736686999999996" lon="-122.43816">
      </trkpt>
      <trkpt lat="37.736716" lon="-122.438161">
      </trkpt>
      <trkpt lat="37.736792" lon="-122.438244">
      </trkpt>
      <trkpt lat="37.737096" lon="-122.43853899999999">
      </trkpt>
      <trkpt lat="37.737123" lon="-122.438576">
      </trkpt>
      <trkpt lat="37.737137" lon="-122.43862999999999">
      </trkpt>
      <trkpt lat="37.73715" lon="-122.43888199999999">
      </trkpt>
      <trkpt lat="37.737192" lon="-122.439628">
      </trkpt>
      <trkpt lat="37.737196999999995" lon="-122.439714">
      </trkpt>
      <trkpt lat="37.737009" lon="-122.439724">
      </trkpt>
      <trkpt lat="37.736508" lon="-122.439752">
      </trkpt>
      <trkpt lat="37.73637" lon="-122.439759">
      </trkpt>
      <trkpt lat="37.736273" lon="-122.43982899999999">
      </trkpt>
      <trkpt lat="37.736214" lon="-122.43982899999999">
      </trkpt>
      <trkpt lat="37.736216" lon="-122.439875">
      </trkpt>
      <trkpt lat="37.736236999999996" lon="-122.43991199999999">
      </trkpt>
      <trkpt lat="37.736255" lon="-122.439962">
      </trkpt>
      <trkpt lat="37.736264999999996" lon="-122.44001899999999">
      </trkpt>
      <trkpt lat="37.736284" lon="-122.440123">
      </trkpt>
      <trkpt lat="37.736306" lon="-122.440185">
      </trkpt>
      <trkpt lat="37.736351" lon="-122.44027399999999">
      </trkpt>
      <trkpt lat="37.736396" lon="-122.440334">
      </trkpt>
      <trkpt lat="37.736419" lon="-122.44037499999999">
      </trkpt>
      <trkpt lat="37.736436" lon="-122.44040199999999">
      </trkpt>
      <trkpt lat="37.736452" lon="-122.44044099999999">
      </trkpt>
      <trkpt lat="37.736483" lon="-122.440518">
      </trkpt>
      <trkpt lat="37.736529" lon="-122.44062199999999">
      </trkpt>
      <trkpt lat="37.736585999999996" lon="-122.440714">
      </trkpt>
      <trkpt lat="37.736602" lon="-122.44073999999999">
      </trkpt>
      <trkpt lat="37.736661" lon="-122.440844">
      </trkpt>
      <trkpt lat="37.736753" lon="-122.44096599999999">
      </trkpt>
      <trkpt lat="37.736753" lon="-122.44096599999999">
      </trkpt>
      <trkpt lat="37.736661" lon="-122.440844">
      </trkpt>
      <trkpt lat="37.736602" lon="-122.44073999999999">
      </trkpt>
      <trkpt lat="37.736585999999996" lon="-122.440714">
      </trkpt>
      <trkpt lat="37.736529" lon="-122.44062199999999">
      </trkpt>
      <trkpt lat="37.736483" lon="-122.440518">
      </trkpt>
      <trkpt lat="37.736452" lon="-122.44044099999999">
      </trkpt>
      <trkpt lat="37.736436" lon="-122.44040199999999">
      </trkpt>
      <trkpt lat="37.736419" lon="-122.44037499999999">
      </trkpt>
      <trkpt lat="37.736396" lon="-122.440334">
      </trkpt>
      <trkpt lat="37.736351" lon="-122.44027399999999">
      </trkpt>
      <trkpt lat="37.736306" lon="-122.440185">
      </trkpt>
      <trkpt lat="37.736284" lon="-122.440123">
      </trkpt>
      <trkpt lat="37.736264999999996" lon="-122.44001899999999">
      </trkpt>
      <trkpt lat="37.736255" lon="-122.439962">
      </trkpt>
      <trkpt lat="37.736236999999996" lon="-122.43991199999999">
      </trkpt>
      <trkpt lat="37.736216" lon="-122.439875">
      </trkpt>
      <trkpt lat="37.736214" lon="-122.43982899999999">
      </trkpt>
      <trkpt lat="37.736177999999995" lon="-122.43983">
      </trkpt>
      <trkpt lat="37.736117" lon="-122.439757">
      </trkpt>
      <trkpt lat="37.735946999999996" lon="-122.439758">
      </trkpt>
      <trkpt lat="37.735884999999996" lon="-122.43975999999999">
      </trkpt>
      <trkpt lat="37.735869" lon="-122.439684">
      </trkpt>
      <trkpt lat="37.735731" lon="-122.43902999999999">
      </trkpt>
      <trkpt lat="37.735704999999996" lon="-122.43892299999999">
      </trkpt>
      <trkpt lat="37.735672" lon="-122.438813">
      </trkpt>
      <trkpt lat="37.735637" lon="-122.438705">
      </trkpt>
      <trkpt lat="37.735451999999995" lon="-122.438164">
      </trkpt>
      <trkpt lat="37.735428999999996" lon="-122.43809499999999">
      </trkpt>
      <trkpt lat="37.735405" lon="-122.438024">
      </trkpt>
      <trkpt lat="37.735174" lon="-122.43733499999999">
      </trkpt>
      <trkpt lat="37.735141999999996" lon="-122.43723999999999">
      </trkpt>
      <trkpt lat="37.734946" lon="-122.436657">
      </trkpt>
      <trkpt lat="37.734933999999996" lon="-122.436601">
      </trkpt>
      <trkpt lat="37.734927" lon="-122.436544">
      </trkpt>
      <trkpt lat="37.734915" lon="-122.436422">
      </trkpt>
      <trkpt lat="37.734881" lon="-122.43606199999999">
      </trkpt>
      <trkpt lat="37.73487" lon="-122.435948">
      </trkpt>
      <trkpt lat="37.734857" lon="-122.435845">
      </trkpt>
      <trkpt lat="37.734843999999995" lon="-122.435751">
      </trkpt>
      <trkpt lat="37.734821" lon="-122.43563599999999">
      </trkpt>
      <trkpt lat="37.734806" lon="-122.43556">
      </trkpt>
      <trkpt lat="37.734747999999996" lon="-122.43557799999999">
      </trkpt>
      <trkpt lat="37.734142999999996" lon="-122.435769">
      </trkpt>
      <trkpt lat="37.733984" lon="-122.435819">
      </trkpt>
      <trkpt lat="37.733981" lon="-122.43581999999999">
      </trkpt>
      <trkpt lat="37.733913" lon="-122.435841">
      </trkpt>
      <trkpt lat="37.733928" lon="-122.43592199999999">
      </trkpt>
      <trkpt lat="37.734074" lon="-122.436669">
      </trkpt>
      <trkpt lat="37.734092" lon="-122.43676199999999">
      </trkpt>
      <trkpt lat="37.734241" lon="-122.43753">
      </trkpt>
      <trkpt lat="37.73438" lon="-122.43825799999999">
      </trkpt>
      <trkpt lat="37.734415" lon="-122.43841099999999">
      </trkpt>
      <trkpt lat="37.734458" lon="-122.43856">
      </trkpt>
      <trkpt lat="37.734507" lon="-122.438701">
      </trkpt>
      <trkpt lat="37.734564" lon="-122.43883699999999">
      </trkpt>
      <trkpt lat="37.734756999999995" lon="-122.43928799999999">
      </trkpt>
      <trkpt lat="37.734776" lon="-122.43934499999999">
      </trkpt>
      <trkpt lat="37.734789" lon="-122.439403">
      </trkpt>
      <trkpt lat="37.73484" lon="-122.43963">
      </trkpt>
      <trkpt lat="37.734871999999996" lon="-122.439808">
      </trkpt>
      <trkpt lat="37.734874" lon="-122.439922">
      </trkpt>
      <trkpt lat="37.734874999999995" lon="-122.439994">
      </trkpt>
      <trkpt lat="37.734949" lon="-122.44027399999999">
      </trkpt>
      <trkpt lat="37.734961" lon="-122.44032">
      </trkpt>
      <trkpt lat="37.734989" lon="-122.440424">
      </trkpt>
      <trkpt lat="37.735017" lon="-122.44053">
      </trkpt>
      <trkpt lat="37.73504" lon="-122.440598">
      </trkpt>
      <trkpt lat="37.735071999999995" lon="-122.44066799999999">
      </trkpt>
      <trkpt lat="37.735110999999996" lon="-122.440719">
      </trkpt>
      <trkpt lat="37.735154" lon="-122.440761">
      </trkpt>
      <trkpt lat="37.735203999999996" lon="-122.44079699999999">
      </trkpt>
      <trkpt lat="37.735535" lon="-122.440992">
      </trkpt>
      <trkpt lat="37.735580999999996" lon="-122.441023">
      </trkpt>
      <trkpt lat="37.735622" lon="-122.441059">
      </trkpt>
      <trkpt lat="37.735664" lon="-122.441105">
      </trkpt>
      <trkpt lat="37.735766" lon="-122.441237">
      </trkpt>
      <trkpt lat="37.735808999999996" lon="-122.44129299999999">
      </trkpt>
      <trkpt lat="37.735839" lon="-122.441347">
      </trkpt>
      <trkpt lat="37.735865" lon="-122.441408">
      </trkpt>
      <trkpt lat="37.735887" lon="-122.441476">
      </trkpt>
      <trkpt lat="37.735958" lon="-122.44174199999999">
      </trkpt>
      <trkpt lat="37.735972" lon="-122.441824">
      </trkpt>
      <trkpt lat="37.735977999999996" lon="-122.44190599999999">
      </trkpt>
      <trkpt lat="37.735973" lon="-122.442011">
      </trkpt>
      <trkpt lat="37.735963" lon="-122.442073">
      </trkpt>
      <trkpt lat="37.735898" lon="-122.44232299999999">
      </trkpt>
      <trkpt lat="37.735664" lon="-122.44318399999999">
      </trkpt>
      <trkpt lat="37.73565" lon="-122.44326799999999">
      </trkpt>
      <trkpt lat="37.735645" lon="-122.44335">
      </trkpt>
      <trkpt lat="37.73565" lon="-122.44342499999999">
      </trkpt>
      <trkpt lat="37.735665" lon="-122.44350399999999">
      </trkpt>
      <trkpt lat="37.735689" lon="-122.443584">
      </trkpt>
      <trkpt lat="37.735714" lon="-122.44364399999999">
      </trkpt>
      <trkpt lat="37.735746" lon="-122.44370099999999">
      </trkpt>
      <trkpt lat="37.735785" lon="-122.44375">
      </trkpt>
      <trkpt lat="37.735834" lon="-122.443795">
      </trkpt>
      <trkpt lat="37.735881" lon="-122.443828">
      </trkpt>
      <trkpt lat="37.735935999999995" lon="-122.44385799999999">
      </trkpt>
      <trkpt lat="37.735997999999995" lon="-122.44387499999999">
      </trkpt>
      <trkpt lat="37.736058" lon="-122.44388">
      </trkpt>
      <trkpt lat="37.736160999999996" lon="-122.44388099999999">
      </trkpt>
      <trkpt lat="37.736205" lon="-122.443868">
      </trkpt>
      <trkpt lat="37.736258" lon="-122.443851">
      </trkpt>
      <trkpt lat="37.736315" lon="-122.443821">
      </trkpt>
      <trkpt lat="37.736360999999995" lon="-122.443788">
      </trkpt>
      <trkpt lat="37.736413999999996" lon="-122.44374099999999">
      </trkpt>
      <trkpt lat="37.736474" lon="-122.44367299999999">
      </trkpt>
      <trkpt lat="37.736505" lon="-122.443626">
      </trkpt>
      <trkpt lat="37.736553" lon="-122.443557">
      </trkpt>
      <trkpt lat="37.736601" lon="-122.44348799999999">
      </trkpt>
      <trkpt lat="37.736709999999995" lon="-122.443299">
      </trkpt>
      <trkpt lat="37.736601" lon="-122.44348799999999">
      </trkpt>
      <trkpt lat="37.736553" lon="-122.443557">
      </trkpt>
      <trkpt lat="37.736505" lon="-122.443626">
      </trkpt>
      <trkpt lat="37.736553" lon="-122.443699">
      </trkpt>
      <trkpt lat="37.736577" lon="-122.44376199999999">
      </trkpt>
      <trkpt lat="37.736587" lon="-122.44382499999999">
      </trkpt>
      <trkpt lat="37.736602" lon="-122.443922">
      </trkpt>
      <trkpt lat="37.736598" lon="-122.444024">
      </trkpt>
      <trkpt lat="37.736574" lon="-122.44413399999999">
      </trkpt>
      <trkpt lat="37.736539" lon="-122.444205">
      </trkpt>
      <trkpt lat="37.736483" lon="-122.44426899999999">
      </trkpt>
      <trkpt lat="37.736418" lon="-122.444317">
      </trkpt>
      <trkpt lat="37.736348" lon="-122.44435499999999">
      </trkpt>
      <trkpt lat="37.736292999999996" lon="-122.44437699999999">
      </trkpt>
      <trkpt lat="37.736211999999995" lon="-122.44440999999999">
      </trkpt>
      <trkpt lat="37.736153" lon="-122.44442699999999">
      </trkpt>
      <trkpt lat="37.736091" lon="-122.444446">
      </trkpt>
      <trkpt lat="37.736013" lon="-122.444453">
      </trkpt>
      <trkpt lat="37.735917" lon="-122.44447799999999">
      </trkpt>
      <trkpt lat="37.735833" lon="-122.44448899999999">
      </trkpt>
      <trkpt lat="37.735752" lon="-122.44449399999999">
      </trkpt>
      <trkpt lat="37.735681" lon="-122.444491">
      </trkpt>
      <trkpt lat="37.735614999999996" lon="-122.444474">
      </trkpt>
      <trkpt lat="37.735554" lon="-122.444435">
      </trkpt>
      <trkpt lat="37.735513" lon="-122.444364">
      </trkpt>
      <trkpt lat="37.735464" lon="-122.44429">
      </trkpt>
      <trkpt lat="37.735409" lon="-122.444205">
      </trkpt>
      <trkpt lat="37.735324999999996" lon="-122.444069">
      </trkpt>
      <trkpt lat="37.735261" lon="-122.443947">
      </trkpt>
      <trkpt lat="37.735182" lon="-122.44380799999999">
      </trkpt>
      <trkpt lat="37.735091" lon="-122.443632">
      </trkpt>
      <trkpt lat="37.73505" lon="-122.44354399999999">
      </trkpt>
      <trkpt lat="37.735006" lon="-122.44345">
      </trkpt>
      <trkpt lat="37.734974" lon="-122.44335">
      </trkpt>
      <trkpt lat="37.734949" lon="-122.44324499999999">
      </trkpt>
      <trkpt lat="37.734955" lon="-122.44316599999999">
      </trkpt>
      <trkpt lat="37.734929" lon="-122.443108">
      </trkpt>
      <trkpt lat="37.734893" lon="-122.44304299999999">
      </trkpt>
      <trkpt lat="37.734873" lon="-122.443024">
      </trkpt>
      <trkpt lat="37.734854" lon="-122.44300799999999">
      </trkpt>
      <trkpt lat="37.734811" lon="-122.442985">
      </trkpt>
      <trkpt lat="37.734761999999996" lon="-122.44297599999999">
      </trkpt>
      <trkpt lat="37.734649" lon="-122.442973">
      </trkpt>
      <trkpt lat="37.734564" lon="-122.442971">
      </trkpt>
      <trkpt lat="37.734559" lon="-122.44416">
      </trkpt>
      <trkpt lat="37.734556" lon="-122.444268">
      </trkpt>
      <trkpt lat="37.734553" lon="-122.444333">
      </trkpt>
      <trkpt lat="37.734552" lon="-122.44444">
      </trkpt>
      <trkpt lat="37.734555" lon="-122.445353">
      </trkpt>
      <trkpt lat="37.734547" lon="-122.44539999999999">
      </trkpt>
      <trkpt lat="37.734606" lon="-122.445453">
      </trkpt>
      <trkpt lat="37.734624" lon="-122.445477">
      </trkpt>
      <trkpt lat="37.734648" lon="-122.44551">
      </trkpt>
      <trkpt lat="37.734683" lon="-122.445562">
      </trkpt>
      <trkpt lat="37.734863" lon="-122.44583399999999">
      </trkpt>
      <trkpt lat="37.735022" lon="-122.446086">
      </trkpt>
      <trkpt lat="37.735085" lon="-122.44617199999999">
      </trkpt>
      <trkpt lat="37.735155999999996" lon="-122.446248">
      </trkpt>
      <trkpt lat="37.735234999999996" lon="-122.44631">
      </trkpt>
      <trkpt lat="37.735315" lon="-122.446356">
      </trkpt>
      <trkpt lat="37.735405" lon="-122.446401">
      </trkpt>
      <trkpt lat="37.735472" lon="-122.446421">
      </trkpt>
      <trkpt lat="37.735549" lon="-122.446432">
      </trkpt>
      <trkpt lat="37.7356" lon="-122.44642999999999">
      </trkpt>
      <trkpt lat="37.735609" lon="-122.44642999999999">
      </trkpt>
      <trkpt lat="37.735679999999995" lon="-122.44642599999999">
      </trkpt>
      <trkpt lat="37.735735" lon="-122.446412">
      </trkpt>
      <trkpt lat="37.735814999999995" lon="-122.44638499999999">
      </trkpt>
      <trkpt lat="37.735898999999996" lon="-122.446345">
      </trkpt>
      <trkpt lat="37.735955" lon="-122.44631199999999">
      </trkpt>
      <trkpt lat="37.736018" lon="-122.44626199999999">
      </trkpt>
      <trkpt lat="37.736086" lon="-122.44619">
      </trkpt>
      <trkpt lat="37.736143999999996" lon="-122.44611099999999">
      </trkpt>
      <trkpt lat="37.736196" lon="-122.446029">
      </trkpt>
      <trkpt lat="37.736241" lon="-122.445967">
      </trkpt>
      <trkpt lat="37.736305" lon="-122.445899">
      </trkpt>
      <trkpt lat="37.736377" lon="-122.44583899999999">
      </trkpt>
      <trkpt lat="37.736467999999995" lon="-122.44578899999999">
      </trkpt>
      <trkpt lat="37.736562" lon="-122.44576199999999">
      </trkpt>
      <trkpt lat="37.736664" lon="-122.445751">
      </trkpt>
      <trkpt lat="37.73676" lon="-122.44575999999999">
      </trkpt>
      <trkpt lat="37.736813999999995" lon="-122.445775">
      </trkpt>
      <trkpt lat="37.736861999999995" lon="-122.445798">
      </trkpt>
      <trkpt lat="37.73693" lon="-122.445833">
      </trkpt>
      <trkpt lat="37.737021" lon="-122.445903">
      </trkpt>
      <trkpt lat="37.737083" lon="-122.445955">
      </trkpt>
      <trkpt lat="37.737108" lon="-122.445989">
      </trkpt>
      <trkpt lat="37.737266999999996" lon="-122.44619999999999">
      </trkpt>
      <trkpt lat="37.737362" lon="-122.44632999999999">
      </trkpt>
      <trkpt lat="37.737423" lon="-122.446399">
      </trkpt>
      <trkpt lat="37.737457" lon="-122.446432">
      </trkpt>
      <trkpt lat="37.737496" lon="-122.446461">
      </trkpt>
      <trkpt lat="37.737539" lon="-122.44648799999999">
      </trkpt>
      <trkpt lat="37.737595" lon="-122.446508">
      </trkpt>
      <trkpt lat="37.737643" lon="-122.44651999999999">
      </trkpt>
      <trkpt lat="37.737668" lon="-122.44652199999999">
      </trkpt>
      <trkpt lat="37.73769" lon="-122.446524">
      </trkpt>
      <trkpt lat="37.737704" lon="-122.446524">
      </trkpt>
      <trkpt lat="37.737721" lon="-122.446523">
      </trkpt>
      <trkpt lat="37.737775" lon="-122.44651599999999">
      </trkpt>
      <trkpt lat="37.737812" lon="-122.44650399999999">
      </trkpt>
      <trkpt lat="37.737851" lon="-122.44648799999999">
      </trkpt>
      <trkpt lat="37.737938" lon="-122.446444">
      </trkpt>
      <trkpt lat="37.738062" lon="-122.446382">
      </trkpt>
      <trkpt lat="37.738236" lon="-122.44629499999999">
      </trkpt>
      <trkpt lat="37.738383" lon="-122.44622299999999">
      </trkpt>
      <trkpt lat="37.738445999999996" lon="-122.44619399999999">
      </trkpt>
      <trkpt lat="37.738498" lon="-122.44617299999999">
      </trkpt>
      <trkpt lat="37.738547" lon="-122.446162">
      </trkpt>
      <trkpt lat="37.738631" lon="-122.446145">
      </trkpt>
      <trkpt lat="37.738749" lon="-122.446141">
      </trkpt>
      <trkpt lat="37.738823" lon="-122.44613899999999">
      </trkpt>
      <trkpt lat="37.738890999999995" lon="-122.446152">
      </trkpt>
      <trkpt lat="37.738921" lon="-122.446158">
      </trkpt>
      <trkpt lat="37.738946" lon="-122.44616599999999">
      </trkpt>
      <trkpt lat="37.739005999999996" lon="-122.44618399999999">
      </trkpt>
      <trkpt lat="37.739093" lon="-122.44622">
      </trkpt>
      <trkpt lat="37.7392" lon="-122.446287">
      </trkpt>
      <trkpt lat="37.739304" lon="-122.446373">
      </trkpt>
      <trkpt lat="37.739401" lon="-122.44648">
      </trkpt>
      <trkpt lat="37.739484" lon="-122.44659899999999">
      </trkpt>
      <trkpt lat="37.739556" lon="-122.446727">
      </trkpt>
      <trkpt lat="37.739591" lon="-122.44682499999999">
      </trkpt>
      <trkpt lat="37.739602999999995" lon="-122.446857">
      </trkpt>
      <trkpt lat="37.739641999999996" lon="-122.44698799999999">
      </trkpt>
      <trkpt lat="37.739652" lon="-122.447031">
      </trkpt>
      <trkpt lat="37.739675999999996" lon="-122.447136">
      </trkpt>
      <trkpt lat="37.739705" lon="-122.447299">
      </trkpt>
      <trkpt lat="37.739742" lon="-122.44745999999999">
      </trkpt>
      <trkpt lat="37.739785999999995" lon="-122.447614">
      </trkpt>
      <trkpt lat="37.739801" lon="-122.447661">
      </trkpt>
      <trkpt lat="37.739830999999995" lon="-122.447757">
      </trkpt>
      <trkpt lat="37.739847999999995" lon="-122.44780999999999">
      </trkpt>
      <trkpt lat="37.739897" lon="-122.447937">
      </trkpt>
      <trkpt lat="37.739927" lon="-122.448003">
      </trkpt>
      <trkpt lat="37.739954" lon="-122.448062">
      </trkpt>
      <trkpt lat="37.740024" lon="-122.448206">
      </trkpt>
      <trkpt lat="37.740083999999996" lon="-122.448315">
      </trkpt>
      <trkpt lat="37.740102" lon="-122.448349">
      </trkpt>
      <trkpt lat="37.740183" lon="-122.44848599999999">
      </trkpt>
      <trkpt lat="37.740263999999996" lon="-122.44861499999999">
      </trkpt>
      <trkpt lat="37.740358" lon="-122.44874">
      </trkpt>
      <trkpt lat="37.740418999999996" lon="-122.448809">
      </trkpt>
      <trkpt lat="37.740472" lon="-122.44886899999999">
      </trkpt>
      <trkpt lat="37.740514" lon="-122.44891399999999">
      </trkpt>
      <trkpt lat="37.740579" lon="-122.448982">
      </trkpt>
      <trkpt lat="37.740662" lon="-122.44906399999999">
      </trkpt>
      <trkpt lat="37.74069" lon="-122.449092">
      </trkpt>
      <trkpt lat="37.740787999999995" lon="-122.449176">
      </trkpt>
      <trkpt lat="37.740836" lon="-122.44921699999999">
      </trkpt>
      <trkpt lat="37.740784999999995" lon="-122.449314">
      </trkpt>
      <trkpt lat="37.740693" lon="-122.449496">
      </trkpt>
      <trkpt lat="37.740483" lon="-122.44990899999999">
      </trkpt>
      <trkpt lat="37.740449999999996" lon="-122.44997199999999">
      </trkpt>
      <trkpt lat="37.740404999999996" lon="-122.449939">
      </trkpt>
      <trkpt lat="37.740359" lon="-122.449905">
      </trkpt>
      <trkpt lat="37.740263999999996" lon="-122.44984199999999">
      </trkpt>
      <trkpt lat="37.740172" lon="-122.44978499999999">
      </trkpt>
      <trkpt lat="37.740069999999996" lon="-122.44973499999999">
      </trkpt>
      <trkpt lat="37.73997" lon="-122.449693">
      </trkpt>
      <trkpt lat="37.73986" lon="-122.449653">
      </trkpt>
      <trkpt lat="37.739747" lon="-122.44962199999999">
      </trkpt>
      <trkpt lat="37.73964" lon="-122.449602">
      </trkpt>
      <trkpt lat="37.739532" lon="-122.449587">
      </trkpt>
      <trkpt lat="37.739411" lon="-122.44958299999999">
      </trkpt>
      <trkpt lat="37.739363" lon="-122.449586">
      </trkpt>
      <trkpt lat="37.739306" lon="-122.44958899999999">
      </trkpt>
      <trkpt lat="37.739301999999995" lon="-122.44948199999999">
      </trkpt>
      <trkpt lat="37.739277" lon="-122.448796">
      </trkpt>
      <trkpt lat="37.739275" lon="-122.44871699999999">
      </trkpt>
      <trkpt lat="37.739224" lon="-122.44872">
      </trkpt>
      <trkpt lat="37.739163999999995" lon="-122.448723">
      </trkpt>
      <trkpt lat="37.739056" lon="-122.448737">
      </trkpt>
      <trkpt lat="37.73894" lon="-122.448759">
      </trkpt>
      <trkpt lat="37.738662999999995" lon="-122.448837">
      </trkpt>
      <trkpt lat="37.738534" lon="-122.44887299999999">
      </trkpt>
      <trkpt lat="37.738425" lon="-122.44890099999999">
      </trkpt>
      <trkpt lat="37.738414" lon="-122.448904">
      </trkpt>
      <trkpt lat="37.738293999999996" lon="-122.448928">
      </trkpt>
      <trkpt lat="37.738172999999996" lon="-122.448943">
      </trkpt>
      <trkpt lat="37.738095" lon="-122.448945">
      </trkpt>
      <trkpt lat="37.738006" lon="-122.44894699999999">
      </trkpt>
      <trkpt lat="37.738006999999996" lon="-122.448858">
      </trkpt>
      <trkpt lat="37.738015" lon="-122.44877899999999">
      </trkpt>
      <trkpt lat="37.738043" lon="-122.448629">
      </trkpt>
      <trkpt lat="37.738063" lon="-122.448478">
      </trkpt>
      <trkpt lat="37.738071" lon="-122.448315">
      </trkpt>
      <trkpt lat="37.738071" lon="-122.44817099999999">
      </trkpt>
      <trkpt lat="37.73813" lon="-122.448149">
      </trkpt>
      <trkpt lat="37.738231" lon="-122.44811">
      </trkpt>
      <trkpt lat="37.738385" lon="-122.448055">
      </trkpt>
      <trkpt lat="37.738537" lon="-122.44800199999999">
      </trkpt>
      <trkpt lat="37.738682" lon="-122.44795699999999">
      </trkpt>
      <trkpt lat="37.738845" lon="-122.44791099999999">
      </trkpt>
      <trkpt lat="37.739001" lon="-122.44787699999999">
      </trkpt>
      <trkpt lat="37.739115999999996" lon="-122.44786099999999">
      </trkpt>
      <trkpt lat="37.739225999999995" lon="-122.447848">
      </trkpt>
      <trkpt lat="37.739336" lon="-122.447845">
      </trkpt>
      <trkpt lat="37.739452" lon="-122.447848">
      </trkpt>
      <trkpt lat="37.739559" lon="-122.447857">
      </trkpt>
      <trkpt lat="37.739731" lon="-122.447881">
      </trkpt>
      <trkpt lat="37.739757" lon="-122.447865">
      </trkpt>
      <trkpt lat="37.739771" lon="-122.44785599999999">
      </trkpt>
      <trkpt lat="37.739847999999995" lon="-122.44780999999999">
      </trkpt>
      <trkpt lat="37.739897" lon="-122.447937">
      </trkpt>
      <trkpt lat="37.739927" lon="-122.448003">
      </trkpt>
      <trkpt lat="37.739954" lon="-122.448062">
      </trkpt>
      <trkpt lat="37.740024" lon="-122.448206">
      </trkpt>
      <trkpt lat="37.740083999999996" lon="-122.448315">
      </trkpt>
      <trkpt lat="37.740102" lon="-122.448349">
      </trkpt>
      <trkpt lat="37.740183" lon="-122.44848599999999">
      </trkpt>
      <trkpt lat="37.740263999999996" lon="-122.44861499999999">
      </trkpt>
      <trkpt lat="37.740358" lon="-122.44874">
      </trkpt>
      <trkpt lat="37.740418999999996" lon="-122.448809">
      </trkpt>
      <trkpt lat="37.740472" lon="-122.44886899999999">
      </trkpt>
      <trkpt lat="37.740514" lon="-122.44891399999999">
      </trkpt>
      <trkpt lat="37.740579" lon="-122.448982">
      </trkpt>
      <trkpt lat="37.740662" lon="-122.44906399999999">
      </trkpt>
      <trkpt lat="37.74069" lon="-122.449092">
      </trkpt>
      <trkpt lat="37.740787999999995" lon="-122.449176">
      </trkpt>
      <trkpt lat="37.740836" lon="-122.44921699999999">
      </trkpt>
      <trkpt lat="37.740784999999995" lon="-122.449314">
      </trkpt>
      <trkpt lat="37.740693" lon="-122.449496">
      </trkpt>
      <trkpt lat="37.740483" lon="-122.44990899999999">
      </trkpt>
      <trkpt lat="37.740449999999996" lon="-122.44997199999999">
      </trkpt>
      <trkpt lat="37.740511" lon="-122.450024">
      </trkpt>
      <trkpt lat="37.740567" lon="-122.45007299999999">
      </trkpt>
      <trkpt lat="37.740660999999996" lon="-122.45017">
      </trkpt>
      <trkpt lat="37.740722" lon="-122.450239">
      </trkpt>
      <trkpt lat="37.740753999999995" lon="-122.45027499999999">
      </trkpt>
      <trkpt lat="37.740832999999995" lon="-122.45037699999999">
      </trkpt>
      <trkpt lat="37.740913" lon="-122.450493">
      </trkpt>
      <trkpt lat="37.740984999999995" lon="-122.45060799999999">
      </trkpt>
      <trkpt lat="37.741054999999996" lon="-122.45074">
      </trkpt>
      <trkpt lat="37.741116" lon="-122.45087">
      </trkpt>
      <trkpt lat="37.741177" lon="-122.45101899999999">
      </trkpt>
      <trkpt lat="37.741263" lon="-122.45096799999999">
      </trkpt>
      <trkpt lat="37.741714" lon="-122.45069799999999">
      </trkpt>
      <trkpt lat="37.741734" lon="-122.450688">
      </trkpt>
      <trkpt lat="37.7419" lon="-122.450587">
      </trkpt>
      <trkpt lat="37.741976" lon="-122.45062399999999">
      </trkpt>
      <trkpt lat="37.742053999999996" lon="-122.450643">
      </trkpt>
      <trkpt lat="37.742233" lon="-122.450661">
      </trkpt>
      <trkpt lat="37.742329" lon="-122.45067499999999">
      </trkpt>
      <trkpt lat="37.742424" lon="-122.450699">
      </trkpt>
      <trkpt lat="37.742511" lon="-122.450727">
      </trkpt>
      <trkpt lat="37.742531" lon="-122.45073599999999">
      </trkpt>
      <trkpt lat="37.742601" lon="-122.450766">
      </trkpt>
      <trkpt lat="37.742667999999995" lon="-122.4508">
      </trkpt>
      <trkpt lat="37.742754" lon="-122.450845">
      </trkpt>
      <trkpt lat="37.742802" lon="-122.45087199999999">
      </trkpt>
      <trkpt lat="37.742895" lon="-122.450943">
      </trkpt>
      <trkpt lat="37.742985" lon="-122.45102299999999">
      </trkpt>
      <trkpt lat="37.742999999999995" lon="-122.45108599999999">
      </trkpt>
      <trkpt lat="37.742996" lon="-122.45116999999999">
      </trkpt>
      <trkpt lat="37.742984" lon="-122.45119799999999">
      </trkpt>
      <trkpt lat="37.74288" lon="-122.45147999999999">
      </trkpt>
      <trkpt lat="37.74284" lon="-122.451616">
      </trkpt>
      <trkpt lat="37.742813999999996" lon="-122.45177">
      </trkpt>
      <trkpt lat="37.742810999999996" lon="-122.451803">
      </trkpt>
      <trkpt lat="37.742813999999996" lon="-122.45177">
      </trkpt>
      <trkpt lat="37.74284" lon="-122.451616">
      </trkpt>
      <trkpt lat="37.74288" lon="-122.45147999999999">
      </trkpt>
      <trkpt lat="37.742984" lon="-122.45119799999999">
      </trkpt>
      <trkpt lat="37.742996" lon="-122.45116999999999">
      </trkpt>
      <trkpt lat="37.742999999999995" lon="-122.45108599999999">
      </trkpt>
      <trkpt lat="37.742985" lon="-122.45102299999999">
      </trkpt>
      <trkpt lat="37.743172" lon="-122.451201">
      </trkpt>
      <trkpt lat="37.743316" lon="-122.451337">
      </trkpt>
      <trkpt lat="37.743442" lon="-122.451456">
      </trkpt>
      <trkpt lat="37.743559999999995" lon="-122.451568">
      </trkpt>
      <trkpt lat="37.743608" lon="-122.45161399999999">
      </trkpt>
      <trkpt lat="37.743660999999996" lon="-122.451543">
      </trkpt>
      <trkpt lat="37.743674999999996" lon="-122.45152499999999">
      </trkpt>
      <trkpt lat="37.743694999999995" lon="-122.451505">
      </trkpt>
      <trkpt lat="37.743750999999996" lon="-122.45145099999999">
      </trkpt>
      <trkpt lat="37.743832" lon="-122.451397">
      </trkpt>
      <trkpt lat="37.743929" lon="-122.451359">
      </trkpt>
      <trkpt lat="37.744015999999995" lon="-122.45135099999999">
      </trkpt>
      <trkpt lat="37.744099" lon="-122.45136199999999">
      </trkpt>
      <trkpt lat="37.744178" lon="-122.45138499999999">
      </trkpt>
      <trkpt lat="37.744256" lon="-122.45142399999999">
      </trkpt>
      <trkpt lat="37.744333999999995" lon="-122.451478">
      </trkpt>
      <trkpt lat="37.744503" lon="-122.45164">
      </trkpt>
      <trkpt lat="37.744779" lon="-122.451905">
      </trkpt>
      <trkpt lat="37.744989" lon="-122.452106">
      </trkpt>
      <trkpt lat="37.744996" lon="-122.452112">
      </trkpt>
      <trkpt lat="37.745021" lon="-122.452136">
      </trkpt>
      <trkpt lat="37.745067999999996" lon="-122.452181">
      </trkpt>
      <trkpt lat="37.745129999999996" lon="-122.45223899999999">
      </trkpt>
      <trkpt lat="37.745191999999996" lon="-122.452298">
      </trkpt>
      <trkpt lat="37.74526" lon="-122.452174">
      </trkpt>
      <trkpt lat="37.745326999999996" lon="-122.45203199999999">
      </trkpt>
      <trkpt lat="37.745380999999995" lon="-122.451906">
      </trkpt>
      <trkpt lat="37.745416" lon="-122.45181799999999">
      </trkpt>
      <trkpt lat="37.745430999999996" lon="-122.45178">
      </trkpt>
      <trkpt lat="37.745464" lon="-122.451675">
      </trkpt>
      <trkpt lat="37.745498999999995" lon="-122.451563">
      </trkpt>
      <trkpt lat="37.745515999999995" lon="-122.451506">
      </trkpt>
      <trkpt lat="37.745656" lon="-122.45162599999999">
      </trkpt>
      <trkpt lat="37.745605999999995" lon="-122.451724">
      </trkpt>
      <trkpt lat="37.745543" lon="-122.45185099999999">
      </trkpt>
      <trkpt lat="37.745501" lon="-122.451937">
      </trkpt>
      <trkpt lat="37.74545" lon="-122.452051">
      </trkpt>
      <trkpt lat="37.745399" lon="-122.452157">
      </trkpt>
      <trkpt lat="37.745349" lon="-122.452258">
      </trkpt>
      <trkpt lat="37.745315999999995" lon="-122.452322">
      </trkpt>
      <trkpt lat="37.745292" lon="-122.45236799999999">
      </trkpt>
      <trkpt lat="37.74523" lon="-122.45247699999999">
      </trkpt>
      <trkpt lat="37.745174999999996" lon="-122.452569">
      </trkpt>
      <trkpt lat="37.74511" lon="-122.452676">
      </trkpt>
      <trkpt lat="37.744966999999995" lon="-122.452917">
      </trkpt>
      <trkpt lat="37.744717" lon="-122.45333799999999">
      </trkpt>
      <trkpt lat="37.744669" lon="-122.453414">
      </trkpt>
      <trkpt lat="37.744599" lon="-122.453513">
      </trkpt>
      <trkpt lat="37.744651" lon="-122.45358499999999">
      </trkpt>
      <trkpt lat="37.744679999999995" lon="-122.453633">
      </trkpt>
      <trkpt lat="37.744703" lon="-122.45366899999999">
      </trkpt>
      <trkpt lat="37.744724" lon="-122.453705">
      </trkpt>
      <trkpt lat="37.744741999999995" lon="-122.45374">
      </trkpt>
      <trkpt lat="37.744758999999995" lon="-122.45378">
      </trkpt>
      <trkpt lat="37.744788" lon="-122.453859">
      </trkpt>
      <trkpt lat="37.744808" lon="-122.453943">
      </trkpt>
      <trkpt lat="37.744811999999996" lon="-122.453965">
      </trkpt>
      <trkpt lat="37.744822" lon="-122.454026">
      </trkpt>
      <trkpt lat="37.744828999999996" lon="-122.454111">
      </trkpt>
      <trkpt lat="37.744825999999996" lon="-122.45418699999999">
      </trkpt>
      <trkpt lat="37.744819" lon="-122.454262">
      </trkpt>
      <trkpt lat="37.744803999999995" lon="-122.454336">
      </trkpt>
      <trkpt lat="37.744783999999996" lon="-122.45440599999999">
      </trkpt>
      <trkpt lat="37.744755999999995" lon="-122.45448599999999">
      </trkpt>
      <trkpt lat="37.74472" lon="-122.45455899999999">
      </trkpt>
      <trkpt lat="37.744675" lon="-122.45462599999999">
      </trkpt>
      <trkpt lat="37.744762" lon="-122.45454099999999">
      </trkpt>
      <trkpt lat="37.744866" lon="-122.45445199999999">
      </trkpt>
      <trkpt lat="37.744972" lon="-122.454365">
      </trkpt>
      <trkpt lat="37.745087999999996" lon="-122.454279">
      </trkpt>
      <trkpt lat="37.745219" lon="-122.45419299999999">
      </trkpt>
      <trkpt lat="37.745345" lon="-122.454118">
      </trkpt>
      <trkpt lat="37.745582" lon="-122.453992">
      </trkpt>
      <trkpt lat="37.745596" lon="-122.45398499999999">
      </trkpt>
      <trkpt lat="37.745712" lon="-122.45392199999999">
      </trkpt>
      <trkpt lat="37.745756" lon="-122.454044">
      </trkpt>
      <trkpt lat="37.745768999999996" lon="-122.45407999999999">
      </trkpt>
      <trkpt lat="37.745841" lon="-122.45422699999999">
      </trkpt>
      <trkpt lat="37.74604" lon="-122.454483">
      </trkpt>
      <trkpt lat="37.746099" lon="-122.454464">
      </trkpt>
      <trkpt lat="37.746248" lon="-122.454414">
      </trkpt>
      <trkpt lat="37.746489" lon="-122.454264">
      </trkpt>
      <trkpt lat="37.746702" lon="-122.454132">
      </trkpt>
      <trkpt lat="37.747019" lon="-122.453947">
      </trkpt>
      <trkpt lat="37.747053" lon="-122.45393">
      </trkpt>
      <trkpt lat="37.747088999999995" lon="-122.453915">
      </trkpt>
      <trkpt lat="37.747125" lon="-122.45389999999999">
      </trkpt>
      <trkpt lat="37.747158999999996" lon="-122.45388399999999">
      </trkpt>
      <trkpt lat="37.747287" lon="-122.453806">
      </trkpt>
      <trkpt lat="37.747158999999996" lon="-122.45388399999999">
      </trkpt>
      <trkpt lat="37.747125" lon="-122.45389999999999">
      </trkpt>
      <trkpt lat="37.747088999999995" lon="-122.453915">
      </trkpt>
      <trkpt lat="37.747053" lon="-122.45393">
      </trkpt>
      <trkpt lat="37.747019" lon="-122.453947">
      </trkpt>
      <trkpt lat="37.746702" lon="-122.454132">
      </trkpt>
      <trkpt lat="37.746489" lon="-122.454264">
      </trkpt>
      <trkpt lat="37.74653" lon="-122.454258">
      </trkpt>
      <trkpt lat="37.746548" lon="-122.45425999999999">
      </trkpt>
      <trkpt lat="37.746565" lon="-122.454267">
      </trkpt>
      <trkpt lat="37.746590999999995" lon="-122.45429">
      </trkpt>
      <trkpt lat="37.746974" lon="-122.45487399999999">
      </trkpt>
      <trkpt lat="37.747006" lon="-122.45479999999999">
      </trkpt>
      <trkpt lat="37.747043999999995" lon="-122.454729">
      </trkpt>
      <trkpt lat="37.747091999999995" lon="-122.454662">
      </trkpt>
      <trkpt lat="37.747167999999995" lon="-122.454596">
      </trkpt>
      <trkpt lat="37.747228" lon="-122.454584">
      </trkpt>
      <trkpt lat="37.747386999999996" lon="-122.454591">
      </trkpt>
      <trkpt lat="37.747392999999995" lon="-122.454415">
      </trkpt>
      <trkpt lat="37.747431" lon="-122.45435599999999">
      </trkpt>
      <trkpt lat="37.748151" lon="-122.454374">
      </trkpt>
      <trkpt lat="37.74841" lon="-122.454381">
      </trkpt>
      <trkpt lat="37.748461999999996" lon="-122.454382">
      </trkpt>
      <trkpt lat="37.748576" lon="-122.454387">
      </trkpt>
      <trkpt lat="37.748574999999995" lon="-122.454436">
      </trkpt>
      <trkpt lat="37.748574" lon="-122.454484">
      </trkpt>
      <trkpt lat="37.748571999999996" lon="-122.454567">
      </trkpt>
      <trkpt lat="37.748571" lon="-122.454634">
      </trkpt>
      <trkpt lat="37.748622" lon="-122.45470999999999">
      </trkpt>
      <trkpt lat="37.748658999999996" lon="-122.45478999999999">
      </trkpt>
      <trkpt lat="37.748672" lon="-122.454827">
      </trkpt>
      <trkpt lat="37.748723999999996" lon="-122.45485699999999">
      </trkpt>
      <trkpt lat="37.748742" lon="-122.45486299999999">
      </trkpt>
      <trkpt lat="37.748759" lon="-122.45486799999999">
      </trkpt>
      <trkpt lat="37.74878" lon="-122.45487299999999">
      </trkpt>
      <trkpt lat="37.748792" lon="-122.454861">
      </trkpt>
      <trkpt lat="37.748799999999996" lon="-122.45482899999999">
      </trkpt>
      <trkpt lat="37.748799" lon="-122.454798">
      </trkpt>
      <trkpt lat="37.748787" lon="-122.45475499999999">
      </trkpt>
      <trkpt lat="37.748788" lon="-122.454736">
      </trkpt>
      <trkpt lat="37.748795" lon="-122.45472199999999">
      </trkpt>
      <trkpt lat="37.748805999999995" lon="-122.454724">
      </trkpt>
      <trkpt lat="37.748816" lon="-122.45473299999999">
      </trkpt>
      <trkpt lat="37.748837" lon="-122.454764">
      </trkpt>
      <trkpt lat="37.748861" lon="-122.45483399999999">
      </trkpt>
      <trkpt lat="37.748869" lon="-122.45490699999999">
      </trkpt>
      <trkpt lat="37.74887" lon="-122.454988">
      </trkpt>
      <trkpt lat="37.748877" lon="-122.455051">
      </trkpt>
      <trkpt lat="37.748916" lon="-122.455165">
      </trkpt>
      <trkpt lat="37.748933" lon="-122.45518799999999">
      </trkpt>
      <trkpt lat="37.748948" lon="-122.455193">
      </trkpt>
      <trkpt lat="37.748974" lon="-122.455199">
      </trkpt>
      <trkpt lat="37.749013" lon="-122.45520499999999">
      </trkpt>
      <trkpt lat="37.749046" lon="-122.455219">
      </trkpt>
      <trkpt lat="37.749066" lon="-122.45523899999999">
      </trkpt>
      <trkpt lat="37.74908" lon="-122.455261">
      </trkpt>
      <trkpt lat="37.749095" lon="-122.45527399999999">
      </trkpt>
      <trkpt lat="37.749106999999995" lon="-122.455276">
      </trkpt>
      <trkpt lat="37.749119" lon="-122.455261">
      </trkpt>
      <trkpt lat="37.74912" lon="-122.45524599999999">
      </trkpt>
      <trkpt lat="37.749117999999996" lon="-122.45523">
      </trkpt>
      <trkpt lat="37.749106999999995" lon="-122.455215">
      </trkpt>
      <trkpt lat="37.749092" lon="-122.455196">
      </trkpt>
      <trkpt lat="37.749072999999996" lon="-122.455185">
      </trkpt>
      <trkpt lat="37.749058" lon="-122.455169">
      </trkpt>
      <trkpt lat="37.749054" lon="-122.45514899999999">
      </trkpt>
      <trkpt lat="37.749055" lon="-122.45512799999999">
      </trkpt>
      <trkpt lat="37.749067" lon="-122.455118">
      </trkpt>
      <trkpt lat="37.749078" lon="-122.45511599999999">
      </trkpt>
      <trkpt lat="37.749086999999996" lon="-122.455117">
      </trkpt>
      <trkpt lat="37.749102" lon="-122.45513199999999">
      </trkpt>
      <trkpt lat="37.749116" lon="-122.455137">
      </trkpt>
      <trkpt lat="37.74914" lon="-122.45513799999999">
      </trkpt>
      <trkpt lat="37.749168" lon="-122.455134">
      </trkpt>
      <trkpt lat="37.749186" lon="-122.455141">
      </trkpt>
      <trkpt lat="37.749195" lon="-122.455157">
      </trkpt>
      <trkpt lat="37.749204" lon="-122.455199">
      </trkpt>
      <trkpt lat="37.749210999999995" lon="-122.455215">
      </trkpt>
      <trkpt lat="37.749227" lon="-122.45523499999999">
      </trkpt>
      <trkpt lat="37.749241" lon="-122.45525699999999">
      </trkpt>
      <trkpt lat="37.749249" lon="-122.45528399999999">
      </trkpt>
      <trkpt lat="37.749247" lon="-122.455339">
      </trkpt>
      <trkpt lat="37.749244999999995" lon="-122.45536">
      </trkpt>
      <trkpt lat="37.749243" lon="-122.455379">
      </trkpt>
      <trkpt lat="37.749238999999996" lon="-122.45539699999999">
      </trkpt>
      <trkpt lat="37.749233" lon="-122.45541499999999">
      </trkpt>
      <trkpt lat="37.749227" lon="-122.455429">
      </trkpt>
      <trkpt lat="37.749224" lon="-122.455439">
      </trkpt>
      <trkpt lat="37.749226" lon="-122.455449">
      </trkpt>
      <trkpt lat="37.749232" lon="-122.455455">
      </trkpt>
      <trkpt lat="37.749238999999996" lon="-122.455457">
      </trkpt>
      <trkpt lat="37.749247" lon="-122.455455">
      </trkpt>
      <trkpt lat="37.749258" lon="-122.45544699999999">
      </trkpt>
      <trkpt lat="37.749266" lon="-122.45543699999999">
      </trkpt>
      <trkpt lat="37.749274" lon="-122.455422">
      </trkpt>
      <trkpt lat="37.749279" lon="-122.455406">
      </trkpt>
      <trkpt lat="37.749283" lon="-122.45539">
      </trkpt>
      <trkpt lat="37.749286" lon="-122.455372">
      </trkpt>
      <trkpt lat="37.749286" lon="-122.455354">
      </trkpt>
      <trkpt lat="37.749285" lon="-122.455338">
      </trkpt>
      <trkpt lat="37.749286999999995" lon="-122.45532299999999">
      </trkpt>
      <trkpt lat="37.749293" lon="-122.45530699999999">
      </trkpt>
      <trkpt lat="37.749303" lon="-122.455275">
      </trkpt>
      <trkpt lat="37.749309" lon="-122.455254">
      </trkpt>
      <trkpt lat="37.749314" lon="-122.455232">
      </trkpt>
      <trkpt lat="37.749314999999996" lon="-122.455215">
      </trkpt>
      <trkpt lat="37.749314999999996" lon="-122.45519499999999">
      </trkpt>
      <trkpt lat="37.749311999999996" lon="-122.455163">
      </trkpt>
      <trkpt lat="37.749291" lon="-122.455016">
      </trkpt>
      <trkpt lat="37.749293" lon="-122.45496899999999">
      </trkpt>
      <trkpt lat="37.749300999999996" lon="-122.454937">
      </trkpt>
      <trkpt lat="37.749314999999996" lon="-122.454906">
      </trkpt>
      <trkpt lat="37.749325" lon="-122.454864">
      </trkpt>
      <trkpt lat="37.74933" lon="-122.454815">
      </trkpt>
      <trkpt lat="37.749338" lon="-122.454788">
      </trkpt>
      <trkpt lat="37.749351" lon="-122.45477299999999">
      </trkpt>
      <trkpt lat="37.749368" lon="-122.454776">
      </trkpt>
      <trkpt lat="37.749379999999995" lon="-122.454791">
      </trkpt>
      <trkpt lat="37.749383" lon="-122.454825">
      </trkpt>
      <trkpt lat="37.749379" lon="-122.454854">
      </trkpt>
      <trkpt lat="37.749373" lon="-122.454877">
      </trkpt>
      <trkpt lat="37.74937" lon="-122.45489699999999">
      </trkpt>
      <trkpt lat="37.749368" lon="-122.45492">
      </trkpt>
      <trkpt lat="37.749367" lon="-122.45494699999999">
      </trkpt>
      <trkpt lat="37.749365999999995" lon="-122.454978">
      </trkpt>
      <trkpt lat="37.749373999999996" lon="-122.45500399999999">
      </trkpt>
      <trkpt lat="37.74939" lon="-122.45502099999999">
      </trkpt>
      <trkpt lat="37.749410999999995" lon="-122.455023">
      </trkpt>
      <trkpt lat="37.749427" lon="-122.455005">
      </trkpt>
      <trkpt lat="37.749441999999995" lon="-122.45496299999999">
      </trkpt>
      <trkpt lat="37.749459" lon="-122.454917">
      </trkpt>
      <trkpt lat="37.749494" lon="-122.454881">
      </trkpt>
      <trkpt lat="37.749539" lon="-122.45483899999999">
      </trkpt>
      <trkpt lat="37.749576999999995" lon="-122.45483499999999">
      </trkpt>
      <trkpt lat="37.749607999999995" lon="-122.45483999999999">
      </trkpt>
      <trkpt lat="37.749642" lon="-122.45484599999999">
      </trkpt>
      <trkpt lat="37.749722" lon="-122.45483499999999">
      </trkpt>
      <trkpt lat="37.749778" lon="-122.454805">
      </trkpt>
      <trkpt lat="37.749874999999996" lon="-122.45477699999999">
      </trkpt>
      <trkpt lat="37.750012999999996" lon="-122.454782">
      </trkpt>
      <trkpt lat="37.750136999999995" lon="-122.45483899999999">
      </trkpt>
      <trkpt lat="37.750293" lon="-122.45485599999999">
      </trkpt>
      <trkpt lat="37.750403" lon="-122.45489699999999">
      </trkpt>
      <trkpt lat="37.750451" lon="-122.454951">
      </trkpt>
      <trkpt lat="37.750465" lon="-122.455018">
      </trkpt>
      <trkpt lat="37.750451999999996" lon="-122.455074">
      </trkpt>
      <trkpt lat="37.750420999999996" lon="-122.455109">
      </trkpt>
      <trkpt lat="37.750398" lon="-122.45514899999999">
      </trkpt>
      <trkpt lat="37.750395999999995" lon="-122.45520599999999">
      </trkpt>
      <trkpt lat="37.750415" lon="-122.455276">
      </trkpt>
      <trkpt lat="37.750437" lon="-122.45534699999999">
      </trkpt>
      <trkpt lat="37.750467" lon="-122.455422">
      </trkpt>
      <trkpt lat="37.750493999999996" lon="-122.45548799999999">
      </trkpt>
      <trkpt lat="37.750513" lon="-122.455523">
      </trkpt>
      <trkpt lat="37.750527999999996" lon="-122.455558">
      </trkpt>
      <trkpt lat="37.750547999999995" lon="-122.45559399999999">
      </trkpt>
      <trkpt lat="37.750566" lon="-122.45561699999999">
      </trkpt>
      <trkpt lat="37.750589" lon="-122.45565099999999">
      </trkpt>
      <trkpt lat="37.750634" lon="-122.455737">
      </trkpt>
      <trkpt lat="37.750659999999996" lon="-122.455817">
      </trkpt>
      <trkpt lat="37.750682" lon="-122.455951">
      </trkpt>
      <trkpt lat="37.750693999999996" lon="-122.45607799999999">
      </trkpt>
      <trkpt lat="37.750701" lon="-122.45625">
      </trkpt>
      <trkpt lat="37.750693999999996" lon="-122.45634">
      </trkpt>
      <trkpt lat="37.750719" lon="-122.456476">
      </trkpt>
      <trkpt lat="37.750712" lon="-122.45660099999999">
      </trkpt>
      <trkpt lat="37.750689" lon="-122.456682">
      </trkpt>
      <trkpt lat="37.750668999999995" lon="-122.45681499999999">
      </trkpt>
      <trkpt lat="37.750679999999996" lon="-122.457027">
      </trkpt>
      <trkpt lat="37.750704999999996" lon="-122.457308">
      </trkpt>
      <trkpt lat="37.750724" lon="-122.45741799999999">
      </trkpt>
      <trkpt lat="37.7508" lon="-122.45762099999999">
      </trkpt>
      <trkpt lat="37.750853" lon="-122.45788399999999">
      </trkpt>
      <trkpt lat="37.750901" lon="-122.458123">
      </trkpt>
      <trkpt lat="37.750915" lon="-122.45819499999999">
      </trkpt>
      <trkpt lat="37.750951" lon="-122.45830799999999">
      </trkpt>
      <trkpt lat="37.751037" lon="-122.45841899999999">
      </trkpt>
      <trkpt lat="37.751114" lon="-122.45856699999999">
      </trkpt>
      <trkpt lat="37.751275" lon="-122.458694">
      </trkpt>
      <trkpt lat="37.751478" lon="-122.45882399999999">
      </trkpt>
      <trkpt lat="37.751543" lon="-122.45885">
      </trkpt>
      <trkpt lat="37.751639999999995" lon="-122.458885">
      </trkpt>
      <trkpt lat="37.751684" lon="-122.45889799999999">
      </trkpt>
      <trkpt lat="37.751729999999995" lon="-122.458923">
      </trkpt>
      <trkpt lat="37.751754999999996" lon="-122.458974">
      </trkpt>
      <trkpt lat="37.751759" lon="-122.459019">
      </trkpt>
      <trkpt lat="37.75175" lon="-122.459043">
      </trkpt>
      <trkpt lat="37.751729" lon="-122.45908">
      </trkpt>
      <trkpt lat="37.751737" lon="-122.45911799999999">
      </trkpt>
      <trkpt lat="37.751762" lon="-122.45917399999999">
      </trkpt>
      <trkpt lat="37.75177" lon="-122.45923099999999">
      </trkpt>
      <trkpt lat="37.751768999999996" lon="-122.459288">
      </trkpt>
      <trkpt lat="37.751839" lon="-122.45933799999999">
      </trkpt>
      <trkpt lat="37.75185" lon="-122.459347">
      </trkpt>
      <trkpt lat="37.751858" lon="-122.45939">
      </trkpt>
      <trkpt lat="37.751889" lon="-122.459408">
      </trkpt>
      <trkpt lat="37.751892999999995" lon="-122.459364">
      </trkpt>
      <trkpt lat="37.751905" lon="-122.459221">
      </trkpt>
      <trkpt lat="37.751906999999996" lon="-122.45919599999999">
      </trkpt>
      <trkpt lat="37.751901" lon="-122.45903">
      </trkpt>
      <trkpt lat="37.751877" lon="-122.458868">
      </trkpt>
      <trkpt lat="37.751835" lon="-122.458703">
      </trkpt>
      <trkpt lat="37.751827999999996" lon="-122.45868">
      </trkpt>
      <trkpt lat="37.751792" lon="-122.45854899999999">
      </trkpt>
      <trkpt lat="37.751746" lon="-122.45839099999999">
      </trkpt>
      <trkpt lat="37.751698999999995" lon="-122.45823399999999">
      </trkpt>
      <trkpt lat="37.751431" lon="-122.45732">
      </trkpt>
      <trkpt lat="37.751388" lon="-122.45712599999999">
      </trkpt>
      <trkpt lat="37.751374" lon="-122.45694999999999">
      </trkpt>
      <trkpt lat="37.751402" lon="-122.456752">
      </trkpt>
      <trkpt lat="37.751419999999996" lon="-122.456662">
      </trkpt>
      <trkpt lat="37.751438" lon="-122.456588">
      </trkpt>
      <trkpt lat="37.751463" lon="-122.456516">
      </trkpt>
      <trkpt lat="37.751489" lon="-122.456451">
      </trkpt>
      <trkpt lat="37.751518" lon="-122.45638799999999">
      </trkpt>
      <trkpt lat="37.751622999999995" lon="-122.456246">
      </trkpt>
      <trkpt lat="37.751664" lon="-122.45619599999999">
      </trkpt>
      <trkpt lat="37.751708" lon="-122.45615099999999">
      </trkpt>
      <trkpt lat="37.751756" lon="-122.45611">
      </trkpt>
      <trkpt lat="37.751802" lon="-122.456076">
      </trkpt>
      <trkpt lat="37.751832" lon="-122.456057">
      </trkpt>
      <trkpt lat="37.751861999999996" lon="-122.456041">
      </trkpt>
      <trkpt lat="37.7519" lon="-122.45602299999999">
      </trkpt>
      <trkpt lat="37.751939" lon="-122.456007">
      </trkpt>
      <trkpt lat="37.751982" lon="-122.455992">
      </trkpt>
      <trkpt lat="37.752024999999996" lon="-122.45598199999999">
      </trkpt>
      <trkpt lat="37.752089" lon="-122.45597199999999">
      </trkpt>
      <trkpt lat="37.752159" lon="-122.455969">
      </trkpt>
      <trkpt lat="37.752224999999996" lon="-122.45597199999999">
      </trkpt>
      <trkpt lat="37.752379999999995" lon="-122.455985">
      </trkpt>
      <trkpt lat="37.752384" lon="-122.455907">
      </trkpt>
      <trkpt lat="37.752389" lon="-122.455866">
      </trkpt>
      <trkpt lat="37.752382" lon="-122.455782">
      </trkpt>
      <trkpt lat="37.752386" lon="-122.455694">
      </trkpt>
      <trkpt lat="37.752190999999996" lon="-122.45576399999999">
      </trkpt>
      <trkpt lat="37.752159999999996" lon="-122.455776">
      </trkpt>
      <trkpt lat="37.752133" lon="-122.45577399999999">
      </trkpt>
      <trkpt lat="37.752119" lon="-122.45576399999999">
      </trkpt>
      <trkpt lat="37.752096" lon="-122.45573499999999">
      </trkpt>
      <trkpt lat="37.752088" lon="-122.455714">
      </trkpt>
      <trkpt lat="37.752068" lon="-122.45562199999999">
      </trkpt>
      <trkpt lat="37.752088" lon="-122.455714">
      </trkpt>
      <trkpt lat="37.752096" lon="-122.45573499999999">
      </trkpt>
      <trkpt lat="37.752119" lon="-122.45576399999999">
      </trkpt>
      <trkpt lat="37.752133" lon="-122.45577399999999">
      </trkpt>
      <trkpt lat="37.752159999999996" lon="-122.455776">
      </trkpt>
      <trkpt lat="37.752190999999996" lon="-122.45576399999999">
      </trkpt>
      <trkpt lat="37.752386" lon="-122.455694">
      </trkpt>
      <trkpt lat="37.752382" lon="-122.455782">
      </trkpt>
      <trkpt lat="37.752389" lon="-122.455866">
      </trkpt>
      <trkpt lat="37.752384" lon="-122.455907">
      </trkpt>
      <trkpt lat="37.752379999999995" lon="-122.455985">
      </trkpt>
      <trkpt lat="37.752517999999995" lon="-122.45599399999999">
      </trkpt>
      <trkpt lat="37.752586" lon="-122.455995">
      </trkpt>
      <trkpt lat="37.752668" lon="-122.45599299999999">
      </trkpt>
      <trkpt lat="37.752708999999996" lon="-122.455991">
      </trkpt>
      <trkpt lat="37.752750999999996" lon="-122.455987">
      </trkpt>
      <trkpt lat="37.752790999999995" lon="-122.45598199999999">
      </trkpt>
      <trkpt lat="37.752832" lon="-122.45597699999999">
      </trkpt>
      <trkpt lat="37.752871999999996" lon="-122.45597">
      </trkpt>
      <trkpt lat="37.752913" lon="-122.455962">
      </trkpt>
      <trkpt lat="37.752953" lon="-122.45595399999999">
      </trkpt>
      <trkpt lat="37.752986" lon="-122.455946">
      </trkpt>
      <trkpt lat="37.753015999999995" lon="-122.45593799999999">
      </trkpt>
      <trkpt lat="37.753046" lon="-122.455929">
      </trkpt>
      <trkpt lat="37.753073" lon="-122.45591999999999">
      </trkpt>
      <trkpt lat="37.753099999999996" lon="-122.45590999999999">
      </trkpt>
      <trkpt lat="37.753124" lon="-122.455901">
      </trkpt>
      <trkpt lat="37.753215999999995" lon="-122.455855">
      </trkpt>
      <trkpt lat="37.753336" lon="-122.455799">
      </trkpt>
      <trkpt lat="37.753451999999996" lon="-122.45573499999999">
      </trkpt>
      <trkpt lat="37.753566" lon="-122.45566">
      </trkpt>
      <trkpt lat="37.753693999999996" lon="-122.455568">
      </trkpt>
      <trkpt lat="37.753735999999996" lon="-122.45553699999999">
      </trkpt>
      <trkpt lat="37.753803" lon="-122.45549299999999">
      </trkpt>
      <trkpt lat="37.754014999999995" lon="-122.455365">
      </trkpt>
      <trkpt lat="37.754084999999996" lon="-122.455317">
      </trkpt>
      <trkpt lat="37.754157" lon="-122.455269">
      </trkpt>
      <trkpt lat="37.754231" lon="-122.455226">
      </trkpt>
      <trkpt lat="37.754304999999995" lon="-122.455191">
      </trkpt>
      <trkpt lat="37.754383" lon="-122.45516099999999">
      </trkpt>
      <trkpt lat="37.754458" lon="-122.45513799999999">
      </trkpt>
      <trkpt lat="37.754536" lon="-122.45512199999999">
      </trkpt>
      <trkpt lat="37.754614" lon="-122.455112">
      </trkpt>
      <trkpt lat="37.754695" lon="-122.455107">
      </trkpt>
      <trkpt lat="37.754743999999995" lon="-122.455103">
      </trkpt>
      <trkpt lat="37.754777" lon="-122.45509999999999">
      </trkpt>
      <trkpt lat="37.75486" lon="-122.45508799999999">
      </trkpt>
      <trkpt lat="37.754936" lon="-122.45507099999999">
      </trkpt>
      <trkpt lat="37.755002" lon="-122.455045">
      </trkpt>
      <trkpt lat="37.755055999999996" lon="-122.455018">
      </trkpt>
      <trkpt lat="37.755109999999995" lon="-122.45499299999999">
      </trkpt>
      <trkpt lat="37.755137" lon="-122.455095">
      </trkpt>
      <trkpt lat="37.755165" lon="-122.45518299999999">
      </trkpt>
      <trkpt lat="37.755182" lon="-122.45523999999999">
      </trkpt>
      <trkpt lat="37.755252" lon="-122.45545999999999">
      </trkpt>
      <trkpt lat="37.755252999999996" lon="-122.455463">
      </trkpt>
      <trkpt lat="37.755286" lon="-122.45556599999999">
      </trkpt>
      <trkpt lat="37.755314999999996" lon="-122.455655">
      </trkpt>
      <trkpt lat="37.755376999999996" lon="-122.45585">
      </trkpt>
      <trkpt lat="37.755403" lon="-122.45593299999999">
      </trkpt>
      <trkpt lat="37.755421999999996" lon="-122.45601099999999">
      </trkpt>
      <trkpt lat="37.755435" lon="-122.456088">
      </trkpt>
      <trkpt lat="37.755444" lon="-122.456164">
      </trkpt>
      <trkpt lat="37.755454" lon="-122.45628199999999">
      </trkpt>
      <trkpt lat="37.755387" lon="-122.4563">
      </trkpt>
      <trkpt lat="37.755376999999996" lon="-122.456302">
      </trkpt>
      <trkpt lat="37.755303999999995" lon="-122.456323">
      </trkpt>
      <trkpt lat="37.755213" lon="-122.45635">
      </trkpt>
      <trkpt lat="37.755202" lon="-122.45635399999999">
      </trkpt>
      <trkpt lat="37.755116" lon="-122.456386">
      </trkpt>
      <trkpt lat="37.755029" lon="-122.456424">
      </trkpt>
      <trkpt lat="37.754947" lon="-122.456465">
      </trkpt>
      <trkpt lat="37.754857" lon="-122.456516">
      </trkpt>
      <trkpt lat="37.754715" lon="-122.456599">
      </trkpt>
      <trkpt lat="37.754194" lon="-122.456904">
      </trkpt>
      <trkpt lat="37.754715" lon="-122.456599">
      </trkpt>
      <trkpt lat="37.754857" lon="-122.456516">
      </trkpt>
      <trkpt lat="37.754947" lon="-122.456465">
      </trkpt>
      <trkpt lat="37.755029" lon="-122.456424">
      </trkpt>
      <trkpt lat="37.755116" lon="-122.456386">
      </trkpt>
      <trkpt lat="37.755202" lon="-122.45635399999999">
      </trkpt>
      <trkpt lat="37.755213" lon="-122.45635">
      </trkpt>
      <trkpt lat="37.755303999999995" lon="-122.456323">
      </trkpt>
      <trkpt lat="37.755376999999996" lon="-122.456302">
      </trkpt>
      <trkpt lat="37.755387" lon="-122.4563">
      </trkpt>
      <trkpt lat="37.755454" lon="-122.45628199999999">
      </trkpt>
      <trkpt lat="37.755444" lon="-122.456164">
      </trkpt>
      <trkpt lat="37.755435" lon="-122.456088">
      </trkpt>
      <trkpt lat="37.755421999999996" lon="-122.45601099999999">
      </trkpt>
      <trkpt lat="37.755403" lon="-122.45593299999999">
      </trkpt>
      <trkpt lat="37.755376999999996" lon="-122.45585">
      </trkpt>
      <trkpt lat="37.755314999999996" lon="-122.455655">
      </trkpt>
      <trkpt lat="37.755286" lon="-122.45556599999999">
      </trkpt>
      <trkpt lat="37.755252999999996" lon="-122.455463">
      </trkpt>
      <trkpt lat="37.755252" lon="-122.45545999999999">
      </trkpt>
      <trkpt lat="37.755182" lon="-122.45523999999999">
      </trkpt>
      <trkpt lat="37.755165" lon="-122.45518299999999">
      </trkpt>
      <trkpt lat="37.755137" lon="-122.455095">
      </trkpt>
      <trkpt lat="37.755109999999995" lon="-122.45499299999999">
      </trkpt>
      <trkpt lat="37.755188" lon="-122.454955">
      </trkpt>
      <trkpt lat="37.755264" lon="-122.454917">
      </trkpt>
      <trkpt lat="37.755320999999995" lon="-122.454887">
      </trkpt>
      <trkpt lat="37.755435" lon="-122.454826">
      </trkpt>
      <trkpt lat="37.755489" lon="-122.454797">
      </trkpt>
      <trkpt lat="37.755545999999995" lon="-122.454764">
      </trkpt>
      <trkpt lat="37.755601999999996" lon="-122.45473">
      </trkpt>
      <trkpt lat="37.755659" lon="-122.45469299999999">
      </trkpt>
      <trkpt lat="37.755714999999995" lon="-122.45465399999999">
      </trkpt>
      <trkpt lat="37.755765" lon="-122.454618">
      </trkpt>
      <trkpt lat="37.756087" lon="-122.45437899999999">
      </trkpt>
      <trkpt lat="37.756143" lon="-122.45433799999999">
      </trkpt>
      <trkpt lat="37.756198999999995" lon="-122.45429999999999">
      </trkpt>
      <trkpt lat="37.756256" lon="-122.45426499999999">
      </trkpt>
      <trkpt lat="37.756313999999996" lon="-122.45423299999999">
      </trkpt>
      <trkpt lat="37.756366" lon="-122.45420499999999">
      </trkpt>
      <trkpt lat="37.756429" lon="-122.454177">
      </trkpt>
      <trkpt lat="37.756488" lon="-122.45415299999999">
      </trkpt>
      <trkpt lat="37.756552" lon="-122.45413099999999">
      </trkpt>
      <trkpt lat="37.756611" lon="-122.45411299999999">
      </trkpt>
      <trkpt lat="37.756671" lon="-122.45409699999999">
      </trkpt>
      <trkpt lat="37.756726" lon="-122.45408599999999">
      </trkpt>
      <trkpt lat="37.756795" lon="-122.454076">
      </trkpt>
      <trkpt lat="37.756862999999996" lon="-122.454067">
      </trkpt>
      <trkpt lat="37.756931" lon="-122.454055">
      </trkpt>
      <trkpt lat="37.756992" lon="-122.454039">
      </trkpt>
      <trkpt lat="37.75705" lon="-122.45401799999999">
      </trkpt>
      <trkpt lat="37.757109" lon="-122.453992">
      </trkpt>
      <trkpt lat="37.757169" lon="-122.45396099999999">
      </trkpt>
      <trkpt lat="37.757228999999995" lon="-122.453924">
      </trkpt>
      <trkpt lat="37.757290999999995" lon="-122.453879">
      </trkpt>
      <trkpt lat="37.757354" lon="-122.45382599999999">
      </trkpt>
      <trkpt lat="37.757408" lon="-122.453775">
      </trkpt>
      <trkpt lat="37.757456999999995" lon="-122.453727">
      </trkpt>
      <trkpt lat="37.757452" lon="-122.453761">
      </trkpt>
      <trkpt lat="37.757447" lon="-122.453801">
      </trkpt>
      <trkpt lat="37.757436" lon="-122.453848">
      </trkpt>
      <trkpt lat="37.757422" lon="-122.45390099999999">
      </trkpt>
      <trkpt lat="37.757404" lon="-122.453915">
      </trkpt>
      <trkpt lat="37.757335999999995" lon="-122.453972">
      </trkpt>
      <trkpt lat="37.757303" lon="-122.454087">
      </trkpt>
      <trkpt lat="37.757278" lon="-122.45421999999999">
      </trkpt>
      <trkpt lat="37.757252" lon="-122.454324">
      </trkpt>
      <trkpt lat="37.757256" lon="-122.454427">
      </trkpt>
      <trkpt lat="37.757248" lon="-122.45457999999999">
      </trkpt>
      <trkpt lat="37.757228999999995" lon="-122.45473899999999">
      </trkpt>
      <trkpt lat="37.757211" lon="-122.45483399999999">
      </trkpt>
      <trkpt lat="37.757171" lon="-122.45494199999999">
      </trkpt>
      <trkpt lat="37.757138999999995" lon="-122.455028">
      </trkpt>
      <trkpt lat="37.757149" lon="-122.455242">
      </trkpt>
      <trkpt lat="37.757142" lon="-122.455417">
      </trkpt>
      <trkpt lat="37.757097" lon="-122.455563">
      </trkpt>
      <trkpt lat="37.757019" lon="-122.45567199999999">
      </trkpt>
      <trkpt lat="37.756924999999995" lon="-122.455798">
      </trkpt>
      <trkpt lat="37.756888" lon="-122.455906">
      </trkpt>
      <trkpt lat="37.756893" lon="-122.45608499999999">
      </trkpt>
      <trkpt lat="37.756932" lon="-122.456249">
      </trkpt>
      <trkpt lat="37.756952999999996" lon="-122.45637199999999">
      </trkpt>
      <trkpt lat="37.757002" lon="-122.45653">
      </trkpt>
      <trkpt lat="37.757036" lon="-122.45665899999999">
      </trkpt>
      <trkpt lat="37.75707" lon="-122.45680899999999">
      </trkpt>
      <trkpt lat="37.757079999999995" lon="-122.45688799999999">
      </trkpt>
      <trkpt lat="37.757058" lon="-122.45699499999999">
      </trkpt>
      <trkpt lat="37.757053" lon="-122.45713099999999">
      </trkpt>
      <trkpt lat="37.757053" lon="-122.457184">
      </trkpt>
      <trkpt lat="37.757054" lon="-122.457242">
      </trkpt>
      <trkpt lat="37.757053" lon="-122.457302">
      </trkpt>
      <trkpt lat="37.757041" lon="-122.45736699999999">
      </trkpt>
      <trkpt lat="37.757027" lon="-122.457439">
      </trkpt>
      <trkpt lat="37.757002" lon="-122.45749699999999">
      </trkpt>
      <trkpt lat="37.756968" lon="-122.457543">
      </trkpt>
      <trkpt lat="37.756944" lon="-122.45759799999999">
      </trkpt>
      <trkpt lat="37.756924999999995" lon="-122.45761999999999">
      </trkpt>
      <trkpt lat="37.756881" lon="-122.457658">
      </trkpt>
      <trkpt lat="37.756842999999996" lon="-122.45772199999999">
      </trkpt>
      <trkpt lat="37.756912" lon="-122.457725">
      </trkpt>
      <trkpt lat="37.756972999999995" lon="-122.457707">
      </trkpt>
      <trkpt lat="37.75703" lon="-122.45767099999999">
      </trkpt>
      <trkpt lat="37.757076999999995" lon="-122.45762699999999">
      </trkpt>
      <trkpt lat="37.757104" lon="-122.45755199999999">
      </trkpt>
      <trkpt lat="37.757127" lon="-122.457493">
      </trkpt>
      <trkpt lat="37.757145" lon="-122.45746799999999">
      </trkpt>
      <trkpt lat="37.757169999999995" lon="-122.45747">
      </trkpt>
      <trkpt lat="37.757159" lon="-122.457692">
      </trkpt>
      <trkpt lat="37.757058" lon="-122.457838">
      </trkpt>
      <trkpt lat="37.756969" lon="-122.457938">
      </trkpt>
      <trkpt lat="37.756861" lon="-122.45800899999999">
      </trkpt>
      <trkpt lat="37.756766" lon="-122.458096">
      </trkpt>
      <trkpt lat="37.756634999999996" lon="-122.45820599999999">
      </trkpt>
      <trkpt lat="37.756533999999995" lon="-122.45827299999999">
      </trkpt>
      <trkpt lat="37.756482999999996" lon="-122.45830699999999">
      </trkpt>
      <trkpt lat="37.756402" lon="-122.458376">
      </trkpt>
      <trkpt lat="37.756325" lon="-122.458424">
      </trkpt>
      <trkpt lat="37.756229999999995" lon="-122.458472">
      </trkpt>
      <trkpt lat="37.756161999999996" lon="-122.45849399999999">
      </trkpt>
      <trkpt lat="37.756083" lon="-122.458524">
      </trkpt>
      <trkpt lat="37.756045" lon="-122.45856699999999">
      </trkpt>
      <trkpt lat="37.756043" lon="-122.45866099999999">
      </trkpt>
      <trkpt lat="37.756059" lon="-122.458728">
      </trkpt>
      <trkpt lat="37.756098" lon="-122.458771">
      </trkpt>
      <trkpt lat="37.756174" lon="-122.45881899999999">
      </trkpt>
      <trkpt lat="37.756358" lon="-122.45888099999999">
      </trkpt>
      <trkpt lat="37.756418" lon="-122.458901">
      </trkpt>
      <trkpt lat="37.756588" lon="-122.45896099999999">
      </trkpt>
      <trkpt lat="37.756803" lon="-122.45904999999999">
      </trkpt>
      <trkpt lat="37.756972" lon="-122.459105">
      </trkpt>
      <trkpt lat="37.757097" lon="-122.459153">
      </trkpt>
      <trkpt lat="37.757214" lon="-122.45921899999999">
      </trkpt>
      <trkpt lat="37.75738" lon="-122.45939399999999">
      </trkpt>
      <trkpt lat="37.757507" lon="-122.45954499999999">
      </trkpt>
      <trkpt lat="37.757605" lon="-122.45963099999999">
      </trkpt>
      <trkpt lat="37.757714" lon="-122.459746">
      </trkpt>
      <trkpt lat="37.757861" lon="-122.45980499999999">
      </trkpt>
      <trkpt lat="37.757943" lon="-122.45979899999999">
      </trkpt>
      <trkpt lat="37.758019999999995" lon="-122.459755">
      </trkpt>
      <trkpt lat="37.758099" lon="-122.459666">
      </trkpt>
      <trkpt lat="37.75814" lon="-122.45959599999999">
      </trkpt>
      <trkpt lat="37.75824" lon="-122.4592">
      </trkpt>
      <trkpt lat="37.758288" lon="-122.459009">
      </trkpt>
      <trkpt lat="37.758368" lon="-122.458839">
      </trkpt>
      <trkpt lat="37.758475" lon="-122.45874599999999">
      </trkpt>
      <trkpt lat="37.758592" lon="-122.458731">
      </trkpt>
      <trkpt lat="37.758725999999996" lon="-122.45876799999999">
      </trkpt>
      <trkpt lat="37.758742" lon="-122.458772">
      </trkpt>
      <trkpt lat="37.758874999999996" lon="-122.458855">
      </trkpt>
      <trkpt lat="37.75902" lon="-122.458956">
      </trkpt>
      <trkpt lat="37.759187" lon="-122.45901699999999">
      </trkpt>
      <trkpt lat="37.759319" lon="-122.45902799999999">
      </trkpt>
      <trkpt lat="37.759474999999995" lon="-122.459102">
      </trkpt>
      <trkpt lat="37.759577" lon="-122.45915099999999">
      </trkpt>
      <trkpt lat="37.759648" lon="-122.45910699999999">
      </trkpt>
      <trkpt lat="37.759684" lon="-122.45900599999999">
      </trkpt>
      <trkpt lat="37.759699" lon="-122.4589">
      </trkpt>
      <trkpt lat="37.759755" lon="-122.458804">
      </trkpt>
      <trkpt lat="37.759847" lon="-122.458755">
      </trkpt>
      <trkpt lat="37.760014" lon="-122.458677">
      </trkpt>
      <trkpt lat="37.760183999999995" lon="-122.458664">
      </trkpt>
      <trkpt lat="37.76045" lon="-122.45877">
      </trkpt>
      <trkpt lat="37.760608" lon="-122.45877899999999">
      </trkpt>
      <trkpt lat="37.760697" lon="-122.45876399999999">
      </trkpt>
      <trkpt lat="37.760728" lon="-122.458693">
      </trkpt>
      <trkpt lat="37.760746999999995" lon="-122.458653">
      </trkpt>
      <trkpt lat="37.760889999999996" lon="-122.45866199999999">
      </trkpt>
      <trkpt lat="37.760953" lon="-122.458675">
      </trkpt>
      <trkpt lat="37.761027" lon="-122.458681">
      </trkpt>
      <trkpt lat="37.761033" lon="-122.45867799999999">
      </trkpt>
      <trkpt lat="37.761075" lon="-122.45865599999999">
      </trkpt>
      <trkpt lat="37.761123" lon="-122.45859499999999">
      </trkpt>
      <trkpt lat="37.761112" lon="-122.458518">
      </trkpt>
      <trkpt lat="37.761064" lon="-122.45844699999999">
      </trkpt>
      <trkpt lat="37.76103" lon="-122.458382">
      </trkpt>
      <trkpt lat="37.761041999999996" lon="-122.45828399999999">
      </trkpt>
      <trkpt lat="37.761083" lon="-122.45808299999999">
      </trkpt>
      <trkpt lat="37.761083" lon="-122.458006">
      </trkpt>
      <trkpt lat="37.761072999999996" lon="-122.45775599999999">
      </trkpt>
      <trkpt lat="37.761078" lon="-122.457697">
      </trkpt>
      <trkpt lat="37.761117" lon="-122.457588">
      </trkpt>
      <trkpt lat="37.761131" lon="-122.457696">
      </trkpt>
      <trkpt lat="37.761165999999996" lon="-122.457787">
      </trkpt>
      <trkpt lat="37.761317999999996" lon="-122.458102">
      </trkpt>
      <trkpt lat="37.761427" lon="-122.45835299999999">
      </trkpt>
      <trkpt lat="37.761472" lon="-122.458478">
      </trkpt>
      <trkpt lat="37.761511999999996" lon="-122.458604">
      </trkpt>
      <trkpt lat="37.761568" lon="-122.458849">
      </trkpt>
      <trkpt lat="37.76159" lon="-122.458984">
      </trkpt>
      <trkpt lat="37.761610999999995" lon="-122.45913399999999">
      </trkpt>
      <trkpt lat="37.761626" lon="-122.459201">
      </trkpt>
      <trkpt lat="37.761643" lon="-122.45924799999999">
      </trkpt>
      <trkpt lat="37.761666999999996" lon="-122.45928699999999">
      </trkpt>
      <trkpt lat="37.761689" lon="-122.45930999999999">
      </trkpt>
      <trkpt lat="37.761717" lon="-122.45932099999999">
      </trkpt>
      <trkpt lat="37.761748" lon="-122.45932699999999">
      </trkpt>
      <trkpt lat="37.761783" lon="-122.45932699999999">
      </trkpt>
      <trkpt lat="37.761824" lon="-122.459318">
      </trkpt>
      <trkpt lat="37.76184" lon="-122.459311">
      </trkpt>
      <trkpt lat="37.761852999999995" lon="-122.459306">
      </trkpt>
      <trkpt lat="37.761873" lon="-122.459291">
      </trkpt>
      <trkpt lat="37.761893" lon="-122.459266">
      </trkpt>
      <trkpt lat="37.761911999999995" lon="-122.45922999999999">
      </trkpt>
      <trkpt lat="37.761925" lon="-122.45918999999999">
      </trkpt>
      <trkpt lat="37.761928999999995" lon="-122.45915">
      </trkpt>
      <trkpt lat="37.761928999999995" lon="-122.45911">
      </trkpt>
      <trkpt lat="37.761925999999995" lon="-122.45907899999999">
      </trkpt>
      <trkpt lat="37.7619" lon="-122.458996">
      </trkpt>
      <trkpt lat="37.761871" lon="-122.458907">
      </trkpt>
      <trkpt lat="37.76184" lon="-122.458822">
      </trkpt>
      <trkpt lat="37.761817" lon="-122.458744">
      </trkpt>
      <trkpt lat="37.761762" lon="-122.458559">
      </trkpt>
      <trkpt lat="37.761742999999996" lon="-122.458474">
      </trkpt>
      <trkpt lat="37.76172" lon="-122.45832899999999">
      </trkpt>
      <trkpt lat="37.761691" lon="-122.45800899999999">
      </trkpt>
      <trkpt lat="37.761689" lon="-122.45788499999999">
      </trkpt>
      <trkpt lat="37.761686" lon="-122.457736">
      </trkpt>
      <trkpt lat="37.761693" lon="-122.457605">
      </trkpt>
      <trkpt lat="37.761708" lon="-122.457476">
      </trkpt>
      <trkpt lat="37.761764" lon="-122.45723199999999">
      </trkpt>
      <trkpt lat="37.761807999999995" lon="-122.45711299999999">
      </trkpt>
      <trkpt lat="37.761856" lon="-122.457021">
      </trkpt>
      <trkpt lat="37.761914" lon="-122.45693299999999">
      </trkpt>
      <trkpt lat="37.762121" lon="-122.456717">
      </trkpt>
      <trkpt lat="37.762201" lon="-122.45663599999999">
      </trkpt>
      <trkpt lat="37.762285" lon="-122.45655599999999">
      </trkpt>
      <trkpt lat="37.762335" lon="-122.456516">
      </trkpt>
      <trkpt lat="37.762367999999995" lon="-122.45648899999999">
      </trkpt>
      <trkpt lat="37.762443" lon="-122.456431">
      </trkpt>
      <trkpt lat="37.762572" lon="-122.456351">
      </trkpt>
      <trkpt lat="37.762615" lon="-122.456334">
      </trkpt>
      <trkpt lat="37.762661" lon="-122.45633">
      </trkpt>
      <trkpt lat="37.762791" lon="-122.45633699999999">
      </trkpt>
      <trkpt lat="37.763000999999996" lon="-122.45621899999999">
      </trkpt>
      <trkpt lat="37.763059999999996" lon="-122.45619099999999">
      </trkpt>
      <trkpt lat="37.763118999999996" lon="-122.456167">
      </trkpt>
      <trkpt lat="37.763183" lon="-122.456148">
      </trkpt>
      <trkpt lat="37.763249" lon="-122.456131">
      </trkpt>
      <trkpt lat="37.763318" lon="-122.45612">
      </trkpt>
      <trkpt lat="37.763605" lon="-122.456087">
      </trkpt>
      <trkpt lat="37.763667" lon="-122.45607">
      </trkpt>
      <trkpt lat="37.763726" lon="-122.456046">
      </trkpt>
      <trkpt lat="37.763791" lon="-122.456015">
      </trkpt>
      <trkpt lat="37.763819999999996" lon="-122.456009">
      </trkpt>
      <trkpt lat="37.763852" lon="-122.45601099999999">
      </trkpt>
      <trkpt lat="37.763883" lon="-122.45602">
      </trkpt>
      <trkpt lat="37.763923999999996" lon="-122.456037">
      </trkpt>
      <trkpt lat="37.764004" lon="-122.45607299999999">
      </trkpt>
      <trkpt lat="37.763919" lon="-122.456374">
      </trkpt>
      <trkpt lat="37.763825" lon="-122.45670399999999">
      </trkpt>
      <trkpt lat="37.763801" lon="-122.45679299999999">
      </trkpt>
      <trkpt lat="37.763760999999995" lon="-122.456931">
      </trkpt>
      <trkpt lat="37.763698" lon="-122.457152">
      </trkpt>
      <trkpt lat="37.763618" lon="-122.457118">
      </trkpt>
      <trkpt lat="37.763501" lon="-122.45706899999999">
      </trkpt>
      <trkpt lat="37.763473" lon="-122.457166">
      </trkpt>
      <trkpt lat="37.763501" lon="-122.45706899999999">
      </trkpt>
      <trkpt lat="37.763618" lon="-122.457118">
      </trkpt>
      <trkpt lat="37.763698" lon="-122.457152">
      </trkpt>
      <trkpt lat="37.763760999999995" lon="-122.456931">
      </trkpt>
      <trkpt lat="37.763801" lon="-122.45679299999999">
      </trkpt>
      <trkpt lat="37.763825" lon="-122.45670399999999">
      </trkpt>
      <trkpt lat="37.763923" lon="-122.45670899999999">
      </trkpt>
      <trkpt lat="37.764115" lon="-122.45672099999999">
      </trkpt>
      <trkpt lat="37.764866999999995" lon="-122.456767">
      </trkpt>
      <trkpt lat="37.764925999999996" lon="-122.45677099999999">
      </trkpt>
      <trkpt lat="37.764942" lon="-122.456772">
      </trkpt>
      <trkpt lat="37.764953999999996" lon="-122.456682">
      </trkpt>
      <trkpt lat="37.764972" lon="-122.456542">
      </trkpt>
      <trkpt lat="37.764981999999996" lon="-122.456463">
      </trkpt>
      <trkpt lat="37.764994" lon="-122.45636499999999">
      </trkpt>
      <trkpt lat="37.765012" lon="-122.456226">
      </trkpt>
      <trkpt lat="37.765018999999995" lon="-122.456167">
      </trkpt>
      <trkpt lat="37.765046999999996" lon="-122.45594799999999">
      </trkpt>
      <trkpt lat="37.765195" lon="-122.45478299999999">
      </trkpt>
      <trkpt lat="37.765046999999996" lon="-122.45594799999999">
      </trkpt>
      <trkpt lat="37.765018999999995" lon="-122.456167">
      </trkpt>
      <trkpt lat="37.765012" lon="-122.456226">
      </trkpt>
      <trkpt lat="37.764994" lon="-122.45636499999999">
      </trkpt>
      <trkpt lat="37.764981999999996" lon="-122.456463">
      </trkpt>
      <trkpt lat="37.764972" lon="-122.456542">
      </trkpt>
      <trkpt lat="37.764953999999996" lon="-122.456682">
      </trkpt>
      <trkpt lat="37.764942" lon="-122.456772">
      </trkpt>
      <trkpt lat="37.764931" lon="-122.456857">
      </trkpt>
      <trkpt lat="37.764846" lon="-122.457511">
      </trkpt>
      <trkpt lat="37.764835999999995" lon="-122.457568">
      </trkpt>
      <trkpt lat="37.764824" lon="-122.45759899999999">
      </trkpt>
      <trkpt lat="37.764799" lon="-122.45763799999999">
      </trkpt>
      <trkpt lat="37.76477" lon="-122.457667">
      </trkpt>
      <trkpt lat="37.764731999999995" lon="-122.45768899999999">
      </trkpt>
      <trkpt lat="37.764742999999996" lon="-122.457708">
      </trkpt>
      <trkpt lat="37.764753999999996" lon="-122.45772">
      </trkpt>
      <trkpt lat="37.764769" lon="-122.45772699999999">
      </trkpt>
      <trkpt lat="37.764905999999996" lon="-122.45773899999999">
      </trkpt>
      <trkpt lat="37.764925" lon="-122.457741">
      </trkpt>
      <trkpt lat="37.765357" lon="-122.45777299999999">
      </trkpt>
      <trkpt lat="37.76574" lon="-122.45780099999999">
      </trkpt>
      <trkpt lat="37.765941999999995" lon="-122.457816">
      </trkpt>
      <trkpt lat="37.765995" lon="-122.457819">
      </trkpt>
      <trkpt lat="37.766058" lon="-122.45782399999999">
      </trkpt>
      <trkpt lat="37.766135" lon="-122.45783899999999">
      </trkpt>
      <trkpt lat="37.76634" lon="-122.45785199999999">
      </trkpt>
      <trkpt lat="37.766442" lon="-122.45786">
      </trkpt>
      <trkpt lat="37.766528" lon="-122.45787399999999">
      </trkpt>
      <trkpt lat="37.766611" lon="-122.4579">
      </trkpt>
      <trkpt lat="37.766683" lon="-122.45793499999999">
      </trkpt>
      <trkpt lat="37.766691" lon="-122.457939">
      </trkpt>
      <trkpt lat="37.766765" lon="-122.457978">
      </trkpt>
      <trkpt lat="37.766819" lon="-122.458011">
      </trkpt>
      <trkpt lat="37.766853999999995" lon="-122.458033">
      </trkpt>
      <trkpt lat="37.767120999999996" lon="-122.45820499999999">
      </trkpt>
      <trkpt lat="37.767224999999996" lon="-122.45827899999999">
      </trkpt>
      <trkpt lat="37.767469999999996" lon="-122.457454">
      </trkpt>
      <trkpt lat="37.767607" lon="-122.45698999999999">
      </trkpt>
      <trkpt lat="37.767797" lon="-122.456345">
      </trkpt>
      <trkpt lat="37.767932" lon="-122.45589">
      </trkpt>
      <trkpt lat="37.767947" lon="-122.45583099999999">
      </trkpt>
      <trkpt lat="37.767956999999996" lon="-122.45577999999999">
      </trkpt>
      <trkpt lat="37.767967" lon="-122.455726">
      </trkpt>
      <trkpt lat="37.767986" lon="-122.455602">
      </trkpt>
      <trkpt lat="37.768015999999996" lon="-122.45532999999999">
      </trkpt>
      <trkpt lat="37.768043" lon="-122.45507599999999">
      </trkpt>
      <trkpt lat="37.768048" lon="-122.455027">
      </trkpt>
      <trkpt lat="37.767989" lon="-122.455006">
      </trkpt>
      <trkpt lat="37.767854" lon="-122.45490299999999">
      </trkpt>
      <trkpt lat="37.767793" lon="-122.454899">
      </trkpt>
      <trkpt lat="37.767769" lon="-122.454906">
      </trkpt>
      <trkpt lat="37.767745" lon="-122.45493099999999">
      </trkpt>
      <trkpt lat="37.767557" lon="-122.454949">
      </trkpt>
      <trkpt lat="37.767553" lon="-122.454872">
      </trkpt>
      <trkpt lat="37.767557" lon="-122.454949">
      </trkpt>
      <trkpt lat="37.767745" lon="-122.45493099999999">
      </trkpt>
      <trkpt lat="37.767769" lon="-122.454906">
      </trkpt>
      <trkpt lat="37.767793" lon="-122.454899">
      </trkpt>
      <trkpt lat="37.767854" lon="-122.45490299999999">
      </trkpt>
      <trkpt lat="37.767989" lon="-122.455006">
      </trkpt>
      <trkpt lat="37.768048" lon="-122.455027">
      </trkpt>
      <trkpt lat="37.768083" lon="-122.45503099999999">
      </trkpt>
      <trkpt lat="37.768101" lon="-122.45503199999999">
      </trkpt>
      <trkpt lat="37.768138" lon="-122.455029">
      </trkpt>
      <trkpt lat="37.768162" lon="-122.45503799999999">
      </trkpt>
      <trkpt lat="37.768195" lon="-122.45499199999999">
      </trkpt>
      <trkpt lat="37.768238" lon="-122.45494699999999">
      </trkpt>
      <trkpt lat="37.768262" lon="-122.45492999999999">
      </trkpt>
      <trkpt lat="37.768274999999996" lon="-122.454922">
      </trkpt>
      <trkpt lat="37.768463" lon="-122.454866">
      </trkpt>
      <trkpt lat="37.768755" lon="-122.45481199999999">
      </trkpt>
      <trkpt lat="37.768977" lon="-122.454799">
      </trkpt>
      <trkpt lat="37.769068" lon="-122.45480599999999">
      </trkpt>
      <trkpt lat="37.769238" lon="-122.45483399999999">
      </trkpt>
      <trkpt lat="37.769439999999996" lon="-122.454882">
      </trkpt>
      <trkpt lat="37.769825" lon="-122.45505999999999">
      </trkpt>
      <trkpt lat="37.770282" lon="-122.455269">
      </trkpt>
      <trkpt lat="37.770365999999996" lon="-122.455277">
      </trkpt>
      <trkpt lat="37.770357" lon="-122.455322">
      </trkpt>
      <trkpt lat="37.770343" lon="-122.45542499999999">
      </trkpt>
      <trkpt lat="37.770327" lon="-122.45552699999999">
      </trkpt>
      <trkpt lat="37.770319" lon="-122.455562">
      </trkpt>
      <trkpt lat="37.770345" lon="-122.45557199999999">
      </trkpt>
      <trkpt lat="37.770500999999996" lon="-122.455602">
      </trkpt>
      <trkpt lat="37.770644" lon="-122.455648">
      </trkpt>
      <trkpt lat="37.770655" lon="-122.455664">
      </trkpt>
      <trkpt lat="37.770604" lon="-122.45584099999999">
      </trkpt>
      <trkpt lat="37.770581" lon="-122.45597799999999">
      </trkpt>
      <trkpt lat="37.770559999999996" lon="-122.456161">
      </trkpt>
      <trkpt lat="37.770514" lon="-122.45633799999999">
      </trkpt>
      <trkpt lat="37.770429" lon="-122.456571">
      </trkpt>
      <trkpt lat="37.770385999999995" lon="-122.456648">
      </trkpt>
      <trkpt lat="37.770305" lon="-122.456791">
      </trkpt>
      <trkpt lat="37.770081" lon="-122.45709699999999">
      </trkpt>
      <trkpt lat="37.770305" lon="-122.456791">
      </trkpt>
      <trkpt lat="37.770385999999995" lon="-122.456648">
      </trkpt>
      <trkpt lat="37.770429" lon="-122.456571">
      </trkpt>
      <trkpt lat="37.770514" lon="-122.45633799999999">
      </trkpt>
      <trkpt lat="37.770559999999996" lon="-122.456161">
      </trkpt>
      <trkpt lat="37.770581" lon="-122.45597799999999">
      </trkpt>
      <trkpt lat="37.770604" lon="-122.45584099999999">
      </trkpt>
      <trkpt lat="37.770655" lon="-122.455664">
      </trkpt>
      <trkpt lat="37.770688" lon="-122.45571199999999">
      </trkpt>
      <trkpt lat="37.770719" lon="-122.455794">
      </trkpt>
      <trkpt lat="37.770736" lon="-122.45586899999999">
      </trkpt>
      <trkpt lat="37.770767" lon="-122.45611799999999">
      </trkpt>
      <trkpt lat="37.770879" lon="-122.456717">
      </trkpt>
      <trkpt lat="37.770911" lon="-122.456941">
      </trkpt>
      <trkpt lat="37.770931" lon="-122.457079">
      </trkpt>
      <trkpt lat="37.771004999999995" lon="-122.45764799999999">
      </trkpt>
      <trkpt lat="37.771007" lon="-122.45766499999999">
      </trkpt>
      <trkpt lat="37.771060999999996" lon="-122.45817299999999">
      </trkpt>
      <trkpt lat="37.771063999999996" lon="-122.458198">
      </trkpt>
      <trkpt lat="37.771099" lon="-122.45853199999999">
      </trkpt>
      <trkpt lat="37.771093" lon="-122.45889899999999">
      </trkpt>
      <trkpt lat="37.771153" lon="-122.458984">
      </trkpt>
      <trkpt lat="37.771212" lon="-122.459104">
      </trkpt>
      <trkpt lat="37.771226" lon="-122.45920299999999">
      </trkpt>
      <trkpt lat="37.771251" lon="-122.459195">
      </trkpt>
      <trkpt lat="37.771284" lon="-122.459184">
      </trkpt>
      <trkpt lat="37.771316" lon="-122.459177">
      </trkpt>
      <trkpt lat="37.771307" lon="-122.459122">
      </trkpt>
      <trkpt lat="37.771304" lon="-122.459092">
      </trkpt>
      <trkpt lat="37.771243999999996" lon="-122.4587">
      </trkpt>
      <trkpt lat="37.771209999999996" lon="-122.45846399999999">
      </trkpt>
      <trkpt lat="37.771195" lon="-122.45835799999999">
      </trkpt>
      <trkpt lat="37.771173999999995" lon="-122.45820699999999">
      </trkpt>
      <trkpt lat="37.77124" lon="-122.458199">
      </trkpt>
      <trkpt lat="37.771299" lon="-122.458232">
      </trkpt>
      <trkpt lat="37.771373" lon="-122.458266">
      </trkpt>
      <trkpt lat="37.77142" lon="-122.45827899999999">
      </trkpt>
      <trkpt lat="37.771471999999996" lon="-122.458299">
      </trkpt>
      <trkpt lat="37.771533999999996" lon="-122.458322">
      </trkpt>
      <trkpt lat="37.771583" lon="-122.45834599999999">
      </trkpt>
      <trkpt lat="37.771533999999996" lon="-122.458322">
      </trkpt>
      <trkpt lat="37.771471999999996" lon="-122.458299">
      </trkpt>
      <trkpt lat="37.77142" lon="-122.45827899999999">
      </trkpt>
      <trkpt lat="37.771373" lon="-122.458266">
      </trkpt>
      <trkpt lat="37.771299" lon="-122.458232">
      </trkpt>
      <trkpt lat="37.77124" lon="-122.458199">
      </trkpt>
      <trkpt lat="37.771173999999995" lon="-122.45820699999999">
      </trkpt>
      <trkpt lat="37.771195" lon="-122.45835799999999">
      </trkpt>
      <trkpt lat="37.771209999999996" lon="-122.45846399999999">
      </trkpt>
      <trkpt lat="37.771243999999996" lon="-122.4587">
      </trkpt>
      <trkpt lat="37.771304" lon="-122.459092">
      </trkpt>
      <trkpt lat="37.771307" lon="-122.459122">
      </trkpt>
      <trkpt lat="37.771316" lon="-122.459177">
      </trkpt>
      <trkpt lat="37.771339999999995" lon="-122.45934">
      </trkpt>
      <trkpt lat="37.77142" lon="-122.45982">
      </trkpt>
      <trkpt lat="37.771440999999996" lon="-122.459953">
      </trkpt>
      <trkpt lat="37.771546" lon="-122.460635">
      </trkpt>
      <trkpt lat="37.771577" lon="-122.460832">
      </trkpt>
      <trkpt lat="37.771724999999996" lon="-122.461739">
      </trkpt>
      <trkpt lat="37.771755" lon="-122.461924">
      </trkpt>
      <trkpt lat="37.771778" lon="-122.462049">
      </trkpt>
      <trkpt lat="37.771831999999996" lon="-122.46202799999999">
      </trkpt>
      <trkpt lat="37.771871999999995" lon="-122.46200599999999">
      </trkpt>
      <trkpt lat="37.771916" lon="-122.46198">
      </trkpt>
      <trkpt lat="37.772003999999995" lon="-122.461891">
      </trkpt>
      <trkpt lat="37.772039" lon="-122.461832">
      </trkpt>
      <trkpt lat="37.77212" lon="-122.461664">
      </trkpt>
      <trkpt lat="37.772171" lon="-122.46156599999999">
      </trkpt>
      <trkpt lat="37.772227" lon="-122.46147099999999">
      </trkpt>
      <trkpt lat="37.772286" lon="-122.461389">
      </trkpt>
      <trkpt lat="37.772346999999996" lon="-122.461317">
      </trkpt>
      <trkpt lat="37.772403" lon="-122.46126299999999">
      </trkpt>
      <trkpt lat="37.772462999999995" lon="-122.461213">
      </trkpt>
      <trkpt lat="37.772535999999995" lon="-122.46115999999999">
      </trkpt>
      <trkpt lat="37.772597" lon="-122.46112">
      </trkpt>
      <trkpt lat="37.772659" lon="-122.461079">
      </trkpt>
      <trkpt lat="37.772721" lon="-122.46103799999999">
      </trkpt>
      <trkpt lat="37.772768" lon="-122.461001">
      </trkpt>
      <trkpt lat="37.772805" lon="-122.46096299999999">
      </trkpt>
      <trkpt lat="37.772842" lon="-122.46091899999999">
      </trkpt>
      <trkpt lat="37.772874" lon="-122.46087299999999">
      </trkpt>
      <trkpt lat="37.77289" lon="-122.460844">
      </trkpt>
      <trkpt lat="37.772918" lon="-122.46079499999999">
      </trkpt>
      <trkpt lat="37.772926999999996" lon="-122.460776">
      </trkpt>
      <trkpt lat="37.772952" lon="-122.460714">
      </trkpt>
      <trkpt lat="37.772988" lon="-122.46061399999999">
      </trkpt>
      <trkpt lat="37.773015" lon="-122.460511">
      </trkpt>
      <trkpt lat="37.773036" lon="-122.460397">
      </trkpt>
      <trkpt lat="37.773119" lon="-122.459823">
      </trkpt>
      <trkpt lat="37.773147" lon="-122.45960799999999">
      </trkpt>
      <trkpt lat="37.773192" lon="-122.459266">
      </trkpt>
      <trkpt lat="37.773193" lon="-122.45925299999999">
      </trkpt>
      <trkpt lat="37.773209" lon="-122.459147">
      </trkpt>
      <trkpt lat="37.773227999999996" lon="-122.459041">
      </trkpt>
      <trkpt lat="37.773261" lon="-122.459031">
      </trkpt>
      <trkpt lat="37.773298" lon="-122.459013">
      </trkpt>
      <trkpt lat="37.773348999999996" lon="-122.458975">
      </trkpt>
      <trkpt lat="37.773441999999996" lon="-122.45888799999999">
      </trkpt>
      <trkpt lat="37.773531999999996" lon="-122.458801">
      </trkpt>
      <trkpt lat="37.773528999999996" lon="-122.45880299999999">
      </trkpt>
      <trkpt lat="37.773643" lon="-122.458692">
      </trkpt>
      <trkpt lat="37.773789" lon="-122.458556">
      </trkpt>
      <trkpt lat="37.773841999999995" lon="-122.45850899999999">
      </trkpt>
      <trkpt lat="37.773902" lon="-122.45846499999999">
      </trkpt>
      <trkpt lat="37.773964" lon="-122.45842999999999">
      </trkpt>
      <trkpt lat="37.774018999999996" lon="-122.458405">
      </trkpt>
      <trkpt lat="37.774069" lon="-122.45839">
      </trkpt>
      <trkpt lat="37.774118" lon="-122.45837999999999">
      </trkpt>
      <trkpt lat="37.774173999999995" lon="-122.458377">
      </trkpt>
      <trkpt lat="37.774203" lon="-122.458377">
      </trkpt>
      <trkpt lat="37.774298" lon="-122.458389">
      </trkpt>
      <trkpt lat="37.774415" lon="-122.458401">
      </trkpt>
      <trkpt lat="37.774487" lon="-122.458407">
      </trkpt>
      <trkpt lat="37.774702999999995" lon="-122.458422">
      </trkpt>
      <trkpt lat="37.774983" lon="-122.45844199999999">
      </trkpt>
      <trkpt lat="37.775163" lon="-122.458455">
      </trkpt>
      <trkpt lat="37.775245999999996" lon="-122.458461">
      </trkpt>
      <trkpt lat="37.775265999999995" lon="-122.4583">
      </trkpt>
      <trkpt lat="37.775473999999996" lon="-122.456668">
      </trkpt>
      <trkpt lat="37.775484999999996" lon="-122.456581">
      </trkpt>
      <trkpt lat="37.775495" lon="-122.456496">
      </trkpt>
      <trkpt lat="37.77551" lon="-122.45638">
      </trkpt>
      <trkpt lat="37.775625999999995" lon="-122.455468">
      </trkpt>
      <trkpt lat="37.775690999999995" lon="-122.454957">
      </trkpt>
      <trkpt lat="37.775701999999995" lon="-122.45486899999999">
      </trkpt>
      <trkpt lat="37.775652" lon="-122.45485699999999">
      </trkpt>
      <trkpt lat="37.77559" lon="-122.454833">
      </trkpt>
      <trkpt lat="37.775534" lon="-122.45480599999999">
      </trkpt>
      <trkpt lat="37.775489" lon="-122.454782">
      </trkpt>
      <trkpt lat="37.775445" lon="-122.45476699999999">
      </trkpt>
      <trkpt lat="37.775202" lon="-122.45471599999999">
      </trkpt>
      <trkpt lat="37.775131" lon="-122.45470499999999">
      </trkpt>
      <trkpt lat="37.774856" lon="-122.454675">
      </trkpt>
      <trkpt lat="37.774764" lon="-122.454668">
      </trkpt>
      <trkpt lat="37.774778999999995" lon="-122.454556">
      </trkpt>
      <trkpt lat="37.77478" lon="-122.454544">
      </trkpt>
      <trkpt lat="37.774828" lon="-122.454174">
      </trkpt>
      <trkpt lat="37.774834999999996" lon="-122.454116">
      </trkpt>
      <trkpt lat="37.774837" lon="-122.454101">
      </trkpt>
      <trkpt lat="37.774953" lon="-122.45319599999999">
      </trkpt>
      <trkpt lat="37.774955999999996" lon="-122.45316899999999">
      </trkpt>
      <trkpt lat="37.774974" lon="-122.453029">
      </trkpt>
      <trkpt lat="37.774986999999996" lon="-122.45292599999999">
      </trkpt>
      <trkpt lat="37.774953" lon="-122.45297199999999">
      </trkpt>
      <trkpt lat="37.774927" lon="-122.45299">
      </trkpt>
      <trkpt lat="37.774893999999996" lon="-122.452998">
      </trkpt>
      <trkpt lat="37.774598999999995" lon="-122.452939">
      </trkpt>
      <trkpt lat="37.774465" lon="-122.452913">
      </trkpt>
      <trkpt lat="37.774406" lon="-122.452901">
      </trkpt>
      <trkpt lat="37.774125999999995" lon="-122.452844">
      </trkpt>
      <trkpt lat="37.774048" lon="-122.452829">
      </trkpt>
      <trkpt lat="37.774063" lon="-122.452711">
      </trkpt>
      <trkpt lat="37.774204" lon="-122.451607">
      </trkpt>
      <trkpt lat="37.774246" lon="-122.45127699999999">
      </trkpt>
      <trkpt lat="37.774257999999996" lon="-122.45118599999999">
      </trkpt>
      <trkpt lat="37.77427" lon="-122.451089">
      </trkpt>
      <trkpt lat="37.774456" lon="-122.449631">
      </trkpt>
      <trkpt lat="37.774468" lon="-122.449539">
      </trkpt>
      <trkpt lat="37.774387" lon="-122.449523">
      </trkpt>
      <trkpt lat="37.773613999999995" lon="-122.449365">
      </trkpt>
      <trkpt lat="37.773534" lon="-122.449349">
      </trkpt>
      <trkpt lat="37.773461999999995" lon="-122.44933499999999">
      </trkpt>
      <trkpt lat="37.773452999999996" lon="-122.449332">
      </trkpt>
      <trkpt lat="37.773157" lon="-122.449272">
      </trkpt>
      <trkpt lat="37.773452999999996" lon="-122.449332">
      </trkpt>
      <trkpt lat="37.773461999999995" lon="-122.44933499999999">
      </trkpt>
      <trkpt lat="37.773534" lon="-122.449349">
      </trkpt>
      <trkpt lat="37.773545999999996" lon="-122.44925699999999">
      </trkpt>
      <trkpt lat="37.773548" lon="-122.449241">
      </trkpt>
      <trkpt lat="37.773548" lon="-122.44923399999999">
      </trkpt>
      <trkpt lat="37.773731999999995" lon="-122.447795">
      </trkpt>
      <trkpt lat="37.773742999999996" lon="-122.447706">
      </trkpt>
      <trkpt lat="37.773758" lon="-122.44759599999999">
      </trkpt>
      <trkpt lat="37.773871" lon="-122.446716">
      </trkpt>
      <trkpt lat="37.77388" lon="-122.446641">
      </trkpt>
      <trkpt lat="37.773928999999995" lon="-122.44626299999999">
      </trkpt>
      <trkpt lat="37.773942999999996" lon="-122.44615499999999">
      </trkpt>
      <trkpt lat="37.773861" lon="-122.446131">
      </trkpt>
      <trkpt lat="37.773739" lon="-122.44609899999999">
      </trkpt>
      <trkpt lat="37.773724" lon="-122.446096">
      </trkpt>
      <trkpt lat="37.773406" lon="-122.44603">
      </trkpt>
      <trkpt lat="37.773204" lon="-122.445989">
      </trkpt>
      <trkpt lat="37.773095999999995" lon="-122.445967">
      </trkpt>
      <trkpt lat="37.772996" lon="-122.44591">
      </trkpt>
      <trkpt lat="37.772968" lon="-122.445904">
      </trkpt>
      <trkpt lat="37.772870999999995" lon="-122.44588399999999">
      </trkpt>
      <trkpt lat="37.772884" lon="-122.44578">
      </trkpt>
      <trkpt lat="37.772888" lon="-122.445748">
      </trkpt>
      <trkpt lat="37.772905" lon="-122.445532">
      </trkpt>
      <trkpt lat="37.772956" lon="-122.445016">
      </trkpt>
      <trkpt lat="37.772951" lon="-122.44456299999999">
      </trkpt>
      <trkpt lat="37.773038" lon="-122.444319">
      </trkpt>
      <trkpt lat="37.773047999999996" lon="-122.44419599999999">
      </trkpt>
      <trkpt lat="37.773053999999995" lon="-122.44394899999999">
      </trkpt>
      <trkpt lat="37.773063" lon="-122.44385299999999">
      </trkpt>
      <trkpt lat="37.773075999999996" lon="-122.443778">
      </trkpt>
      <trkpt lat="37.773098" lon="-122.443694">
      </trkpt>
      <trkpt lat="37.773109999999996" lon="-122.443619">
      </trkpt>
      <trkpt lat="37.773117" lon="-122.443528">
      </trkpt>
      <trkpt lat="37.773125" lon="-122.443289">
      </trkpt>
      <trkpt lat="37.773123" lon="-122.44319">
      </trkpt>
      <trkpt lat="37.773106" lon="-122.443073">
      </trkpt>
      <trkpt lat="37.773083" lon="-122.442979">
      </trkpt>
      <trkpt lat="37.773074" lon="-122.44285599999999">
      </trkpt>
      <trkpt lat="37.773085" lon="-122.44272099999999">
      </trkpt>
      <trkpt lat="37.773108" lon="-122.442596">
      </trkpt>
      <trkpt lat="37.773133" lon="-122.442527">
      </trkpt>
      <trkpt lat="37.773209" lon="-122.44212599999999">
      </trkpt>
      <trkpt lat="37.773264" lon="-122.44185399999999">
      </trkpt>
      <trkpt lat="37.773323999999995" lon="-122.44165299999999">
      </trkpt>
      <trkpt lat="37.773362999999996" lon="-122.44156">
      </trkpt>
      <trkpt lat="37.773395" lon="-122.441514">
      </trkpt>
      <trkpt lat="37.773436" lon="-122.441452">
      </trkpt>
      <trkpt lat="37.77346" lon="-122.44140999999999">
      </trkpt>
      <trkpt lat="37.773474" lon="-122.441363">
      </trkpt>
      <trkpt lat="37.773483999999996" lon="-122.44130799999999">
      </trkpt>
      <trkpt lat="37.773517999999996" lon="-122.441052">
      </trkpt>
      <trkpt lat="37.773523" lon="-122.441026">
      </trkpt>
      <trkpt lat="37.773641999999995" lon="-122.440935">
      </trkpt>
      <trkpt lat="37.773551999999995" lon="-122.44106099999999">
      </trkpt>
      <trkpt lat="37.773543" lon="-122.441127">
      </trkpt>
      <trkpt lat="37.773537" lon="-122.44117">
      </trkpt>
      <trkpt lat="37.773413" lon="-122.442163">
      </trkpt>
      <trkpt lat="37.77335" lon="-122.442662">
      </trkpt>
      <trkpt lat="37.773253" lon="-122.443421">
      </trkpt>
      <trkpt lat="37.773249" lon="-122.44345299999999">
      </trkpt>
      <trkpt lat="37.773165" lon="-122.444105">
      </trkpt>
      <trkpt lat="37.773143999999995" lon="-122.444268">
      </trkpt>
      <trkpt lat="37.773044999999996" lon="-122.445044">
      </trkpt>
      <trkpt lat="37.773050999999995" lon="-122.44523099999999">
      </trkpt>
      <trkpt lat="37.773039" lon="-122.445329">
      </trkpt>
      <trkpt lat="37.773024" lon="-122.445444">
      </trkpt>
      <trkpt lat="37.772985999999996" lon="-122.445758">
      </trkpt>
      <trkpt lat="37.772968" lon="-122.445904">
      </trkpt>
      <trkpt lat="37.772870999999995" lon="-122.44588399999999">
      </trkpt>
      <trkpt lat="37.772884" lon="-122.44578">
      </trkpt>
      <trkpt lat="37.772888" lon="-122.445748">
      </trkpt>
      <trkpt lat="37.772905" lon="-122.445532">
      </trkpt>
      <trkpt lat="37.772956" lon="-122.445016">
      </trkpt>
      <trkpt lat="37.772951" lon="-122.44456299999999">
      </trkpt>
      <trkpt lat="37.773038" lon="-122.444319">
      </trkpt>
      <trkpt lat="37.773047999999996" lon="-122.44419599999999">
      </trkpt>
      <trkpt lat="37.773053999999995" lon="-122.44394899999999">
      </trkpt>
      <trkpt lat="37.773063" lon="-122.44385299999999">
      </trkpt>
      <trkpt lat="37.773075999999996" lon="-122.443778">
      </trkpt>
      <trkpt lat="37.773098" lon="-122.443694">
      </trkpt>
      <trkpt lat="37.773109999999996" lon="-122.443619">
      </trkpt>
      <trkpt lat="37.773117" lon="-122.443528">
      </trkpt>
      <trkpt lat="37.773125" lon="-122.443289">
      </trkpt>
      <trkpt lat="37.773123" lon="-122.44319">
      </trkpt>
      <trkpt lat="37.773106" lon="-122.443073">
      </trkpt>
      <trkpt lat="37.773083" lon="-122.442979">
      </trkpt>
      <trkpt lat="37.773074" lon="-122.44285599999999">
      </trkpt>
      <trkpt lat="37.773085" lon="-122.44272099999999">
      </trkpt>
      <trkpt lat="37.773108" lon="-122.442596">
      </trkpt>
      <trkpt lat="37.773133" lon="-122.442527">
      </trkpt>
      <trkpt lat="37.773209" lon="-122.44212599999999">
      </trkpt>
      <trkpt lat="37.773264" lon="-122.44185399999999">
      </trkpt>
      <trkpt lat="37.773323999999995" lon="-122.44165299999999">
      </trkpt>
      <trkpt lat="37.773362999999996" lon="-122.44156">
      </trkpt>
      <trkpt lat="37.773395" lon="-122.441514">
      </trkpt>
      <trkpt lat="37.773436" lon="-122.441452">
      </trkpt>
      <trkpt lat="37.77346" lon="-122.44140999999999">
      </trkpt>
      <trkpt lat="37.773474" lon="-122.441363">
      </trkpt>
      <trkpt lat="37.773483999999996" lon="-122.44130799999999">
      </trkpt>
      <trkpt lat="37.773517999999996" lon="-122.441052">
      </trkpt>
      <trkpt lat="37.773523" lon="-122.441026">
      </trkpt>
      <trkpt lat="37.773641999999995" lon="-122.440935">
      </trkpt>
      <trkpt lat="37.77374" lon="-122.440956">
      </trkpt>
      <trkpt lat="37.774021" lon="-122.441013">
      </trkpt>
      <trkpt lat="37.774502999999996" lon="-122.44111">
      </trkpt>
      <trkpt lat="37.774581999999995" lon="-122.441126">
      </trkpt>
      <trkpt lat="37.774671" lon="-122.441144">
      </trkpt>
      <trkpt lat="37.775439999999996" lon="-122.441302">
      </trkpt>
      <trkpt lat="37.775515" lon="-122.441318">
      </trkpt>
      <trkpt lat="37.775531" lon="-122.44119099999999">
      </trkpt>
      <trkpt lat="37.775619" lon="-122.44050499999999">
      </trkpt>
      <trkpt lat="37.775625" lon="-122.44045399999999">
      </trkpt>
      <trkpt lat="37.77571" lon="-122.43978">
      </trkpt>
      <trkpt lat="37.775724" lon="-122.439674">
      </trkpt>
      <trkpt lat="37.775737" lon="-122.439573">
      </trkpt>
      <trkpt lat="37.775849" lon="-122.438684">
      </trkpt>
      <trkpt lat="37.775866" lon="-122.438555">
      </trkpt>
      <trkpt lat="37.775892999999996" lon="-122.43834799999999">
      </trkpt>
      <trkpt lat="37.775918" lon="-122.43815099999999">
      </trkpt>
      <trkpt lat="37.775929999999995" lon="-122.438053">
      </trkpt>
      <trkpt lat="37.775845" lon="-122.43803399999999">
      </trkpt>
      <trkpt lat="37.775383" lon="-122.43794199999999">
      </trkpt>
      <trkpt lat="37.775314" lon="-122.437928">
      </trkpt>
      <trkpt lat="37.775079" lon="-122.43787999999999">
      </trkpt>
      <trkpt lat="37.774997" lon="-122.43786399999999">
      </trkpt>
      <trkpt lat="37.775009" lon="-122.437772">
      </trkpt>
      <trkpt lat="37.775017999999996" lon="-122.437698">
      </trkpt>
      <trkpt lat="37.775045" lon="-122.437489">
      </trkpt>
      <trkpt lat="37.775200999999996" lon="-122.43626499999999">
      </trkpt>
      <trkpt lat="37.775214999999996" lon="-122.436151">
      </trkpt>
      <trkpt lat="37.775299" lon="-122.436167">
      </trkpt>
      <trkpt lat="37.776071" lon="-122.43632299999999">
      </trkpt>
      <trkpt lat="37.776147" lon="-122.43633799999999">
      </trkpt>
      <trkpt lat="37.776235" lon="-122.43635599999999">
      </trkpt>
      <trkpt lat="37.776997" lon="-122.436509">
      </trkpt>
      <trkpt lat="37.777079" lon="-122.436526">
      </trkpt>
      <trkpt lat="37.777167999999996" lon="-122.436543">
      </trkpt>
      <trkpt lat="37.77767" lon="-122.436645">
      </trkpt>
      <trkpt lat="37.777937" lon="-122.43669899999999">
      </trkpt>
      <trkpt lat="37.778013" lon="-122.436714">
      </trkpt>
      <trkpt lat="37.778025" lon="-122.436617">
      </trkpt>
      <trkpt lat="37.778084" lon="-122.43615799999999">
      </trkpt>
      <trkpt lat="37.778106" lon="-122.435982">
      </trkpt>
      <trkpt lat="37.778203" lon="-122.435209">
      </trkpt>
      <trkpt lat="37.778208" lon="-122.435164">
      </trkpt>
      <trkpt lat="37.77822" lon="-122.435068">
      </trkpt>
      <trkpt lat="37.778295" lon="-122.43508299999999">
      </trkpt>
      <trkpt lat="37.779088" lon="-122.435243">
      </trkpt>
      <trkpt lat="37.779151" lon="-122.435256">
      </trkpt>
      <trkpt lat="37.779236" lon="-122.435273">
      </trkpt>
      <trkpt lat="37.779633" lon="-122.43535299999999">
      </trkpt>
      <trkpt lat="37.779654" lon="-122.435358">
      </trkpt>
      <trkpt lat="37.780004999999996" lon="-122.43542799999999">
      </trkpt>
      <trkpt lat="37.780083" lon="-122.43544399999999">
      </trkpt>
      <trkpt lat="37.780072" lon="-122.435537">
      </trkpt>
      <trkpt lat="37.779982" lon="-122.436239">
      </trkpt>
      <trkpt lat="37.78008" lon="-122.436253">
      </trkpt>
      <trkpt lat="37.780170999999996" lon="-122.436273">
      </trkpt>
      <trkpt lat="37.78008" lon="-122.436253">
      </trkpt>
      <trkpt lat="37.779982" lon="-122.436239">
      </trkpt>
      <trkpt lat="37.779885" lon="-122.436999">
      </trkpt>
      <trkpt lat="37.779874" lon="-122.437089">
      </trkpt>
      <trkpt lat="37.779948999999995" lon="-122.43710499999999">
      </trkpt>
      <trkpt lat="37.780346" lon="-122.437185">
      </trkpt>
      <trkpt lat="37.780716999999996" lon="-122.43726">
      </trkpt>
      <trkpt lat="37.780736999999995" lon="-122.437264">
      </trkpt>
      <trkpt lat="37.780809" lon="-122.43727799999999">
      </trkpt>
      <trkpt lat="37.780888" lon="-122.437294">
      </trkpt>
      <trkpt lat="37.780905" lon="-122.437298">
      </trkpt>
      <trkpt lat="37.781334" lon="-122.43738499999999">
      </trkpt>
      <trkpt lat="37.781625999999996" lon="-122.437444">
      </trkpt>
      <trkpt lat="37.781667999999996" lon="-122.437452">
      </trkpt>
      <trkpt lat="37.781737" lon="-122.437466">
      </trkpt>
      <trkpt lat="37.781852" lon="-122.437489">
      </trkpt>
      <trkpt lat="37.782157999999995" lon="-122.437551">
      </trkpt>
      <trkpt lat="37.782601" lon="-122.437641">
      </trkpt>
      <trkpt lat="37.782672" lon="-122.43765499999999">
      </trkpt>
      <trkpt lat="37.782683" lon="-122.437564">
      </trkpt>
      <trkpt lat="37.782801" lon="-122.436628">
      </trkpt>
      <trkpt lat="37.782691" lon="-122.43659799999999">
      </trkpt>
      <trkpt lat="37.782671" lon="-122.436594">
      </trkpt>
      <trkpt lat="37.782691" lon="-122.43659799999999">
      </trkpt>
      <trkpt lat="37.782801" lon="-122.436628">
      </trkpt>
      <trkpt lat="37.782683" lon="-122.437564">
      </trkpt>
      <trkpt lat="37.782672" lon="-122.43765499999999">
      </trkpt>
      <trkpt lat="37.78275" lon="-122.437671">
      </trkpt>
      <trkpt lat="37.783484" lon="-122.43782399999999">
      </trkpt>
      <trkpt lat="37.783518" lon="-122.437832">
      </trkpt>
      <trkpt lat="37.783646999999995" lon="-122.437861">
      </trkpt>
      <trkpt lat="37.783778999999996" lon="-122.437888">
      </trkpt>
      <trkpt lat="37.783906" lon="-122.43791499999999">
      </trkpt>
      <trkpt lat="37.783935" lon="-122.43791999999999">
      </trkpt>
      <trkpt lat="37.784255" lon="-122.43798199999999">
      </trkpt>
      <trkpt lat="37.784329" lon="-122.437997">
      </trkpt>
      <trkpt lat="37.784448" lon="-122.43802099999999">
      </trkpt>
      <trkpt lat="37.784535999999996" lon="-122.43803899999999">
      </trkpt>
      <trkpt lat="37.784524" lon="-122.438133">
      </trkpt>
      <trkpt lat="37.7845" lon="-122.438323">
      </trkpt>
      <trkpt lat="37.784341" lon="-122.439572">
      </trkpt>
      <trkpt lat="37.78433" lon="-122.439656">
      </trkpt>
      <trkpt lat="37.78441" lon="-122.43967199999999">
      </trkpt>
      <trkpt lat="37.784628999999995" lon="-122.43971599999999">
      </trkpt>
      <trkpt lat="37.784776" lon="-122.439746">
      </trkpt>
      <trkpt lat="37.785191" lon="-122.43983">
      </trkpt>
      <trkpt lat="37.785261" lon="-122.439844">
      </trkpt>
      <trkpt lat="37.785334" lon="-122.439858">
      </trkpt>
      <trkpt lat="37.785461999999995" lon="-122.43988399999999">
      </trkpt>
      <trkpt lat="37.785861" lon="-122.439965">
      </trkpt>
      <trkpt lat="37.786114" lon="-122.44001499999999">
      </trkpt>
      <trkpt lat="37.78619" lon="-122.44003099999999">
      </trkpt>
      <trkpt lat="37.786280999999995" lon="-122.44004899999999">
      </trkpt>
      <trkpt lat="37.786398999999996" lon="-122.440073">
      </trkpt>
      <trkpt lat="37.787037999999995" lon="-122.44020099999999">
      </trkpt>
      <trkpt lat="37.787121" lon="-122.440218">
      </trkpt>
      <trkpt lat="37.78711" lon="-122.440309">
      </trkpt>
      <trkpt lat="37.787028" lon="-122.440292">
      </trkpt>
      <trkpt lat="37.786902999999995" lon="-122.44026699999999">
      </trkpt>
      <trkpt lat="37.786699" lon="-122.440226">
      </trkpt>
      <trkpt lat="37.78627" lon="-122.44013899999999">
      </trkpt>
      <trkpt lat="37.786179" lon="-122.44012">
      </trkpt>
      <trkpt lat="37.78619" lon="-122.44003099999999">
      </trkpt>
      <trkpt lat="37.786280999999995" lon="-122.44004899999999">
      </trkpt>
      <trkpt lat="37.786398999999996" lon="-122.440073">
      </trkpt>
      <trkpt lat="37.787037999999995" lon="-122.44020099999999">
      </trkpt>
      <trkpt lat="37.787121" lon="-122.440218">
      </trkpt>
      <trkpt lat="37.787203" lon="-122.440235">
      </trkpt>
      <trkpt lat="37.78798" lon="-122.44039599999999">
      </trkpt>
      <trkpt lat="37.788089" lon="-122.44046399999999">
      </trkpt>
      <trkpt lat="37.788174" lon="-122.440478">
      </trkpt>
      <trkpt lat="37.78837" lon="-122.440518">
      </trkpt>
      <trkpt lat="37.788928" lon="-122.44063299999999">
      </trkpt>
      <trkpt lat="37.788999" lon="-122.440648">
      </trkpt>
      <trkpt lat="37.789015" lon="-122.440519">
      </trkpt>
      <trkpt lat="37.789074" lon="-122.440058">
      </trkpt>
      <trkpt lat="37.789195" lon="-122.439101">
      </trkpt>
      <trkpt lat="37.789198999999996" lon="-122.439072">
      </trkpt>
      <trkpt lat="37.789211" lon="-122.438977">
      </trkpt>
      <trkpt lat="37.789288" lon="-122.438992">
      </trkpt>
      <trkpt lat="37.789311999999995" lon="-122.438997">
      </trkpt>
      <trkpt lat="37.789989" lon="-122.439134">
      </trkpt>
      <trkpt lat="37.79002" lon="-122.43914">
      </trkpt>
      <trkpt lat="37.790092" lon="-122.439155">
      </trkpt>
      <trkpt lat="37.790104" lon="-122.43906">
      </trkpt>
      <trkpt lat="37.790108" lon="-122.439032">
      </trkpt>
      <trkpt lat="37.790286" lon="-122.437629">
      </trkpt>
      <trkpt lat="37.790290999999996" lon="-122.43759499999999">
      </trkpt>
      <trkpt lat="37.790292" lon="-122.43759">
      </trkpt>
      <trkpt lat="37.790302" lon="-122.437507">
      </trkpt>
      <trkpt lat="37.790313" lon="-122.437417">
      </trkpt>
      <trkpt lat="37.790318" lon="-122.43738499999999">
      </trkpt>
      <trkpt lat="37.790495" lon="-122.435993">
      </trkpt>
      <trkpt lat="37.790499" lon="-122.43595599999999">
      </trkpt>
      <trkpt lat="37.790510999999995" lon="-122.43586599999999">
      </trkpt>
      <trkpt lat="37.790523" lon="-122.435774">
      </trkpt>
      <trkpt lat="37.790524999999995" lon="-122.43575299999999">
      </trkpt>
      <trkpt lat="37.790594" lon="-122.435209">
      </trkpt>
      <trkpt lat="37.790704" lon="-122.43435">
      </trkpt>
      <trkpt lat="37.790707999999995" lon="-122.434314">
      </trkpt>
      <trkpt lat="37.79072" lon="-122.43422">
      </trkpt>
      <trkpt lat="37.790732" lon="-122.434128">
      </trkpt>
      <trkpt lat="37.790734" lon="-122.434113">
      </trkpt>
      <trkpt lat="37.790775" lon="-122.433793">
      </trkpt>
      <trkpt lat="37.790864" lon="-122.433089">
      </trkpt>
      <trkpt lat="37.79091" lon="-122.432723">
      </trkpt>
      <trkpt lat="37.790917" lon="-122.43266899999999">
      </trkpt>
      <trkpt lat="37.790929" lon="-122.432581">
      </trkpt>
      <trkpt lat="37.790852" lon="-122.432565">
      </trkpt>
      <trkpt lat="37.790403" lon="-122.43247199999999">
      </trkpt>
      <trkpt lat="37.790152" lon="-122.43242099999999">
      </trkpt>
      <trkpt lat="37.790127999999996" lon="-122.432417">
      </trkpt>
      <trkpt lat="37.790047" lon="-122.4324">
      </trkpt>
      <trkpt lat="37.789978999999995" lon="-122.432386">
      </trkpt>
      <trkpt lat="37.789964999999995" lon="-122.432383">
      </trkpt>
      <trkpt lat="37.789228" lon="-122.432232">
      </trkpt>
      <trkpt lat="37.789119" lon="-122.432209">
      </trkpt>
      <trkpt lat="37.789106" lon="-122.432312">
      </trkpt>
      <trkpt lat="37.789086999999995" lon="-122.43247299999999">
      </trkpt>
      <trkpt lat="37.789193" lon="-122.432493">
      </trkpt>
      <trkpt lat="37.789252999999995" lon="-122.43250499999999">
      </trkpt>
      <trkpt lat="37.789193" lon="-122.432493">
      </trkpt>
      <trkpt lat="37.789086999999995" lon="-122.43247299999999">
      </trkpt>
      <trkpt lat="37.789106" lon="-122.432312">
      </trkpt>
      <trkpt lat="37.789119" lon="-122.432209">
      </trkpt>
      <trkpt lat="37.789024999999995" lon="-122.43219099999999">
      </trkpt>
      <trkpt lat="37.788847" lon="-122.432155">
      </trkpt>
      <trkpt lat="37.788779" lon="-122.432141">
      </trkpt>
      <trkpt lat="37.788255" lon="-122.432036">
      </trkpt>
      <trkpt lat="37.788167" lon="-122.432018">
      </trkpt>
      <trkpt lat="37.788092" lon="-122.432003">
      </trkpt>
      <trkpt lat="37.787695" lon="-122.431924">
      </trkpt>
      <trkpt lat="37.787343" lon="-122.431854">
      </trkpt>
      <trkpt lat="37.787323" lon="-122.43185">
      </trkpt>
      <trkpt lat="37.787234" lon="-122.43183099999999">
      </trkpt>
      <trkpt lat="37.787244" lon="-122.431747">
      </trkpt>
      <trkpt lat="37.787248" lon="-122.431719">
      </trkpt>
      <trkpt lat="37.787255" lon="-122.43165499999999">
      </trkpt>
      <trkpt lat="37.787295" lon="-122.431344">
      </trkpt>
      <trkpt lat="37.787431999999995" lon="-122.430278">
      </trkpt>
      <trkpt lat="37.787444" lon="-122.43018599999999">
      </trkpt>
      <trkpt lat="37.787455" lon="-122.430093">
      </trkpt>
      <trkpt lat="37.787639999999996" lon="-122.428643">
      </trkpt>
      <trkpt lat="37.787652" lon="-122.42854299999999">
      </trkpt>
      <trkpt lat="37.78758" lon="-122.42853">
      </trkpt>
      <trkpt lat="37.787113" lon="-122.428434">
      </trkpt>
      <trkpt lat="37.7868" lon="-122.428371">
      </trkpt>
      <trkpt lat="37.786718" lon="-122.428355">
      </trkpt>
      <trkpt lat="37.786645" lon="-122.42833999999999">
      </trkpt>
      <trkpt lat="37.786258" lon="-122.42826099999999">
      </trkpt>
      <trkpt lat="37.785869999999996" lon="-122.42818199999999">
      </trkpt>
      <trkpt lat="37.785787" lon="-122.42816599999999">
      </trkpt>
      <trkpt lat="37.785706999999995" lon="-122.42814899999999">
      </trkpt>
      <trkpt lat="37.785151" lon="-122.428041">
      </trkpt>
      <trkpt lat="37.785044" lon="-122.428018">
      </trkpt>
      <trkpt lat="37.785032" lon="-122.428112">
      </trkpt>
      <trkpt lat="37.784894" lon="-122.42920199999999">
      </trkpt>
      <trkpt lat="37.784850999999996" lon="-122.42956699999999">
      </trkpt>
      <trkpt lat="37.784844" lon="-122.429625">
      </trkpt>
      <trkpt lat="37.784811999999995" lon="-122.429892">
      </trkpt>
      <trkpt lat="37.784807" lon="-122.42993299999999">
      </trkpt>
      <trkpt lat="37.784816" lon="-122.43007999999999">
      </trkpt>
      <trkpt lat="37.784817" lon="-122.43014099999999">
      </trkpt>
      <trkpt lat="37.784817" lon="-122.43019799999999">
      </trkpt>
      <trkpt lat="37.784814" lon="-122.430307">
      </trkpt>
      <trkpt lat="37.784794999999995" lon="-122.43059299999999">
      </trkpt>
      <trkpt lat="37.784774" lon="-122.43090699999999">
      </trkpt>
      <trkpt lat="37.784771" lon="-122.430939">
      </trkpt>
      <trkpt lat="37.784766999999995" lon="-122.430994">
      </trkpt>
      <trkpt lat="37.78476" lon="-122.43106399999999">
      </trkpt>
      <trkpt lat="37.784745" lon="-122.431192">
      </trkpt>
      <trkpt lat="37.784808" lon="-122.43120499999999">
      </trkpt>
      <trkpt lat="37.785028" lon="-122.43124999999999">
      </trkpt>
      <trkpt lat="37.785164" lon="-122.43127799999999">
      </trkpt>
      <trkpt lat="37.785316" lon="-122.431308">
      </trkpt>
      <trkpt lat="37.785387" lon="-122.431322">
      </trkpt>
      <trkpt lat="37.785399" lon="-122.43122299999999">
      </trkpt>
      <trkpt lat="37.785447" lon="-122.430849">
      </trkpt>
      <trkpt lat="37.785489" lon="-122.430517">
      </trkpt>
      <trkpt lat="37.7855" lon="-122.43043499999999">
      </trkpt>
      <trkpt lat="37.785544" lon="-122.430087">
      </trkpt>
      <trkpt lat="37.78556" lon="-122.42995499999999">
      </trkpt>
      <trkpt lat="37.785565999999996" lon="-122.429907">
      </trkpt>
      <trkpt lat="37.785579" lon="-122.42980899999999">
      </trkpt>
      <trkpt lat="37.78559" lon="-122.429722">
      </trkpt>
      <trkpt lat="37.785596999999996" lon="-122.429662">
      </trkpt>
      <trkpt lat="37.785607" lon="-122.42958499999999">
      </trkpt>
      <trkpt lat="37.785678" lon="-122.42902">
      </trkpt>
      <trkpt lat="37.785697" lon="-122.428878">
      </trkpt>
      <trkpt lat="37.785700999999996" lon="-122.42884099999999">
      </trkpt>
      <trkpt lat="37.785775" lon="-122.428259">
      </trkpt>
      <trkpt lat="37.785787" lon="-122.42816599999999">
      </trkpt>
      <trkpt lat="37.785706999999995" lon="-122.42814899999999">
      </trkpt>
      <trkpt lat="37.785151" lon="-122.428041">
      </trkpt>
      <trkpt lat="37.785044" lon="-122.428018">
      </trkpt>
      <trkpt lat="37.784884999999996" lon="-122.427984">
      </trkpt>
      <trkpt lat="37.784783" lon="-122.427962">
      </trkpt>
      <trkpt lat="37.784402" lon="-122.42788499999999">
      </trkpt>
      <trkpt lat="37.784003999999996" lon="-122.427804">
      </trkpt>
      <trkpt lat="37.783926" lon="-122.42778899999999">
      </trkpt>
      <trkpt lat="37.783836" lon="-122.42777">
      </trkpt>
      <trkpt lat="37.783606" lon="-122.427724">
      </trkpt>
      <trkpt lat="37.783453" lon="-122.42769299999999">
      </trkpt>
      <trkpt lat="37.783094" lon="-122.42762099999999">
      </trkpt>
      <trkpt lat="37.783072" lon="-122.427616">
      </trkpt>
      <trkpt lat="37.782990999999996" lon="-122.4276">
      </trkpt>
      <trkpt lat="37.782976999999995" lon="-122.42771599999999">
      </trkpt>
      <trkpt lat="37.782975" lon="-122.427729">
      </trkpt>
      <trkpt lat="37.782948" lon="-122.42793999999999">
      </trkpt>
      <trkpt lat="37.782938" lon="-122.428021">
      </trkpt>
      <trkpt lat="37.782902" lon="-122.42830099999999">
      </trkpt>
      <trkpt lat="37.782938" lon="-122.428021">
      </trkpt>
      <trkpt lat="37.782948" lon="-122.42793999999999">
      </trkpt>
      <trkpt lat="37.782975" lon="-122.427729">
      </trkpt>
      <trkpt lat="37.782976999999995" lon="-122.42771599999999">
      </trkpt>
      <trkpt lat="37.782990999999996" lon="-122.4276">
      </trkpt>
      <trkpt lat="37.782922" lon="-122.42758599999999">
      </trkpt>
      <trkpt lat="37.782897999999996" lon="-122.42758099999999">
      </trkpt>
      <trkpt lat="37.782565" lon="-122.42751399999999">
      </trkpt>
      <trkpt lat="37.782544" lon="-122.427511">
      </trkpt>
      <trkpt lat="37.782457" lon="-122.427493">
      </trkpt>
      <trkpt lat="37.782140999999996" lon="-122.42742799999999">
      </trkpt>
      <trkpt lat="37.782061999999996" lon="-122.427413">
      </trkpt>
      <trkpt lat="37.782072" lon="-122.42733">
      </trkpt>
      <trkpt lat="37.782078999999996" lon="-122.427279">
      </trkpt>
      <trkpt lat="37.782087" lon="-122.427211">
      </trkpt>
      <trkpt lat="37.782098" lon="-122.427123">
      </trkpt>
      <trkpt lat="37.782250999999995" lon="-122.425922">
      </trkpt>
      <trkpt lat="37.78227" lon="-122.42576799999999">
      </trkpt>
      <trkpt lat="37.782284" lon="-122.425665">
      </trkpt>
      <trkpt lat="37.782343999999995" lon="-122.42519999999999">
      </trkpt>
      <trkpt lat="37.78235" lon="-122.42514999999999">
      </trkpt>
      <trkpt lat="37.782439" lon="-122.424461">
      </trkpt>
      <trkpt lat="37.782447" lon="-122.424399">
      </trkpt>
      <trkpt lat="37.782453" lon="-122.424346">
      </trkpt>
      <trkpt lat="37.782464999999995" lon="-122.424246">
      </trkpt>
      <trkpt lat="37.782478999999995" lon="-122.42412499999999">
      </trkpt>
      <trkpt lat="37.782410999999996" lon="-122.424111">
      </trkpt>
      <trkpt lat="37.781625" lon="-122.42394999999999">
      </trkpt>
      <trkpt lat="37.781546999999996" lon="-122.423935">
      </trkpt>
      <trkpt lat="37.781532999999996" lon="-122.42404599999999">
      </trkpt>
      <trkpt lat="37.781346" lon="-122.425522">
      </trkpt>
      <trkpt lat="37.78134" lon="-122.42557">
      </trkpt>
      <trkpt lat="37.781222" lon="-122.426504">
      </trkpt>
      <trkpt lat="37.781200999999996" lon="-122.42666799999999">
      </trkpt>
      <trkpt lat="37.781141" lon="-122.427139">
      </trkpt>
      <trkpt lat="37.78113" lon="-122.42722499999999">
      </trkpt>
      <trkpt lat="37.781073" lon="-122.427213">
      </trkpt>
      <trkpt lat="37.780282" lon="-122.427053">
      </trkpt>
      <trkpt lat="37.780196" lon="-122.427037">
      </trkpt>
      <trkpt lat="37.780119" lon="-122.42702299999999">
      </trkpt>
      <trkpt lat="37.779643" lon="-122.426925">
      </trkpt>
      <trkpt lat="37.779626" lon="-122.42692199999999">
      </trkpt>
      <trkpt lat="37.779345" lon="-122.426864">
      </trkpt>
      <trkpt lat="37.779263" lon="-122.42684799999999">
      </trkpt>
      <trkpt lat="37.779283" lon="-122.426694">
      </trkpt>
      <trkpt lat="37.779391" lon="-122.425844">
      </trkpt>
      <trkpt lat="37.779461999999995" lon="-122.425288">
      </trkpt>
      <trkpt lat="37.779474" lon="-122.42519499999999">
      </trkpt>
      <trkpt lat="37.779485" lon="-122.425108">
      </trkpt>
      <trkpt lat="37.779551" lon="-122.424593">
      </trkpt>
      <trkpt lat="37.779457" lon="-122.42456899999999">
      </trkpt>
      <trkpt lat="37.779202999999995" lon="-122.424517">
      </trkpt>
      <trkpt lat="37.779166" lon="-122.424549">
      </trkpt>
      <trkpt lat="37.778991" lon="-122.424515">
      </trkpt>
      <trkpt lat="37.779166" lon="-122.424549">
      </trkpt>
      <trkpt lat="37.779202999999995" lon="-122.424517">
      </trkpt>
      <trkpt lat="37.779457" lon="-122.42456899999999">
      </trkpt>
      <trkpt lat="37.779551" lon="-122.424593">
      </trkpt>
      <trkpt lat="37.779617" lon="-122.42406199999999">
      </trkpt>
      <trkpt lat="37.779635999999996" lon="-122.423926">
      </trkpt>
      <trkpt lat="37.779657" lon="-122.423768">
      </trkpt>
      <trkpt lat="37.779669999999996" lon="-122.42366899999999">
      </trkpt>
      <trkpt lat="37.779683999999996" lon="-122.423563">
      </trkpt>
      <trkpt lat="37.779610999999996" lon="-122.423548">
      </trkpt>
      <trkpt lat="37.779216" lon="-122.42346699999999">
      </trkpt>
      <trkpt lat="37.778836999999996" lon="-122.42339">
      </trkpt>
      <trkpt lat="37.778748" lon="-122.42337099999999">
      </trkpt>
      <trkpt lat="37.778681" lon="-122.423358">
      </trkpt>
      <trkpt lat="37.778148" lon="-122.423249">
      </trkpt>
      <trkpt lat="37.777906" lon="-122.423199">
      </trkpt>
      <trkpt lat="37.777819" lon="-122.423182">
      </trkpt>
      <trkpt lat="37.77776" lon="-122.42317">
      </trkpt>
      <trkpt lat="37.777355" lon="-122.42308999999999">
      </trkpt>
      <trkpt lat="37.776965" lon="-122.42301099999999">
      </trkpt>
      <trkpt lat="37.776889" lon="-122.422997">
      </trkpt>
      <trkpt lat="37.776900999999995" lon="-122.4229">
      </trkpt>
      <trkpt lat="37.776924" lon="-122.422719">
      </trkpt>
      <trkpt lat="37.776900999999995" lon="-122.4229">
      </trkpt>
      <trkpt lat="37.776889" lon="-122.422997">
      </trkpt>
      <trkpt lat="37.776815" lon="-122.42298199999999">
      </trkpt>
      <trkpt lat="37.776422" lon="-122.42290299999999">
      </trkpt>
      <trkpt lat="37.776038" lon="-122.422826">
      </trkpt>
      <trkpt lat="37.775957999999996" lon="-122.42281">
      </trkpt>
      <trkpt lat="37.775887999999995" lon="-122.42279599999999">
      </trkpt>
      <trkpt lat="37.775503" lon="-122.422716">
      </trkpt>
      <trkpt lat="37.775110999999995" lon="-122.422636">
      </trkpt>
      <trkpt lat="37.775023" lon="-122.42261699999999">
      </trkpt>
      <trkpt lat="37.774947999999995" lon="-122.422602">
      </trkpt>
      <trkpt lat="37.774561999999996" lon="-122.422523">
      </trkpt>
      <trkpt lat="37.774573" lon="-122.422438">
      </trkpt>
      <trkpt lat="37.774756" lon="-122.42100599999999">
      </trkpt>
      <trkpt lat="37.77476" lon="-122.420974">
      </trkpt>
      <trkpt lat="37.774772" lon="-122.420881">
      </trkpt>
      <trkpt lat="37.774813" lon="-122.42088899999999">
      </trkpt>
      <trkpt lat="37.774884" lon="-122.420904">
      </trkpt>
      <trkpt lat="37.775157" lon="-122.420959">
      </trkpt>
      <trkpt lat="37.775233" lon="-122.420974">
      </trkpt>
      <trkpt lat="37.775404" lon="-122.421009">
      </trkpt>
      <trkpt lat="37.775556" lon="-122.42103999999999">
      </trkpt>
      <trkpt lat="37.775695999999996" lon="-122.42106899999999">
      </trkpt>
      <trkpt lat="37.776084999999995" lon="-122.421149">
      </trkpt>
      <trkpt lat="37.776167" lon="-122.42116499999999">
      </trkpt>
      <trkpt lat="37.776181" lon="-122.421056">
      </trkpt>
      <trkpt lat="37.776351999999996" lon="-122.419716">
      </trkpt>
      <trkpt lat="37.776362999999996" lon="-122.419629">
      </trkpt>
      <trkpt lat="37.776281" lon="-122.419612">
      </trkpt>
      <trkpt lat="37.775892999999996" lon="-122.419533">
      </trkpt>
      <trkpt lat="37.775756" lon="-122.41949799999999">
      </trkpt>
      <trkpt lat="37.775427" lon="-122.41942999999999">
      </trkpt>
      <trkpt lat="37.775329" lon="-122.41940699999999">
      </trkpt>
      <trkpt lat="37.775268" lon="-122.419394">
      </trkpt>
      <trkpt lat="37.775174" lon="-122.41937399999999">
      </trkpt>
      <trkpt lat="37.775113" lon="-122.41936">
      </trkpt>
      <trkpt lat="37.775093" lon="-122.419355">
      </trkpt>
      <trkpt lat="37.775067" lon="-122.41935">
      </trkpt>
      <trkpt lat="37.775026" lon="-122.41933999999999">
      </trkpt>
      <trkpt lat="37.774949" lon="-122.41932299999999">
      </trkpt>
      <trkpt lat="37.774643" lon="-122.419242">
      </trkpt>
      <trkpt lat="37.773517999999996" lon="-122.41889099999999">
      </trkpt>
      <trkpt lat="37.773167" lon="-122.418776">
      </trkpt>
      <trkpt lat="37.773055" lon="-122.418725">
      </trkpt>
      <trkpt lat="37.773097" lon="-122.418836">
      </trkpt>
      <trkpt lat="37.773078" lon="-122.418864">
      </trkpt>
      <trkpt lat="37.772765" lon="-122.419259">
      </trkpt>
      <trkpt lat="37.772734" lon="-122.419253">
      </trkpt>
      <trkpt lat="37.772647" lon="-122.419237">
      </trkpt>
      <trkpt lat="37.772424" lon="-122.41951999999999">
      </trkpt>
      <trkpt lat="37.772285" lon="-122.41970099999999">
      </trkpt>
      <trkpt lat="37.772373" lon="-122.41980299999999">
      </trkpt>
      <trkpt lat="37.772876" lon="-122.42042">
      </trkpt>
      <trkpt lat="37.772967" lon="-122.420538">
      </trkpt>
      <trkpt lat="37.773171999999995" lon="-122.42080299999999">
      </trkpt>
      <trkpt lat="37.773206" lon="-122.420841">
      </trkpt>
      <trkpt lat="37.773461999999995" lon="-122.42116399999999">
      </trkpt>
      <trkpt lat="37.773528" lon="-122.42123799999999">
      </trkpt>
      <trkpt lat="37.773533" lon="-122.42124299999999">
      </trkpt>
      <trkpt lat="37.773936" lon="-122.420723">
      </trkpt>
      <trkpt lat="37.773998999999996" lon="-122.420644">
      </trkpt>
      <trkpt lat="37.774108999999996" lon="-122.42050499999999">
      </trkpt>
      <trkpt lat="37.774339" lon="-122.420238">
      </trkpt>
      <trkpt lat="37.774266" lon="-122.420147">
      </trkpt>
      <trkpt lat="37.773904" lon="-122.41968999999999">
      </trkpt>
      <trkpt lat="37.773892" lon="-122.419676">
      </trkpt>
      <trkpt lat="37.773533" lon="-122.41922">
      </trkpt>
      <trkpt lat="37.773503" lon="-122.419106">
      </trkpt>
      <trkpt lat="37.773502" lon="-122.418971">
      </trkpt>
      <trkpt lat="37.773517999999996" lon="-122.41889099999999">
      </trkpt>
      <trkpt lat="37.773167" lon="-122.418776">
      </trkpt>
      <trkpt lat="37.773055" lon="-122.418725">
      </trkpt>
      <trkpt lat="37.77283" lon="-122.418627">
      </trkpt>
      <trkpt lat="37.772731" lon="-122.41859699999999">
      </trkpt>
      <trkpt lat="37.772399" lon="-122.418498">
      </trkpt>
      <trkpt lat="37.772238" lon="-122.41844999999999">
      </trkpt>
      <trkpt lat="37.771238" lon="-122.418146">
      </trkpt>
      <trkpt lat="37.771023" lon="-122.41807999999999">
      </trkpt>
      <trkpt lat="37.770900999999995" lon="-122.418033">
      </trkpt>
      <trkpt lat="37.770702" lon="-122.417948">
      </trkpt>
      <trkpt lat="37.7706" lon="-122.41788">
      </trkpt>
      <trkpt lat="37.770567" lon="-122.417851">
      </trkpt>
      <trkpt lat="37.770512" lon="-122.41780299999999">
      </trkpt>
      <trkpt lat="37.770437" lon="-122.417751">
      </trkpt>
      <trkpt lat="37.770385999999995" lon="-122.417729">
      </trkpt>
      <trkpt lat="37.770308" lon="-122.417721">
      </trkpt>
      <trkpt lat="37.770224" lon="-122.417733">
      </trkpt>
      <trkpt lat="37.770204" lon="-122.41773699999999">
      </trkpt>
      <trkpt lat="37.770025" lon="-122.417774">
      </trkpt>
      <trkpt lat="37.769940999999996" lon="-122.417789">
      </trkpt>
      <trkpt lat="37.769864" lon="-122.417802">
      </trkpt>
      <trkpt lat="37.769742" lon="-122.41782099999999">
      </trkpt>
      <trkpt lat="37.769664" lon="-122.417834">
      </trkpt>
      <trkpt lat="37.769580999999995" lon="-122.41784799999999">
      </trkpt>
      <trkpt lat="37.769447" lon="-122.41785999999999">
      </trkpt>
      <trkpt lat="37.769304999999996" lon="-122.41787199999999">
      </trkpt>
      <trkpt lat="37.769178" lon="-122.41788">
      </trkpt>
      <trkpt lat="37.769054" lon="-122.41788299999999">
      </trkpt>
      <trkpt lat="37.768952" lon="-122.417884">
      </trkpt>
      <trkpt lat="37.76885" lon="-122.41788199999999">
      </trkpt>
      <trkpt lat="37.768800999999996" lon="-122.417873">
      </trkpt>
      <trkpt lat="37.768730999999995" lon="-122.417842">
      </trkpt>
      <trkpt lat="37.768618" lon="-122.417835">
      </trkpt>
      <trkpt lat="37.76858" lon="-122.41783199999999">
      </trkpt>
      <trkpt lat="37.76857" lon="-122.41783099999999">
      </trkpt>
      <trkpt lat="37.768494" lon="-122.417825">
      </trkpt>
      <trkpt lat="37.768488" lon="-122.417824">
      </trkpt>
      <trkpt lat="37.768406" lon="-122.417817">
      </trkpt>
      <trkpt lat="37.768414" lon="-122.41769099999999">
      </trkpt>
      <trkpt lat="37.768436" lon="-122.41731999999999">
      </trkpt>
      <trkpt lat="37.768471" lon="-122.41672399999999">
      </trkpt>
      <trkpt lat="37.768476" lon="-122.41663199999999">
      </trkpt>
      <trkpt lat="37.768482999999996" lon="-122.416517">
      </trkpt>
      <trkpt lat="37.768425" lon="-122.416513">
      </trkpt>
      <trkpt lat="37.76842" lon="-122.416513">
      </trkpt>
      <trkpt lat="37.768425" lon="-122.416513">
      </trkpt>
      <trkpt lat="37.768482999999996" lon="-122.416517">
      </trkpt>
      <trkpt lat="37.768495" lon="-122.41631299999999">
      </trkpt>
      <trkpt lat="37.768502" lon="-122.41620599999999">
      </trkpt>
      <trkpt lat="37.76851" lon="-122.416072">
      </trkpt>
      <trkpt lat="37.768522" lon="-122.41586099999999">
      </trkpt>
      <trkpt lat="37.768525" lon="-122.41580499999999">
      </trkpt>
      <trkpt lat="37.768527" lon="-122.415769">
      </trkpt>
      <trkpt lat="37.768539" lon="-122.415633">
      </trkpt>
      <trkpt lat="37.768474" lon="-122.415628">
      </trkpt>
      <trkpt lat="37.768436" lon="-122.41562499999999">
      </trkpt>
      <trkpt lat="37.76835" lon="-122.415616">
      </trkpt>
      <trkpt lat="37.768125" lon="-122.415595">
      </trkpt>
      <trkpt lat="37.767764" lon="-122.41556">
      </trkpt>
      <trkpt lat="37.767019" lon="-122.415489">
      </trkpt>
      <trkpt lat="37.766936" lon="-122.415481">
      </trkpt>
      <trkpt lat="37.766931" lon="-122.41556299999999">
      </trkpt>
      <trkpt lat="37.766928" lon="-122.41560399999999">
      </trkpt>
      <trkpt lat="37.76692" lon="-122.415751">
      </trkpt>
      <trkpt lat="37.766873" lon="-122.416507">
      </trkpt>
      <trkpt lat="37.76687" lon="-122.41657">
      </trkpt>
      <trkpt lat="37.766819999999996" lon="-122.41656499999999">
      </trkpt>
      <trkpt lat="37.76622" lon="-122.41650899999999">
      </trkpt>
      <trkpt lat="37.766096" lon="-122.41649699999999">
      </trkpt>
      <trkpt lat="37.765874" lon="-122.416477">
      </trkpt>
      <trkpt lat="37.765868" lon="-122.41647599999999">
      </trkpt>
      <trkpt lat="37.765553" lon="-122.416446">
      </trkpt>
      <trkpt lat="37.765357" lon="-122.416427">
      </trkpt>
      <trkpt lat="37.765259" lon="-122.416411">
      </trkpt>
      <trkpt lat="37.765167999999996" lon="-122.416393">
      </trkpt>
      <trkpt lat="37.764263" lon="-122.416304">
      </trkpt>
      <trkpt lat="37.764041999999996" lon="-122.416282">
      </trkpt>
      <trkpt lat="37.763723999999996" lon="-122.416254">
      </trkpt>
      <trkpt lat="37.763633999999996" lon="-122.416249">
      </trkpt>
      <trkpt lat="37.763639" lon="-122.416176">
      </trkpt>
      <trkpt lat="37.763647" lon="-122.41604">
      </trkpt>
      <trkpt lat="37.76366" lon="-122.415838">
      </trkpt>
      <trkpt lat="37.763647" lon="-122.41604">
      </trkpt>
      <trkpt lat="37.763639" lon="-122.416176">
      </trkpt>
      <trkpt lat="37.763633999999996" lon="-122.416249">
      </trkpt>
      <trkpt lat="37.763563" lon="-122.416242">
      </trkpt>
      <trkpt lat="37.762121" lon="-122.416106">
      </trkpt>
      <trkpt lat="37.762037" lon="-122.41609899999999">
      </trkpt>
      <trkpt lat="37.761959" lon="-122.416091">
      </trkpt>
      <trkpt lat="37.761618999999996" lon="-122.416062">
      </trkpt>
      <trkpt lat="37.760961" lon="-122.41600299999999">
      </trkpt>
      <trkpt lat="37.760819999999995" lon="-122.41599">
      </trkpt>
      <trkpt lat="37.76078" lon="-122.41598599999999">
      </trkpt>
      <trkpt lat="37.760608" lon="-122.415971">
      </trkpt>
      <trkpt lat="37.760512999999996" lon="-122.415961">
      </trkpt>
      <trkpt lat="37.760439999999996" lon="-122.415956">
      </trkpt>
      <trkpt lat="37.760366" lon="-122.415948">
      </trkpt>
      <trkpt lat="37.760261" lon="-122.415938">
      </trkpt>
      <trkpt lat="37.760044" lon="-122.41591799999999">
      </trkpt>
      <trkpt lat="37.758919999999996" lon="-122.415809">
      </trkpt>
      <trkpt lat="37.75884" lon="-122.415802">
      </trkpt>
      <trkpt lat="37.75877" lon="-122.41579399999999">
      </trkpt>
      <trkpt lat="37.758203" lon="-122.41574">
      </trkpt>
      <trkpt lat="37.757318999999995" lon="-122.415656">
      </trkpt>
      <trkpt lat="37.757238" lon="-122.41564799999999">
      </trkpt>
      <trkpt lat="37.757163999999996" lon="-122.415641">
      </trkpt>
      <trkpt lat="37.755714999999995" lon="-122.415504">
      </trkpt>
      <trkpt lat="37.755641" lon="-122.415498">
      </trkpt>
      <trkpt lat="37.755635" lon="-122.415594">
      </trkpt>
      <trkpt lat="37.755584" lon="-122.41646499999999">
      </trkpt>
      <trkpt lat="37.755576999999995" lon="-122.41658699999999">
      </trkpt>
      <trkpt lat="37.755506" lon="-122.416578">
      </trkpt>
      <trkpt lat="37.755409" lon="-122.416569">
      </trkpt>
      <trkpt lat="37.755288" lon="-122.416558">
      </trkpt>
      <trkpt lat="37.754318" lon="-122.416466">
      </trkpt>
      <trkpt lat="37.754045999999995" lon="-122.41644199999999">
      </trkpt>
      <trkpt lat="37.753977" lon="-122.41643499999999">
      </trkpt>
      <trkpt lat="37.753969999999995" lon="-122.41657">
      </trkpt>
      <trkpt lat="37.753918999999996" lon="-122.417419">
      </trkpt>
      <trkpt lat="37.753918" lon="-122.417436">
      </trkpt>
      <trkpt lat="37.753910999999995" lon="-122.41752799999999">
      </trkpt>
      <trkpt lat="37.753841" lon="-122.41752">
      </trkpt>
      <trkpt lat="37.753824" lon="-122.417519">
      </trkpt>
      <trkpt lat="37.753299999999996" lon="-122.417468">
      </trkpt>
      <trkpt lat="37.752807" lon="-122.41742099999999">
      </trkpt>
      <trkpt lat="37.752756" lon="-122.417417">
      </trkpt>
      <trkpt lat="37.752697999999995" lon="-122.417411">
      </trkpt>
      <trkpt lat="37.752386" lon="-122.41738099999999">
      </trkpt>
      <trkpt lat="37.752309" lon="-122.417374">
      </trkpt>
      <trkpt lat="37.752234" lon="-122.417366">
      </trkpt>
      <trkpt lat="37.75215" lon="-122.41735899999999">
      </trkpt>
      <trkpt lat="37.751709999999996" lon="-122.417316">
      </trkpt>
      <trkpt lat="37.751205999999996" lon="-122.41726799999999">
      </trkpt>
      <trkpt lat="37.750797999999996" lon="-122.41722899999999">
      </trkpt>
      <trkpt lat="37.750780999999996" lon="-122.417228">
      </trkpt>
      <trkpt lat="37.750712" lon="-122.417221">
      </trkpt>
      <trkpt lat="37.750704999999996" lon="-122.417335">
      </trkpt>
      <trkpt lat="37.750704999999996" lon="-122.417341">
      </trkpt>
      <trkpt lat="37.750679999999996" lon="-122.41774799999999">
      </trkpt>
      <trkpt lat="37.750654999999995" lon="-122.41818699999999">
      </trkpt>
      <trkpt lat="37.750645999999996" lon="-122.41831099999999">
      </trkpt>
      <trkpt lat="37.750637" lon="-122.418444">
      </trkpt>
      <trkpt lat="37.750613" lon="-122.418872">
      </trkpt>
      <trkpt lat="37.75033" lon="-122.418848">
      </trkpt>
      <trkpt lat="37.750099999999996" lon="-122.41882799999999">
      </trkpt>
      <trkpt lat="37.749068" lon="-122.41874">
      </trkpt>
      <trkpt lat="37.749002999999995" lon="-122.418735">
      </trkpt>
      <trkpt lat="37.748978" lon="-122.41917799999999">
      </trkpt>
      <trkpt lat="37.748973" lon="-122.41925699999999">
      </trkpt>
      <trkpt lat="37.748968" lon="-122.419332">
      </trkpt>
      <trkpt lat="37.74894" lon="-122.41980099999999">
      </trkpt>
      <trkpt lat="37.748915" lon="-122.420245">
      </trkpt>
      <trkpt lat="37.748908" lon="-122.420366">
      </trkpt>
      <trkpt lat="37.748841" lon="-122.42035999999999">
      </trkpt>
      <trkpt lat="37.748445" lon="-122.420323">
      </trkpt>
      <trkpt lat="37.748244" lon="-122.420304">
      </trkpt>
      <trkpt lat="37.748168" lon="-122.420296">
      </trkpt>
      <trkpt lat="37.748061" lon="-122.42028599999999">
      </trkpt>
      <trkpt lat="37.747994" lon="-122.42027999999999">
      </trkpt>
      <trkpt lat="37.747907999999995" lon="-122.420272">
      </trkpt>
      <trkpt lat="37.747842999999996" lon="-122.420266">
      </trkpt>
      <trkpt lat="37.747613" lon="-122.42024599999999">
      </trkpt>
      <trkpt lat="37.747395" lon="-122.420228">
      </trkpt>
      <trkpt lat="37.746828" lon="-122.42017899999999">
      </trkpt>
      <trkpt lat="37.746683999999995" lon="-122.420164">
      </trkpt>
      <trkpt lat="37.746660999999996" lon="-122.42016199999999">
      </trkpt>
      <trkpt lat="37.746607999999995" lon="-122.420158">
      </trkpt>
      <trkpt lat="37.746549" lon="-122.420153">
      </trkpt>
      <trkpt lat="37.746468" lon="-122.42014599999999">
      </trkpt>
      <trkpt lat="37.746421999999995" lon="-122.420142">
      </trkpt>
      <trkpt lat="37.746359" lon="-122.42012199999999">
      </trkpt>
      <trkpt lat="37.745914" lon="-122.42008299999999">
      </trkpt>
      <trkpt lat="37.745900999999996" lon="-122.420082">
      </trkpt>
      <trkpt lat="37.74583" lon="-122.420075">
      </trkpt>
      <trkpt lat="37.745795" lon="-122.420069">
      </trkpt>
      <trkpt lat="37.745748999999996" lon="-122.42004999999999">
      </trkpt>
      <trkpt lat="37.745708" lon="-122.420019">
      </trkpt>
      <trkpt lat="37.745673" lon="-122.419984">
      </trkpt>
      <trkpt lat="37.745638" lon="-122.419941">
      </trkpt>
      <trkpt lat="37.745602999999996" lon="-122.41989099999999">
      </trkpt>
      <trkpt lat="37.745356" lon="-122.419294">
      </trkpt>
      <trkpt lat="37.745151" lon="-122.418798">
      </trkpt>
      <trkpt lat="37.745183999999995" lon="-122.418776">
      </trkpt>
      <trkpt lat="37.745457" lon="-122.41859799999999">
      </trkpt>
      <trkpt lat="37.74574" lon="-122.418414">
      </trkpt>
      <trkpt lat="37.746065" lon="-122.419203">
      </trkpt>
      <trkpt lat="37.74614" lon="-122.41938599999999">
      </trkpt>
      <trkpt lat="37.746148999999996" lon="-122.41940799999999">
      </trkpt>
      <trkpt lat="37.746187" lon="-122.41951399999999">
      </trkpt>
      <trkpt lat="37.746539999999996" lon="-122.41928499999999">
      </trkpt>
      <trkpt lat="37.746714" lon="-122.419173">
      </trkpt>
      <trkpt lat="37.746781999999996" lon="-122.419129">
      </trkpt>
      <trkpt lat="37.746769" lon="-122.41900199999999">
      </trkpt>
      <trkpt lat="37.746767" lon="-122.418978">
      </trkpt>
      <trkpt lat="37.746748" lon="-122.418781">
      </trkpt>
      <trkpt lat="37.746703" lon="-122.41833299999999">
      </trkpt>
      <trkpt lat="37.746365" lon="-122.418281">
      </trkpt>
      <trkpt lat="37.746142" lon="-122.41824799999999">
      </trkpt>
      <trkpt lat="37.746114999999996" lon="-122.41823699999999">
      </trkpt>
      <trkpt lat="37.746097" lon="-122.418218">
      </trkpt>
      <trkpt lat="37.746083" lon="-122.41819">
      </trkpt>
      <trkpt lat="37.745996999999996" lon="-122.417971">
      </trkpt>
      <trkpt lat="37.745982" lon="-122.417924">
      </trkpt>
      <trkpt lat="37.745971999999995" lon="-122.417884">
      </trkpt>
      <trkpt lat="37.745964" lon="-122.41783699999999">
      </trkpt>
      <trkpt lat="37.745872999999996" lon="-122.417611">
      </trkpt>
      <trkpt lat="37.745723" lon="-122.417237">
      </trkpt>
      <trkpt lat="37.744769999999995" lon="-122.417851">
      </trkpt>
      <trkpt lat="37.744431" lon="-122.418076">
      </trkpt>
      <trkpt lat="37.743685" lon="-122.41856899999999">
      </trkpt>
      <trkpt lat="37.742374999999996" lon="-122.41941899999999">
      </trkpt>
      <trkpt lat="37.742318" lon="-122.419491">
      </trkpt>
      <trkpt lat="37.742084999999996" lon="-122.418914">
      </trkpt>
      <trkpt lat="37.742072" lon="-122.418883">
      </trkpt>
      <trkpt lat="37.742019" lon="-122.41896899999999">
      </trkpt>
      <trkpt lat="37.742005999999996" lon="-122.418977">
      </trkpt>
    </trkseg>
  </trk>
</gpx>